casa,bloco,residuo
Câmara,centro,-0.0267
Câmara,centro,0.1799
Câmara,centro,-0.0254
Câmara,centro,-0.0101
Câmara,centro,0.4502
Câmara,centro,-0.2908
Câmara,centro,-0.0518
Câmara,centro,0.6834
Câmara,centro,0.1761
Câmara,centro,-0.2303
Câmara,centro,8e-04
Câmara,centro,0.2023
Câmara,centro,-0.2845
Câmara,centro,-0.2536
Câmara,centro,0.253
Câmara,centro,0.1558
Câmara,centro,0.5913
Câmara,centro,0.3274
Câmara,centro,-0.2647
Câmara,centro,-0.1071
Câmara,centro,-0.0948
Câmara,centro,-0.0083
Câmara,centro,-0.1112
Câmara,centro,-0.1247
Câmara,centro,-0.1696
Câmara,centro,0.1365
Câmara,centro,0.2121
Câmara,centro,0.6482
Câmara,centro,0.2585
Câmara,centro,0.5465
Câmara,centro,-0.1534
Câmara,centro,-0.1041
Câmara,centro,-0.5134
Câmara,centro,-0.0068
Câmara,centro,-0.0704
Câmara,centro,0.4062
Câmara,centro,-0.2497
Câmara,centro,-0.1384
Câmara,centro,0.238
Câmara,centro,-0.0399
Câmara,centro,-0.3662
Câmara,esquerda,-0.0926
Câmara,esquerda,-0.0653
Câmara,esquerda,-0.0091
Câmara,centro-esquerda,-0.0659
Câmara,centro-esquerda,0.029
Câmara,centro-esquerda,-0.065
Câmara,centro-esquerda,0.028
Câmara,centro-esquerda,-0.3195
Câmara,centro-esquerda,0.199
Câmara,centro-esquerda,0.0971
Câmara,centro-esquerda,0.2405
Câmara,centro-esquerda,-0.1032
Câmara,centro-esquerda,0.1477
Câmara,direita,0.2542
Câmara,direita,-0.0568
Câmara,direita,0.1385
Câmara,direita,-0.0305
Câmara,direita,0.236
Câmara,direita,0.0355
Câmara,direita,0.2152
Câmara,direita,0.1384
Câmara,direita,0.2495
Câmara,direita,-0.2482
Câmara,direita,-0.0618
Câmara,direita,0.0361
Câmara,direita,-0.1405
Câmara,direita,0.0318
Câmara,direita,-0.1087
Câmara,direita,0.1899
Câmara,direita,-0.0216
Câmara,direita,0.0977
Câmara,direita,-0.006
Câmara,direita,0.0869
Câmara,direita,-0.3975
Câmara,direita,0.2101
Câmara,direita,-0.031
Câmara,direita,0.0268
Câmara,direita,-0.3233
Câmara,direita,0.0557
Câmara,direita,-0.3381
Câmara,direita,0.047
Câmara,direita,-0.1472
Câmara,direita,0.1765
Câmara,direita,0.1582
Câmara,direita,-0.1445
Câmara,direita,-0.4186
Câmara,direita,0.1163
Câmara,direita,-0.1787
Câmara,direita,0.1881
Câmara,direita,-0.0049
Câmara,direita,-0.1261
Câmara,direita,0.1678
Câmara,direita,0.1799
Câmara,direita,0.0684
Câmara,direita,0.0406
Câmara,direita,-0.155
Câmara,direita,-0.0092
Câmara,direita,-0.4976
Câmara,direita,0.0817
Câmara,direita,0.2003
Câmara,direita,0.1885
Câmara,direita,-0.1438
Câmara,direita,-0.2237
Câmara,direita,0.175
Câmara,direita,0.0365
Câmara,centro,-0.219
Câmara,centro,-0.2434
Câmara,centro,0.6277
Câmara,centro,0.1939
Câmara,centro,-0.0919
Câmara,centro,-0.1297
Câmara,centro,-0.0872
Câmara,centro,-0.1514
Câmara,centro,0.2652
Câmara,centro,0.758
Câmara,centro,0.1405
Câmara,centro,-0.1299
Câmara,centro,-0.088
Câmara,centro,-0.3492
Câmara,centro,0.2229
Câmara,centro,-0.1257
Câmara,centro,-0.2801
Câmara,centro,0.1391
Câmara,centro,-0.4876
Câmara,centro,0.0853
Câmara,centro,-0.2757
Câmara,centro,0.1772
Câmara,centro,-0.1236
Câmara,centro,-0.1739
Câmara,centro,0.0401
Câmara,centro,0.2217
Câmara,centro,0.3599
Câmara,centro,-0.0939
Câmara,centro,0.1246
Câmara,centro,-0.1823
Câmara,centro,-0.1511
Câmara,centro,0.5574
Câmara,centro,0.0788
Câmara,centro,-0.1442
Câmara,centro,-0.1864
Câmara,centro,0.1226
Câmara,centro,0.1991
Câmara,centro,-0.2403
Câmara,centro,0.4974
Câmara,centro,-0.19
Câmara,centro,-0.047
Câmara,centro,0.1025
Câmara,centro,-0.0798
Câmara,centro,-0.3327
Câmara,centro-esquerda,0.1765
Câmara,centro-esquerda,-0.0417
Câmara,centro-esquerda,-0.0703
Câmara,centro-esquerda,-0.0031
Câmara,centro-esquerda,-0.0595
Câmara,centro-esquerda,0.1189
Câmara,centro-esquerda,-0.2544
Câmara,centro-esquerda,0.0798
Câmara,centro,-0.3781
Câmara,centro,-0.0975
Câmara,centro,0.1052
Câmara,centro,0.087
Câmara,centro,-0.1821
Câmara,centro,-0.079
Câmara,centro,-0.0386
Câmara,centro,-0.006
Câmara,centro,-0.1571
Câmara,centro,-0.2341
Câmara,centro,-0.0348
Câmara,centro,-0.05
Câmara,centro,-0.3286
Câmara,centro,0.0392
Câmara,centro,-0.3871
Câmara,centro,-0.1732
Câmara,centro,0.1982
Câmara,centro,-0.1002
Câmara,centro,-0.0522
Câmara,centro,-0.1612
Câmara,centro,-0.2566
Câmara,centro,0.2802
Câmara,centro,-0.405
Câmara,centro,-0.0426
Câmara,centro,-0.1641
Câmara,centro,-0.3744
Câmara,centro,-0.1554
Câmara,centro,0.1316
Câmara,centro,0.2142
Câmara,centro,0.001
Câmara,centro,0.019
Câmara,centro,-0.0558
Câmara,centro,-0.1516
Câmara,esquerda,0.1126
Câmara,esquerda,0.116
Câmara,esquerda,0.0615
Câmara,esquerda,0.1256
Câmara,esquerda,0.0536
Câmara,esquerda,0.0839
Câmara,esquerda,0.1278
Câmara,esquerda,0.1248
Câmara,esquerda,0.144
Câmara,esquerda,0.0141
Câmara,esquerda,-0.011
Câmara,esquerda,-0.0513
Câmara,esquerda,-0.042
Câmara,esquerda,-0.0886
Câmara,esquerda,-0.0656
Câmara,esquerda,-0.0115
Câmara,esquerda,-0.098
Câmara,esquerda,-0.0342
Câmara,esquerda,0.0065
Câmara,esquerda,0.0056
Câmara,esquerda,-0.0391
Câmara,esquerda,-0.1038
Câmara,esquerda,-0.0351
Câmara,esquerda,-0.0882
Câmara,esquerda,-0.0547
Câmara,esquerda,-0.0622
Câmara,esquerda,-0.0936
Câmara,esquerda,-0.0175
Câmara,esquerda,-0.0482
Câmara,esquerda,0.0027
Câmara,esquerda,-0.1024
Câmara,esquerda,-0.0363
Câmara,esquerda,-0.0283
Câmara,esquerda,-0.0172
Câmara,esquerda,-0.1395
Câmara,esquerda,-0.0275
Câmara,esquerda,0.1287
Câmara,esquerda,-0.1648
Câmara,esquerda,-0.0542
Câmara,esquerda,-0.1238
Câmara,centro,-0.0561
Câmara,esquerda,-0.108
Câmara,esquerda,0.2813
Câmara,esquerda,0.4224
Câmara,esquerda,0.6173
Câmara,esquerda,-0.3343
Câmara,esquerda,-0.1744
Câmara,esquerda,0.0818
Câmara,esquerda,0.2247
Câmara,esquerda,-0.2557
Câmara,esquerda,0.1464
Câmara,centro,-0.0259
Câmara,centro,-0.1559
Câmara,centro,0.0368
Câmara,centro,0.5535
Câmara,centro,-0.0956
Câmara,centro,0.0252
Câmara,centro,-0.2217
Câmara,centro,-0.1493
Câmara,centro,0.0159
Câmara,centro,-0.0647
Câmara,centro,-0.0183
Câmara,centro,0.1945
Câmara,centro,0.5197
Câmara,centro,-0.0928
Câmara,centro,-0.1174
Câmara,centro,0.0777
Câmara,centro,-0.0011
Câmara,centro,-0.0885
Câmara,centro,0.0623
Câmara,centro,-0.0841
Câmara,centro,-0.1148
Câmara,centro,-0.1802
Câmara,centro,-0.0151
Câmara,centro,0.2044
Câmara,centro,-0.2325
Câmara,centro,-0.4048
Câmara,centro,-0.6684
Câmara,centro,-0.0499
Câmara,centro,0.4313
Câmara,centro,0.4287
Câmara,centro,0.0889
Câmara,centro,-0.003
Câmara,centro,0.1399
Câmara,centro,0.1953
Câmara,centro,-0.3635
Câmara,centro,0.5622
Câmara,centro,0.0112
Câmara,centro,0.0696
Câmara,centro,0.2924
Câmara,centro,0.3495
Câmara,centro,0.506
Câmara,centro,-0.1373
Câmara,centro,0.0973
Câmara,centro,0.1889
Câmara,centro,0.245
Câmara,centro,-0.369
Câmara,centro,-0.025
Câmara,centro,-0.0947
Câmara,centro,0.2605
Câmara,centro,-0.095
Câmara,centro,-0.3906
Câmara,centro,0.0432
Câmara,centro,0.4251
Câmara,centro,-0.0552
Câmara,centro,0.0541
Câmara,centro,-0.0801
Câmara,centro,-0.2329
Câmara,centro,0.3328
Câmara,centro,0.055
Câmara,centro,0.1553
Câmara,centro,-0.0833
Câmara,centro,-0.1152
Câmara,centro,-0.0106
Câmara,centro,-0.6032
Câmara,centro,-0.258
Câmara,centro,-0.0369
Câmara,centro,0.2476
Câmara,centro,-0.0286
Câmara,centro,0.1696
Câmara,centro,0.0019
Câmara,centro,-0.0114
Câmara,centro,0.4557
Câmara,centro,-0.286
Câmara,centro,-0.0507
Câmara,centro,0.6973
Câmara,centro,0.1787
Câmara,centro,-0.2247
Câmara,centro,0.0076
Câmara,centro,0.2136
Câmara,centro,-0.273
Câmara,centro,-0.2614
Câmara,centro,0.2372
Câmara,centro,0.1548
Câmara,centro,0.6165
Câmara,centro,0.3425
Câmara,centro,-0.2814
Câmara,centro,-0.0851
Câmara,centro,-0.0799
Câmara,centro,-0.0262
Câmara,centro,-0.1008
Câmara,centro,-0.1581
Câmara,centro,-0.1554
Câmara,centro,0.1205
Câmara,centro,0.1954
Câmara,centro,0.6282
Câmara,centro,0.2535
Câmara,centro,0.5384
Câmara,centro,-0.1687
Câmara,centro,-0.1177
Câmara,centro,-0.522
Câmara,centro,0.0144
Câmara,centro,-0.0768
Câmara,centro,0.4001
Câmara,centro,-0.2623
Câmara,centro,-0.1346
Câmara,centro,0.2084
Câmara,centro,-0.0533
Câmara,centro,-0.3456
Câmara,esquerda,-0.0799
Câmara,esquerda,-0.0563
Câmara,esquerda,0.0046
Câmara,centro-esquerda,-0.0713
Câmara,centro-esquerda,-0.023
Câmara,centro-esquerda,-0.0364
Câmara,centro-esquerda,0.0241
Câmara,centro-esquerda,-0.3009
Câmara,centro-esquerda,0.2003
Câmara,centro-esquerda,0.0747
Câmara,centro-esquerda,0.2299
Câmara,centro-esquerda,-0.1202
Câmara,centro-esquerda,0.151
Câmara,direita,0.2304
Câmara,direita,-0.038
Câmara,direita,0.1475
Câmara,direita,-0.0424
Câmara,direita,0.2397
Câmara,direita,0.003
Câmara,direita,0.2052
Câmara,direita,0.125
Câmara,direita,0.2375
Câmara,direita,-0.233
Câmara,direita,-0.0644
Câmara,direita,0.031
Câmara,direita,-0.1368
Câmara,direita,0.0728
Câmara,direita,-0.1054
Câmara,direita,0.1875
Câmara,direita,-0.0138
Câmara,direita,0.1018
Câmara,direita,-0.0228
Câmara,direita,0.1021
Câmara,direita,-0.3906
Câmara,direita,0.2575
Câmara,direita,-0.0335
Câmara,direita,0.0448
Câmara,direita,-0.3014
Câmara,direita,0.0636
Câmara,direita,-0.3222
Câmara,direita,0.0094
Câmara,direita,-0.1733
Câmara,direita,0.1573
Câmara,direita,0.1304
Câmara,direita,-0.1786
Câmara,direita,-0.4296
Câmara,direita,0.1039
Câmara,direita,-0.1697
Câmara,direita,0.18
Câmara,direita,0.0062
Câmara,direita,-0.1061
Câmara,direita,0.1575
Câmara,direita,0.1592
Câmara,direita,0.1106
Câmara,direita,0.0422
Câmara,direita,-0.1482
Câmara,direita,-0.0067
Câmara,direita,-0.4854
Câmara,direita,0.1017
Câmara,direita,0.1863
Câmara,direita,0.18
Câmara,direita,-0.1621
Câmara,direita,-0.2248
Câmara,direita,0.1802
Câmara,direita,0.0468
Câmara,centro,-0.2098
Câmara,centro,-0.2631
Câmara,centro,0.6227
Câmara,centro,0.173
Câmara,centro,-0.0885
Câmara,centro,-0.152
Câmara,centro,-0.0934
Câmara,centro,-0.1566
Câmara,centro,0.2533
Câmara,centro,0.7694
Câmara,centro,0.1498
Câmara,centro,-0.1046
Câmara,centro,-0.0941
Câmara,centro,-0.3651
Câmara,centro,0.2186
Câmara,centro,-0.126
Câmara,centro,-0.2788
Câmara,centro,0.1562
Câmara,centro,-0.4761
Câmara,centro,0.0683
Câmara,centro,-0.2978
Câmara,centro,0.1698
Câmara,centro,-0.125
Câmara,centro,-0.1696
Câmara,centro,0.0337
Câmara,centro,0.2195
Câmara,centro,0.3101
Câmara,centro,-0.1058
Câmara,centro,0.1379
Câmara,centro,-0.168
Câmara,centro,-0.1429
Câmara,centro,0.5517
Câmara,centro,0.1205
Câmara,centro,-0.1438
Câmara,centro,-0.1833
Câmara,centro,0.1239
Câmara,centro,0.1768
Câmara,centro,-0.2442
Câmara,centro,0.4851
Câmara,centro,-0.1811
Câmara,centro,-0.0401
Câmara,centro,0.1272
Câmara,centro,-0.0892
Câmara,centro,-0.3287
Câmara,centro-esquerda,0.2415
Câmara,centro-esquerda,-0.0457
Câmara,centro-esquerda,-0.1408
Câmara,centro-esquerda,-0.0411
Câmara,centro-esquerda,-0.0554
Câmara,centro-esquerda,0.1267
Câmara,centro-esquerda,-0.2496
Câmara,centro-esquerda,0.0933
Câmara,centro,-0.371
Câmara,centro,-0.102
Câmara,centro,0.0855
Câmara,centro,0.0867
Câmara,centro,-0.1899
Câmara,centro,-0.072
Câmara,centro,-0.0399
Câmara,centro,-0.0184
Câmara,centro,-0.1488
Câmara,centro,-0.2354
Câmara,centro,-0.0403
Câmara,centro,-0.0445
Câmara,centro,-0.3203
Câmara,centro,0.0484
Câmara,centro,-0.3953
Câmara,centro,-0.1522
Câmara,centro,0.2018
Câmara,centro,-0.1023
Câmara,centro,-0.0492
Câmara,centro,-0.1342
Câmara,centro,-0.2545
Câmara,centro,0.2709
Câmara,centro,-0.4261
Câmara,centro,-0.045
Câmara,centro,-0.1557
Câmara,centro,-0.3882
Câmara,centro,-0.1664
Câmara,centro,0.1357
Câmara,centro,0.2456
Câmara,centro,-0.0046
Câmara,centro,0.0336
Câmara,centro,-0.0584
Câmara,centro,-0.1608
Câmara,esquerda,0.1561
Câmara,esquerda,0.0764
Câmara,esquerda,0.0503
Câmara,esquerda,0.1016
Câmara,esquerda,0.046
Câmara,esquerda,0.0932
Câmara,esquerda,0.1551
Câmara,esquerda,0.1321
Câmara,esquerda,0.0957
Câmara,esquerda,0.0051
Câmara,esquerda,-0.0128
Câmara,esquerda,-0.0477
Câmara,esquerda,-0.0642
Câmara,esquerda,-0.1002
Câmara,esquerda,-0.0599
Câmara,esquerda,-0.009
Câmara,esquerda,-0.0923
Câmara,esquerda,-0.0368
Câmara,esquerda,0.0113
Câmara,esquerda,-0.0135
Câmara,esquerda,-0.0526
Câmara,esquerda,-0.1268
Câmara,esquerda,-0.0259
Câmara,esquerda,-0.092
Câmara,esquerda,-0.0362
Câmara,esquerda,-0.0179
Câmara,esquerda,-0.0979
Câmara,esquerda,-0.011
Câmara,esquerda,-0.0411
Câmara,esquerda,3e-04
Câmara,esquerda,-0.0791
Câmara,esquerda,-0.0452
Câmara,esquerda,-0.0508
Câmara,esquerda,-0.0244
Câmara,esquerda,-0.1408
Câmara,esquerda,-0.0174
Câmara,esquerda,0.1231
Câmara,esquerda,-0.182
Câmara,esquerda,-0.0451
Câmara,esquerda,-0.1176
Câmara,centro,-0.0459
Câmara,esquerda,-0.1455
Câmara,esquerda,0.2479
Câmara,esquerda,0.4379
Câmara,esquerda,0.6414
Câmara,esquerda,-0.3593
Câmara,esquerda,-0.1972
Câmara,esquerda,0.0834
Câmara,esquerda,0.206
Câmara,esquerda,-0.2549
Câmara,esquerda,0.1435
Câmara,centro,-0.0185
Câmara,centro,-0.1574
Câmara,centro,0.0444
Câmara,centro,0.5573
Câmara,centro,-0.1073
Câmara,centro,0.0538
Câmara,centro,-0.2071
Câmara,centro,-0.1542
Câmara,centro,0.0449
Câmara,centro,-0.057
Câmara,centro,-0.0135
Câmara,centro,0.2039
Câmara,centro,0.5225
Câmara,centro,-0.1036
Câmara,centro,-0.1338
Câmara,centro,0.0885
Câmara,centro,0.002
Câmara,centro,-0.1131
Câmara,centro,0.0631
Câmara,centro,-0.0573
Câmara,centro,-0.1106
Câmara,centro,-0.1311
Câmara,centro,-0.0418
Câmara,centro,0.1902
Câmara,centro,-0.2518
Câmara,centro,-0.4031
Câmara,centro,-0.6687
Câmara,centro,-0.0543
Câmara,centro,0.4151
Câmara,centro,0.4437
Câmara,centro,0.066
Câmara,centro,-0.0073
Câmara,centro,0.1412
Câmara,centro,0.2168
Câmara,centro,-0.3638
Câmara,centro,0.5661
Câmara,centro,0.0198
Câmara,centro,0.0522
Câmara,centro,0.3103
Câmara,centro,0.3762
Câmara,centro,0.4901
Câmara,centro,-0.1302
Câmara,centro,0.1133
Câmara,centro,0.1745
Câmara,centro,0.2278
Câmara,centro,-0.3621
Câmara,centro,-0.024
Câmara,centro,-0.0898
Câmara,centro,0.279
Câmara,centro,-0.1014
Câmara,centro,-0.4226
Câmara,centro,0.0385
Câmara,centro,0.4325
Câmara,centro,-0.0562
Câmara,centro,0.0429
Câmara,centro,-0.0844
Câmara,centro,-0.2228
Câmara,centro,0.3363
Câmara,centro,0.0461
Câmara,centro,0.1529
Câmara,centro,-0.068
Câmara,centro,-0.129
Câmara,centro,-0.0344
Câmara,centro,-0.6127
Câmara,centro,-0.2679
Câmara,centro,-0.0283
Câmara,centro,0.2485
Câmara,centro,-0.0494
Câmara,centro,0.1961
Câmara,centro,-0.0068
Câmara,centro,-0.0274
Câmara,centro,0.4538
Câmara,centro,-0.2934
Câmara,centro,-0.0527
Câmara,centro,0.6853
Câmara,centro,0.1798
Câmara,centro,-0.2375
Câmara,centro,-9e-04
Câmara,centro,0.1944
Câmara,centro,-0.2959
Câmara,centro,-0.2432
Câmara,centro,0.2503
Câmara,centro,0.1564
Câmara,centro,0.5934
Câmara,centro,0.3283
Câmara,centro,-0.279
Câmara,centro,-0.0975
Câmara,centro,-0.0618
Câmara,centro,-0.005
Câmara,centro,-0.1247
Câmara,centro,-0.1481
Câmara,centro,-0.1535
Câmara,centro,0.142
Câmara,centro,0.2168
Câmara,centro,0.6419
Câmara,centro,0.2451
Câmara,centro,0.5321
Câmara,centro,-0.1665
Câmara,centro,-0.1122
Câmara,centro,-0.5264
Câmara,centro,-0.0066
Câmara,centro,-0.0832
Câmara,centro,0.4248
Câmara,centro,-0.2711
Câmara,centro,-0.1616
Câmara,centro,0.2237
Câmara,centro,-0.0481
Câmara,centro,-0.3613
Câmara,esquerda,-0.1189
Câmara,esquerda,-0.071
Câmara,esquerda,-0.0176
Câmara,centro-esquerda,-0.0713
Câmara,centro-esquerda,-0.0429
Câmara,centro-esquerda,-0.0358
Câmara,centro-esquerda,0.0265
Câmara,centro-esquerda,-0.284
Câmara,centro-esquerda,0.2082
Câmara,centro-esquerda,-0.0222
Câmara,centro-esquerda,0.2438
Câmara,centro-esquerda,-0.1212
Câmara,centro-esquerda,0.146
Câmara,direita,0.263
Câmara,direita,-0.0408
Câmara,direita,0.1172
Câmara,direita,-0.0497
Câmara,direita,0.241
Câmara,direita,0.0211
Câmara,direita,0.2134
Câmara,direita,0.1276
Câmara,direita,0.2498
Câmara,direita,-0.2258
Câmara,direita,-0.0398
Câmara,direita,0.0454
Câmara,direita,-0.1298
Câmara,direita,0.0781
Câmara,direita,-0.0921
Câmara,direita,0.1781
Câmara,direita,-1e-04
Câmara,direita,0.0837
Câmara,direita,-0.0493
Câmara,direita,0.1253
Câmara,direita,-0.3958
Câmara,direita,0.2222
Câmara,direita,-0.0294
Câmara,direita,0.0532
Câmara,direita,-0.3128
Câmara,direita,0.0417
Câmara,direita,-0.3337
Câmara,direita,0.0211
Câmara,direita,-0.1903
Câmara,direita,0.1333
Câmara,direita,0.1366
Câmara,direita,-0.1351
Câmara,direita,-0.4751
Câmara,direita,0.0982
Câmara,direita,-0.1585
Câmara,direita,0.1748
Câmara,direita,-0.0452
Câmara,direita,-0.1247
Câmara,direita,0.1752
Câmara,direita,0.1842
Câmara,direita,0.0945
Câmara,direita,0.0391
Câmara,direita,-0.1358
Câmara,direita,-0.0221
Câmara,direita,-0.5125
Câmara,direita,0.1163
Câmara,direita,0.2121
Câmara,direita,0.1945
Câmara,direita,-0.1489
Câmara,direita,-0.249
Câmara,direita,0.1783
Câmara,direita,0.0312
Câmara,centro,-0.2277
Câmara,centro,-0.2577
Câmara,centro,0.6315
Câmara,centro,0.1978
Câmara,centro,-0.1056
Câmara,centro,-0.1541
Câmara,centro,-0.0868
Câmara,centro,-0.1637
Câmara,centro,0.2702
Câmara,centro,0.7699
Câmara,centro,0.1556
Câmara,centro,-0.1183
Câmara,centro,-0.0853
Câmara,centro,-0.374
Câmara,centro,0.2235
Câmara,centro,-0.127
Câmara,centro,-0.2965
Câmara,centro,0.1312
Câmara,centro,-0.4753
Câmara,centro,0.0118
Câmara,centro,-0.27
Câmara,centro,0.182
Câmara,centro,-0.1198
Câmara,centro,-0.1569
Câmara,centro,0.0293
Câmara,centro,0.2405
Câmara,centro,0.3311
Câmara,centro,-0.1064
Câmara,centro,0.1209
Câmara,centro,-0.1701
Câmara,centro,-0.1331
Câmara,centro,0.5546
Câmara,centro,0.0917
Câmara,centro,-0.1532
Câmara,centro,-0.1768
Câmara,centro,0.1287
Câmara,centro,0.1812
Câmara,centro,-0.2528
Câmara,centro,0.4884
Câmara,centro,-0.186
Câmara,centro,-0.0633
Câmara,centro,0.1126
Câmara,centro,-0.0987
Câmara,centro,-0.329
Câmara,centro-esquerda,0.1779
Câmara,centro-esquerda,-0.0432
Câmara,centro-esquerda,-0.145
Câmara,centro-esquerda,-0.0454
Câmara,centro-esquerda,-0.0577
Câmara,centro-esquerda,0.1228
Câmara,centro-esquerda,-0.2525
Câmara,centro-esquerda,0.0877
Câmara,centro,-0.3931
Câmara,centro,-0.0992
Câmara,centro,0.0886
Câmara,centro,0.0989
Câmara,centro,-0.1665
Câmara,centro,-0.0809
Câmara,centro,-0.0308
Câmara,centro,-0.0029
Câmara,centro,-0.1612
Câmara,centro,-0.2348
Câmara,centro,-0.0224
Câmara,centro,-0.0592
Câmara,centro,-0.334
Câmara,centro,0.0605
Câmara,centro,-0.4003
Câmara,centro,-0.143
Câmara,centro,0.2065
Câmara,centro,-0.1045
Câmara,centro,-0.0402
Câmara,centro,-0.1608
Câmara,centro,-0.2528
Câmara,centro,0.2712
Câmara,centro,-0.4107
Câmara,centro,-0.0334
Câmara,centro,-0.1592
Câmara,centro,-0.3714
Câmara,centro,-0.158
Câmara,centro,0.1346
Câmara,centro,0.2322
Câmara,centro,0.0021
Câmara,centro,0.0208
Câmara,centro,-0.051
Câmara,centro,-0.1529
Câmara,esquerda,0.0958
Câmara,esquerda,0.097
Câmara,esquerda,0.0351
Câmara,esquerda,0.0806
Câmara,esquerda,0.043
Câmara,esquerda,0.1049
Câmara,esquerda,0.1178
Câmara,esquerda,0.087
Câmara,esquerda,0.1139
Câmara,esquerda,0.0121
Câmara,esquerda,-0.0258
Câmara,esquerda,-0.0558
Câmara,esquerda,-0.0513
Câmara,esquerda,-0.0978
Câmara,esquerda,-0.0397
Câmara,esquerda,-0.0227
Câmara,esquerda,-0.1009
Câmara,esquerda,-0.0272
Câmara,esquerda,-0.0017
Câmara,esquerda,0.0135
Câmara,esquerda,-0.0569
Câmara,esquerda,-0.1088
Câmara,esquerda,-0.0345
Câmara,esquerda,-0.0887
Câmara,esquerda,-0.0648
Câmara,esquerda,-0.0314
Câmara,esquerda,-0.0872
Câmara,esquerda,-0.0085
Câmara,esquerda,-0.0499
Câmara,esquerda,0.0102
Câmara,esquerda,-0.0391
Câmara,esquerda,-0.0409
Câmara,esquerda,-0.044
Câmara,esquerda,0.0027
Câmara,esquerda,-0.1269
Câmara,esquerda,-0.0257
Câmara,esquerda,0.1332
Câmara,esquerda,-0.1597
Câmara,esquerda,-0.0534
Câmara,esquerda,-0.1097
Câmara,centro,-0.0785
Câmara,esquerda,-0.1637
Câmara,esquerda,0.2618
Câmara,esquerda,0.4187
Câmara,esquerda,0.6659
Câmara,esquerda,-0.3566
Câmara,esquerda,-0.2067
Câmara,esquerda,0.0764
Câmara,esquerda,0.1899
Câmara,esquerda,-0.2481
Câmara,esquerda,0.1623
Câmara,centro,-0.0208
Câmara,centro,-0.1604
Câmara,centro,0.0207
Câmara,centro,0.5656
Câmara,centro,-0.1034
Câmara,centro,0.0346
Câmara,centro,-0.2058
Câmara,centro,-0.1456
Câmara,centro,0.0289
Câmara,centro,-0.0822
Câmara,centro,-0.0241
Câmara,centro,0.2003
Câmara,centro,0.5322
Câmara,centro,-0.1088
Câmara,centro,-0.123
Câmara,centro,0.0967
Câmara,centro,0.0021
Câmara,centro,-0.095
Câmara,centro,0.091
Câmara,centro,-0.0614
Câmara,centro,-0.1158
Câmara,centro,-0.1303
Câmara,centro,-0.0259
Câmara,centro,0.1965
Câmara,centro,-0.242
Câmara,centro,-0.4176
Câmara,centro,-0.6732
Câmara,centro,-0.0614
Câmara,centro,0.4202
Câmara,centro,0.4272
Câmara,centro,0.0517
Câmara,centro,-0.0134
Câmara,centro,0.1115
Câmara,centro,0.2181
Câmara,centro,-0.3508
Câmara,centro,0.5773
Câmara,centro,0.019
Câmara,centro,0.0693
Câmara,centro,0.2772
Câmara,centro,0.3773
Câmara,centro,0.5063
Câmara,centro,-0.1214
Câmara,centro,0.0838
Câmara,centro,0.174
Câmara,centro,0.2304
Câmara,centro,-0.401
Câmara,centro,-0.0349
Câmara,centro,-0.0784
Câmara,centro,0.2598
Câmara,centro,-0.1026
Câmara,centro,-0.3811
Câmara,centro,0.0472
Câmara,centro,0.4184
Câmara,centro,-0.0623
Câmara,centro,0.0645
Câmara,centro,-0.0783
Câmara,centro,-0.2166
Câmara,centro,0.3351
Câmara,centro,0.0495
Câmara,centro,0.174
Câmara,centro,-0.0743
Câmara,centro,-0.1104
Câmara,centro,-0.0122
Câmara,centro,-0.616
Câmara,centro,-0.2722
Câmara,centro,-0.0412
Câmara,centro,0.2319
Câmara,centro,-0.0222
Câmara,centro,0.1812
Câmara,centro,-0.038
Câmara,centro,-0.0399
Câmara,centro,0.4639
Câmara,centro,-0.3101
Câmara,centro,-0.0463
Câmara,centro,0.6788
Câmara,centro,0.2123
Câmara,centro,-0.2269
Câmara,centro,-3e-04
Câmara,centro,0.1966
Câmara,centro,-0.2982
Câmara,centro,-0.2461
Câmara,centro,0.2579
Câmara,centro,0.1549
Câmara,centro,0.6181
Câmara,centro,0.3473
Câmara,centro,-0.2754
Câmara,centro,-0.0848
Câmara,centro,-0.1213
Câmara,centro,-0.0044
Câmara,centro,-0.1088
Câmara,centro,-0.1374
Câmara,centro,-0.1561
Câmara,centro,0.1308
Câmara,centro,0.2043
Câmara,centro,0.6352
Câmara,centro,0.2669
Câmara,centro,0.5392
Câmara,centro,-0.1604
Câmara,centro,-0.1034
Câmara,centro,-0.5055
Câmara,centro,-0.0139
Câmara,centro,-0.0873
Câmara,centro,0.4113
Câmara,centro,-0.2537
Câmara,centro,-0.1753
Câmara,centro,0.2312
Câmara,centro,-0.0176
Câmara,centro,-0.3594
Câmara,esquerda,-0.0897
Câmara,esquerda,-0.0534
Câmara,esquerda,-0.0078
Câmara,centro-esquerda,-0.0477
Câmara,centro-esquerda,-0.0271
Câmara,centro-esquerda,-0.0358
Câmara,centro-esquerda,0.0237
Câmara,centro-esquerda,-0.3101
Câmara,centro-esquerda,0.2049
Câmara,centro-esquerda,0.1383
Câmara,centro-esquerda,0.2589
Câmara,centro-esquerda,-0.0995
Câmara,centro-esquerda,0.1514
Câmara,direita,0.2598
Câmara,direita,-0.0287
Câmara,direita,0.1383
Câmara,direita,-0.0399
Câmara,direita,0.2507
Câmara,direita,0.0203
Câmara,direita,0.218
Câmara,direita,0.1285
Câmara,direita,0.2493
Câmara,direita,-0.2319
Câmara,direita,-0.0467
Câmara,direita,0.0189
Câmara,direita,-0.1244
Câmara,direita,0.0859
Câmara,direita,-0.0963
Câmara,direita,0.2068
Câmara,direita,-0.0106
Câmara,direita,0.0813
Câmara,direita,-0.0533
Câmara,direita,0.1221
Câmara,direita,-0.405
Câmara,direita,0.2228
Câmara,direita,-0.0379
Câmara,direita,0.0602
Câmara,direita,-0.3228
Câmara,direita,0.071
Câmara,direita,-0.3334
Câmara,direita,0.0342
Câmara,direita,-0.1795
Câmara,direita,0.1717
Câmara,direita,0.1144
Câmara,direita,-0.1419
Câmara,direita,-0.4422
Câmara,direita,0.1109
Câmara,direita,-0.1738
Câmara,direita,0.1876
Câmara,direita,0.0232
Câmara,direita,-0.1013
Câmara,direita,0.1425
Câmara,direita,0.18
Câmara,direita,0.0623
Câmara,direita,0.0314
Câmara,direita,-0.151
Câmara,direita,-0.017
Câmara,direita,-0.4865
Câmara,direita,0.1034
Câmara,direita,0.2094
Câmara,direita,0.184
Câmara,direita,-0.1442
Câmara,direita,-0.2196
Câmara,direita,0.1704
Câmara,direita,0.0473
Câmara,centro,-0.2029
Câmara,centro,-0.2562
Câmara,centro,0.6299
Câmara,centro,0.1802
Câmara,centro,-0.0829
Câmara,centro,-0.1442
Câmara,centro,-0.0943
Câmara,centro,-0.1552
Câmara,centro,0.2654
Câmara,centro,0.7678
Câmara,centro,0.1346
Câmara,centro,-0.1094
Câmara,centro,-0.1117
Câmara,centro,-0.3941
Câmara,centro,0.2243
Câmara,centro,-0.1265
Câmara,centro,-0.3162
Câmara,centro,0.1331
Câmara,centro,-0.4795
Câmara,centro,0.1262
Câmara,centro,-0.3132
Câmara,centro,0.1921
Câmara,centro,-0.1243
Câmara,centro,-0.2096
Câmara,centro,0.0122
Câmara,centro,0.1866
Câmara,centro,0.354
Câmara,centro,-0.1141
Câmara,centro,0.1237
Câmara,centro,-0.1758
Câmara,centro,-0.1647
Câmara,centro,0.552
Câmara,centro,0.0828
Câmara,centro,-0.1666
Câmara,centro,-0.1848
Câmara,centro,0.133
Câmara,centro,0.1867
Câmara,centro,-0.2522
Câmara,centro,0.4736
Câmara,centro,-0.2046
Câmara,centro,-0.0391
Câmara,centro,0.1036
Câmara,centro,-0.0918
Câmara,centro,-0.3237
Câmara,centro-esquerda,0.2559
Câmara,centro-esquerda,-0.0317
Câmara,centro-esquerda,-0.1526
Câmara,centro-esquerda,0.0233
Câmara,centro-esquerda,-0.0744
Câmara,centro-esquerda,0.1525
Câmara,centro-esquerda,-0.258
Câmara,centro-esquerda,0.125
Câmara,centro,-0.3769
Câmara,centro,-0.1068
Câmara,centro,0.0894
Câmara,centro,0.0989
Câmara,centro,-0.1622
Câmara,centro,-0.0755
Câmara,centro,-0.0298
Câmara,centro,-0.0071
Câmara,centro,-0.1563
Câmara,centro,-0.2311
Câmara,centro,-0.0227
Câmara,centro,-0.0471
Câmara,centro,-0.3225
Câmara,centro,0.0546
Câmara,centro,-0.367
Câmara,centro,-0.1706
Câmara,centro,0.2033
Câmara,centro,-0.1021
Câmara,centro,-0.0397
Câmara,centro,-0.1484
Câmara,centro,-0.2659
Câmara,centro,0.2713
Câmara,centro,-0.4551
Câmara,centro,-0.0385
Câmara,centro,-0.1538
Câmara,centro,-0.39
Câmara,centro,-0.1548
Câmara,centro,0.1381
Câmara,centro,0.2272
Câmara,centro,-0.0017
Câmara,centro,0.0137
Câmara,centro,-0.0534
Câmara,centro,-0.1548
Câmara,esquerda,0.1269
Câmara,esquerda,0.0916
Câmara,esquerda,0.0283
Câmara,esquerda,0.1453
Câmara,esquerda,0.0275
Câmara,esquerda,0.1306
Câmara,esquerda,0.1175
Câmara,esquerda,0.063
Câmara,esquerda,0.16
Câmara,esquerda,-0.0025
Câmara,esquerda,-0.0267
Câmara,esquerda,-0.058
Câmara,esquerda,-0.0584
Câmara,esquerda,-0.0852
Câmara,esquerda,-0.0263
Câmara,esquerda,-0.0209
Câmara,esquerda,-0.0859
Câmara,esquerda,-0.0415
Câmara,esquerda,-0.0016
Câmara,esquerda,2e-04
Câmara,esquerda,-0.0497
Câmara,esquerda,-0.0776
Câmara,esquerda,-0.0353
Câmara,esquerda,-0.078
Câmara,esquerda,-0.0522
Câmara,esquerda,-0.0554
Câmara,esquerda,-0.0931
Câmara,esquerda,-0.0183
Câmara,esquerda,-0.0454
Câmara,esquerda,-2e-04
Câmara,esquerda,-0.0752
Câmara,esquerda,-0.0677
Câmara,esquerda,-0.017
Câmara,esquerda,-0.0094
Câmara,esquerda,-0.162
Câmara,esquerda,-0.0096
Câmara,esquerda,0.1278
Câmara,esquerda,-0.1738
Câmara,esquerda,-0.0562
Câmara,esquerda,-0.1054
Câmara,centro,-0.0613
Câmara,esquerda,-0.1528
Câmara,esquerda,0.3476
Câmara,esquerda,0.4265
Câmara,esquerda,0.6872
Câmara,esquerda,-0.3279
Câmara,esquerda,-0.2026
Câmara,esquerda,0.0923
Câmara,esquerda,0.2083
Câmara,esquerda,-0.2632
Câmara,esquerda,0.1509
Câmara,centro,-0.0275
Câmara,centro,-0.1571
Câmara,centro,0.0296
Câmara,centro,0.5483
Câmara,centro,-0.1176
Câmara,centro,-0.0077
Câmara,centro,-0.2182
Câmara,centro,-0.1488
Câmara,centro,0.0276
Câmara,centro,-0.0563
Câmara,centro,-0.0155
Câmara,centro,0.1978
Câmara,centro,0.5467
Câmara,centro,-0.0901
Câmara,centro,-0.1341
Câmara,centro,0.0917
Câmara,centro,-0.0046
Câmara,centro,-0.0979
Câmara,centro,0.058
Câmara,centro,-0.0663
Câmara,centro,-0.1109
Câmara,centro,-0.1608
Câmara,centro,-0.0274
Câmara,centro,0.1847
Câmara,centro,-0.242
Câmara,centro,-0.4098
Câmara,centro,-0.6633
Câmara,centro,-0.0636
Câmara,centro,0.4516
Câmara,centro,0.4217
Câmara,centro,0.1017
Câmara,centro,-0.0012
Câmara,centro,0.1325
Câmara,centro,0.2203
Câmara,centro,-0.3596
Câmara,centro,0.5681
Câmara,centro,0.0082
Câmara,centro,0.0545
Câmara,centro,0.2981
Câmara,centro,0.3569
Câmara,centro,0.5147
Câmara,centro,-0.1242
Câmara,centro,0.0944
Câmara,centro,0.175
Câmara,centro,0.2053
Câmara,centro,-0.3407
Câmara,centro,-0.0226
Câmara,centro,-0.0923
Câmara,centro,0.2579
Câmara,centro,-0.0916
Câmara,centro,-0.4256
Câmara,centro,0.042
Câmara,centro,0.4045
Câmara,centro,-0.0568
Câmara,centro,0.0627
Câmara,centro,-0.0771
Câmara,centro,-0.2202
Câmara,centro,0.3282
Câmara,centro,0.0483
Câmara,centro,0.1684
Câmara,centro,-0.0846
Câmara,centro,-0.1204
Câmara,centro,-0.025
Câmara,centro,-0.6282
Câmara,centro,-0.2574
Câmara,centro,-0.0496
Câmara,centro,0.2372
Câmara,centro,-0.0183
Câmara,centro,0.1784
Câmara,centro,-0.0073
Câmara,centro,-0.009
Câmara,centro,0.4602
Câmara,centro,-0.2672
Câmara,centro,-0.0596
Câmara,centro,0.7015
Câmara,centro,0.1734
Câmara,centro,-0.2267
Câmara,centro,0.015
Câmara,centro,0.2006
Câmara,centro,-0.2825
Câmara,centro,-0.2511
Câmara,centro,0.2722
Câmara,centro,0.1589
Câmara,centro,0.5999
Câmara,centro,0.3274
Câmara,centro,-0.257
Câmara,centro,-0.1014
Câmara,centro,-0.0994
Câmara,centro,-0.0112
Câmara,centro,-0.1235
Câmara,centro,-0.1472
Câmara,centro,-0.1564
Câmara,centro,0.1286
Câmara,centro,0.1978
Câmara,centro,0.6401
Câmara,centro,0.2741
Câmara,centro,0.5417
Câmara,centro,-0.1806
Câmara,centro,-0.0931
Câmara,centro,-0.537
Câmara,centro,0.0072
Câmara,centro,-0.0795
Câmara,centro,0.395
Câmara,centro,-0.257
Câmara,centro,-0.154
Câmara,centro,0.2264
Câmara,centro,-0.0534
Câmara,centro,-0.3503
Câmara,esquerda,-0.092
Câmara,esquerda,-0.0557
Câmara,esquerda,-0.0041
Câmara,centro-esquerda,-0.0778
Câmara,centro-esquerda,-0.0268
Câmara,centro-esquerda,-0.0766
Câmara,centro-esquerda,0.0289
Câmara,centro-esquerda,-0.3188
Câmara,centro-esquerda,0.2179
Câmara,centro-esquerda,0.0408
Câmara,centro-esquerda,0.2554
Câmara,centro-esquerda,-0.1047
Câmara,centro-esquerda,0.1785
Câmara,direita,0.256
Câmara,direita,-0.0372
Câmara,direita,0.1091
Câmara,direita,-0.0362
Câmara,direita,0.2369
Câmara,direita,0.0399
Câmara,direita,0.1986
Câmara,direita,0.1232
Câmara,direita,0.2336
Câmara,direita,-0.2325
Câmara,direita,-0.0506
Câmara,direita,0.0386
Câmara,direita,-0.1446
Câmara,direita,0.0594
Câmara,direita,-0.1002
Câmara,direita,0.1623
Câmara,direita,-0.0128
Câmara,direita,0.1099
Câmara,direita,-0.029
Câmara,direita,0.1073
Câmara,direita,-0.3931
Câmara,direita,0.2302
Câmara,direita,-0.021
Câmara,direita,0.0601
Câmara,direita,-0.2957
Câmara,direita,0.0617
Câmara,direita,-0.3122
Câmara,direita,0.0154
Câmara,direita,-0.1659
Câmara,direita,0.1658
Câmara,direita,0.154
Câmara,direita,-0.1547
Câmara,direita,-0.4277
Câmara,direita,0.095
Câmara,direita,-0.1748
Câmara,direita,0.1686
Câmara,direita,0.0262
Câmara,direita,-0.1202
Câmara,direita,0.1645
Câmara,direita,0.1768
Câmara,direita,0.068
Câmara,direita,0.0566
Câmara,direita,-0.1473
Câmara,direita,-0.0049
Câmara,direita,-0.4892
Câmara,direita,0.1041
Câmara,direita,0.1962
Câmara,direita,0.1709
Câmara,direita,-0.1428
Câmara,direita,-0.216
Câmara,direita,0.1575
Câmara,direita,0.0334
Câmara,centro,-0.2221
Câmara,centro,-0.2605
Câmara,centro,0.6461
Câmara,centro,0.1648
Câmara,centro,-0.1032
Câmara,centro,-0.1299
Câmara,centro,-0.0734
Câmara,centro,-0.158
Câmara,centro,0.2503
Câmara,centro,0.7882
Câmara,centro,0.1666
Câmara,centro,-0.1354
Câmara,centro,-0.0957
Câmara,centro,-0.3832
Câmara,centro,0.2281
Câmara,centro,-0.1077
Câmara,centro,-0.2862
Câmara,centro,0.1505
Câmara,centro,-0.4844
Câmara,centro,0.0341
Câmara,centro,-0.2968
Câmara,centro,0.1999
Câmara,centro,-0.1178
Câmara,centro,-0.1383
Câmara,centro,0.0233
Câmara,centro,0.2147
Câmara,centro,0.3261
Câmara,centro,-0.0869
Câmara,centro,0.1283
Câmara,centro,-0.1761
Câmara,centro,-0.1462
Câmara,centro,0.5603
Câmara,centro,0.0809
Câmara,centro,-0.1619
Câmara,centro,-0.1856
Câmara,centro,0.1209
Câmara,centro,0.1742
Câmara,centro,-0.2714
Câmara,centro,0.5091
Câmara,centro,-0.2192
Câmara,centro,-0.0507
Câmara,centro,0.1295
Câmara,centro,-0.0924
Câmara,centro,-0.356
Câmara,centro-esquerda,0.2236
Câmara,centro-esquerda,-0.0589
Câmara,centro-esquerda,-0.1455
Câmara,centro-esquerda,-0.0307
Câmara,centro-esquerda,-0.0556
Câmara,centro-esquerda,0.1486
Câmara,centro-esquerda,-0.261
Câmara,centro-esquerda,0.1339
Câmara,centro,-0.3849
Câmara,centro,-0.0998
Câmara,centro,0.0588
Câmara,centro,0.0911
Câmara,centro,-0.1864
Câmara,centro,-0.0797
Câmara,centro,-0.017
Câmara,centro,7e-04
Câmara,centro,-0.1615
Câmara,centro,-0.2287
Câmara,centro,-0.0482
Câmara,centro,-0.0653
Câmara,centro,-0.3291
Câmara,centro,0.0618
Câmara,centro,-0.4113
Câmara,centro,-0.1572
Câmara,centro,0.2274
Câmara,centro,-0.096
Câmara,centro,-0.0397
Câmara,centro,-0.1512
Câmara,centro,-0.2545
Câmara,centro,0.2648
Câmara,centro,-0.41
Câmara,centro,-0.0392
Câmara,centro,-0.1642
Câmara,centro,-0.3797
Câmara,centro,-0.1643
Câmara,centro,0.124
Câmara,centro,0.2155
Câmara,centro,6e-04
Câmara,centro,0.0223
Câmara,centro,-0.0557
Câmara,centro,-0.1628
Câmara,esquerda,0.0845
Câmara,esquerda,0.1098
Câmara,esquerda,0.0249
Câmara,esquerda,0.0906
Câmara,esquerda,0.0501
Câmara,esquerda,0.0888
Câmara,esquerda,0.1468
Câmara,esquerda,0.0968
Câmara,esquerda,0.12
Câmara,esquerda,0.0032
Câmara,esquerda,-0.0123
Câmara,esquerda,-0.0547
Câmara,esquerda,-0.0421
Câmara,esquerda,-0.0855
Câmara,esquerda,-0.0432
Câmara,esquerda,-0.0089
Câmara,esquerda,-0.0912
Câmara,esquerda,-0.0303
Câmara,esquerda,-0.0081
Câmara,esquerda,-0.0055
Câmara,esquerda,-0.0456
Câmara,esquerda,-0.118
Câmara,esquerda,-0.0278
Câmara,esquerda,-0.086
Câmara,esquerda,-0.0538
Câmara,esquerda,-0.0518
Câmara,esquerda,-0.0889
Câmara,esquerda,-0.0141
Câmara,esquerda,-0.0538
Câmara,esquerda,-0.0134
Câmara,esquerda,-0.0906
Câmara,esquerda,-0.0559
Câmara,esquerda,-0.0482
Câmara,esquerda,-0.0203
Câmara,esquerda,-0.1173
Câmara,esquerda,-0.0027
Câmara,esquerda,0.1193
Câmara,esquerda,-0.1956
Câmara,esquerda,-0.0742
Câmara,esquerda,-0.1094
Câmara,centro,-0.0625
Câmara,esquerda,-0.1714
Câmara,esquerda,0.2874
Câmara,esquerda,0.3732
Câmara,esquerda,0.6693
Câmara,esquerda,-0.3022
Câmara,esquerda,-0.1917
Câmara,esquerda,0.0771
Câmara,esquerda,0.1962
Câmara,esquerda,-0.2513
Câmara,esquerda,0.176
Câmara,centro,-0.0255
Câmara,centro,-0.1531
Câmara,centro,0.0369
Câmara,centro,0.5548
Câmara,centro,-0.0994
Câmara,centro,0.0588
Câmara,centro,-0.206
Câmara,centro,-0.135
Câmara,centro,0.031
Câmara,centro,-0.0709
Câmara,centro,-0.0064
Câmara,centro,0.1994
Câmara,centro,0.5312
Câmara,centro,-0.1015
Câmara,centro,-0.1339
Câmara,centro,0.1048
Câmara,centro,-0.0068
Câmara,centro,-0.1062
Câmara,centro,0.0577
Câmara,centro,-0.0735
Câmara,centro,-0.1138
Câmara,centro,-0.1436
Câmara,centro,-0.0427
Câmara,centro,0.2019
Câmara,centro,-0.2493
Câmara,centro,-0.4219
Câmara,centro,-0.6555
Câmara,centro,-0.0568
Câmara,centro,0.4006
Câmara,centro,0.428
Câmara,centro,0.1035
Câmara,centro,-0.0218
Câmara,centro,0.1515
Câmara,centro,0.2135
Câmara,centro,-0.3646
Câmara,centro,0.5498
Câmara,centro,0.0414
Câmara,centro,0.0756
Câmara,centro,0.3182
Câmara,centro,0.3872
Câmara,centro,0.498
Câmara,centro,-0.1313
Câmara,centro,0.103
Câmara,centro,0.179
Câmara,centro,0.2663
Câmara,centro,-0.3633
Câmara,centro,-0.0242
Câmara,centro,-0.093
Câmara,centro,0.2672
Câmara,centro,-0.1045
Câmara,centro,-0.4857
Câmara,centro,0.0406
Câmara,centro,0.4525
Câmara,centro,-0.0543
Câmara,centro,0.0448
Câmara,centro,-0.0704
Câmara,centro,-0.2334
Câmara,centro,0.3418
Câmara,centro,0.0151
Câmara,centro,0.1583
Câmara,centro,-0.0698
Câmara,centro,-0.1272
Câmara,centro,-0.028
Câmara,centro,-0.6163
Câmara,centro,-0.2614
Câmara,centro,-0.0324
Câmara,centro,0.2327
Câmara,centro,-0.0286
Câmara,centro,0.1657
Câmara,centro,-0.0094
Câmara,centro,-0.0126
Câmara,centro,0.4486
Câmara,centro,-0.3184
Câmara,centro,-0.0433
Câmara,centro,0.7035
Câmara,centro,0.1317
Câmara,centro,-0.2266
Câmara,centro,-0.001
Câmara,centro,0.1935
Câmara,centro,-0.2834
Câmara,centro,-0.2511
Câmara,centro,0.2571
Câmara,centro,0.1523
Câmara,centro,0.6013
Câmara,centro,0.3462
Câmara,centro,-0.276
Câmara,centro,-0.1031
Câmara,centro,-0.0773
Câmara,centro,-0.0161
Câmara,centro,-0.1119
Câmara,centro,-0.1418
Câmara,centro,-0.1617
Câmara,centro,0.1336
Câmara,centro,0.2033
Câmara,centro,0.6526
Câmara,centro,0.2637
Câmara,centro,0.5465
Câmara,centro,-0.1731
Câmara,centro,-0.1146
Câmara,centro,-0.507
Câmara,centro,0.0106
Câmara,centro,-0.0821
Câmara,centro,0.4033
Câmara,centro,-0.2729
Câmara,centro,-0.1519
Câmara,centro,0.2225
Câmara,centro,-0.0549
Câmara,centro,-0.356
Câmara,esquerda,-0.098
Câmara,esquerda,-0.0415
Câmara,esquerda,-3e-04
Câmara,centro-esquerda,-0.0764
Câmara,centro-esquerda,-0.0285
Câmara,centro-esquerda,-0.0368
Câmara,centro-esquerda,0.0503
Câmara,centro-esquerda,-0.302
Câmara,centro-esquerda,0.2134
Câmara,centro-esquerda,0.0225
Câmara,centro-esquerda,0.2445
Câmara,centro-esquerda,-0.1104
Câmara,centro-esquerda,0.1496
Câmara,direita,0.2452
Câmara,direita,-0.031
Câmara,direita,0.1155
Câmara,direita,-0.0763
Câmara,direita,0.2456
Câmara,direita,-0.0344
Câmara,direita,0.2029
Câmara,direita,0.1275
Câmara,direita,0.247
Câmara,direita,-0.261
Câmara,direita,-0.0505
Câmara,direita,0.0662
Câmara,direita,-0.1181
Câmara,direita,0.0843
Câmara,direita,-0.0777
Câmara,direita,0.1767
Câmara,direita,-0.0165
Câmara,direita,0.0978
Câmara,direita,-0.0206
Câmara,direita,0.1088
Câmara,direita,-0.4191
Câmara,direita,0.2102
Câmara,direita,-0.0277
Câmara,direita,0.042
Câmara,direita,-0.3182
Câmara,direita,0.0692
Câmara,direita,-0.3126
Câmara,direita,0.0099
Câmara,direita,-0.1717
Câmara,direita,0.1316
Câmara,direita,0.1307
Câmara,direita,-0.1814
Câmara,direita,-0.4169
Câmara,direita,0.1197
Câmara,direita,-0.1975
Câmara,direita,0.176
Câmara,direita,0.0087
Câmara,direita,-0.1506
Câmara,direita,0.1636
Câmara,direita,0.1651
Câmara,direita,0.0823
Câmara,direita,0.0406
Câmara,direita,-0.162
Câmara,direita,-0.0024
Câmara,direita,-0.4783
Câmara,direita,0.1065
Câmara,direita,0.192
Câmara,direita,0.1826
Câmara,direita,-0.153
Câmara,direita,-0.2232
Câmara,direita,0.1352
Câmara,direita,-0.0065
Câmara,centro,-0.2194
Câmara,centro,-0.2521
Câmara,centro,0.6191
Câmara,centro,0.185
Câmara,centro,-0.0768
Câmara,centro,-0.1409
Câmara,centro,-0.0754
Câmara,centro,-0.156
Câmara,centro,0.2504
Câmara,centro,0.7591
Câmara,centro,0.1443
Câmara,centro,-0.111
Câmara,centro,-0.0818
Câmara,centro,-0.3751
Câmara,centro,0.219
Câmara,centro,-0.1297
Câmara,centro,-0.3018
Câmara,centro,0.1367
Câmara,centro,-0.4807
Câmara,centro,0.0843
Câmara,centro,-0.3113
Câmara,centro,0.1758
Câmara,centro,-0.117
Câmara,centro,-0.1899
Câmara,centro,0.0298
Câmara,centro,0.2292
Câmara,centro,0.37
Câmara,centro,-0.0922
Câmara,centro,0.1201
Câmara,centro,-0.1698
Câmara,centro,-0.1384
Câmara,centro,0.5483
Câmara,centro,0.0797
Câmara,centro,-0.1583
Câmara,centro,-0.1764
Câmara,centro,0.1351
Câmara,centro,0.2004
Câmara,centro,-0.2554
Câmara,centro,0.521
Câmara,centro,-0.1923
Câmara,centro,-0.0574
Câmara,centro,0.1112
Câmara,centro,-0.0895
Câmara,centro,-0.3042
Câmara,centro-esquerda,0.256
Câmara,centro-esquerda,-0.0352
Câmara,centro-esquerda,-0.1453
Câmara,centro-esquerda,-0.0499
Câmara,centro-esquerda,-0.0741
Câmara,centro-esquerda,0.1135
Câmara,centro-esquerda,-0.2581
Câmara,centro-esquerda,0.0805
Câmara,centro,-0.3708
Câmara,centro,-0.104
Câmara,centro,0.0583
Câmara,centro,0.0926
Câmara,centro,-0.1783
Câmara,centro,-0.0801
Câmara,centro,-0.0397
Câmara,centro,-0.0252
Câmara,centro,-0.1452
Câmara,centro,-0.2145
Câmara,centro,-0.0307
Câmara,centro,-0.0228
Câmara,centro,-0.3324
Câmara,centro,0.061
Câmara,centro,-0.4151
Câmara,centro,-0.1609
Câmara,centro,0.1975
Câmara,centro,-0.1009
Câmara,centro,-0.0337
Câmara,centro,-0.1557
Câmara,centro,-0.2385
Câmara,centro,0.2734
Câmara,centro,-0.3983
Câmara,centro,-0.0461
Câmara,centro,-0.1594
Câmara,centro,-0.3694
Câmara,centro,-0.1725
Câmara,centro,0.1231
Câmara,centro,0.2577
Câmara,centro,-5e-04
Câmara,centro,0.0179
Câmara,centro,-0.0589
Câmara,centro,-0.1615
Câmara,esquerda,0.1298
Câmara,esquerda,0.1045
Câmara,esquerda,0.0495
Câmara,esquerda,0.0951
Câmara,esquerda,0.0615
Câmara,esquerda,0.1008
Câmara,esquerda,0.1124
Câmara,esquerda,0.0787
Câmara,esquerda,0.1109
Câmara,esquerda,-0.0128
Câmara,esquerda,-0.021
Câmara,esquerda,-0.0499
Câmara,esquerda,-0.05
Câmara,esquerda,-0.0878
Câmara,esquerda,-0.0327
Câmara,esquerda,-0.0284
Câmara,esquerda,-0.0936
Câmara,esquerda,-0.0445
Câmara,esquerda,0.0095
Câmara,esquerda,-0.0085
Câmara,esquerda,-0.0448
Câmara,esquerda,-0.1002
Câmara,esquerda,-0.0337
Câmara,esquerda,-0.0874
Câmara,esquerda,-0.0567
Câmara,esquerda,-0.045
Câmara,esquerda,-0.0744
Câmara,esquerda,-0.0103
Câmara,esquerda,-0.04
Câmara,esquerda,-0.0069
Câmara,esquerda,-0.0792
Câmara,esquerda,-0.0544
Câmara,esquerda,-0.0535
Câmara,esquerda,-0.019
Câmara,esquerda,-0.1541
Câmara,esquerda,-0.027
Câmara,esquerda,0.1234
Câmara,esquerda,-0.1782
Câmara,esquerda,-0.0524
Câmara,esquerda,-0.1105
Câmara,centro,-0.0643
Câmara,esquerda,-0.0842
Câmara,esquerda,0.2808
Câmara,esquerda,0.3914
Câmara,esquerda,0.6329
Câmara,esquerda,-0.2845
Câmara,esquerda,-0.1862
Câmara,esquerda,0.0762
Câmara,esquerda,0.2008
Câmara,esquerda,-0.215
Câmara,esquerda,0.146
Câmara,centro,-0.0362
Câmara,centro,-0.1517
Câmara,centro,0.0354
Câmara,centro,0.5589
Câmara,centro,-0.0873
Câmara,centro,0.0514
Câmara,centro,-0.1941
Câmara,centro,-0.1603
Câmara,centro,0.0257
Câmara,centro,-0.0627
Câmara,centro,-0.0193
Câmara,centro,0.1938
Câmara,centro,0.5056
Câmara,centro,-0.1212
Câmara,centro,-0.1275
Câmara,centro,0.0901
Câmara,centro,-0.0085
Câmara,centro,-0.1029
Câmara,centro,0.0744
Câmara,centro,-0.029
Câmara,centro,-0.1067
Câmara,centro,-0.1499
Câmara,centro,-0.0365
Câmara,centro,0.2017
Câmara,centro,-0.2467
Câmara,centro,-0.4048
Câmara,centro,-0.6701
Câmara,centro,-0.0584
Câmara,centro,0.4102
Câmara,centro,0.4227
Câmara,centro,0.0639
Câmara,centro,-0.0087
Câmara,centro,0.1612
Câmara,centro,0.198
Câmara,centro,-0.3671
Câmara,centro,0.5747
Câmara,centro,0.0035
Câmara,centro,0.0671
Câmara,centro,0.3476
Câmara,centro,0.4137
Câmara,centro,0.5406
Câmara,centro,-0.1251
Câmara,centro,0.0976
Câmara,centro,0.1816
Câmara,centro,0.2942
Câmara,centro,-0.3932
Câmara,centro,-0.0232
Câmara,centro,-0.0947
Câmara,centro,0.2647
Câmara,centro,-0.1047
Câmara,centro,-0.4757
Câmara,centro,0.0485
Câmara,centro,0.4564
Câmara,centro,-0.0501
Câmara,centro,0.0386
Câmara,centro,-0.0796
Câmara,centro,-0.2216
Câmara,centro,0.3363
Câmara,centro,0.0361
Câmara,centro,0.1636
Câmara,centro,-0.0779
Câmara,centro,-0.1284
Câmara,centro,-0.0267
Câmara,centro,-0.6142
Câmara,centro,-0.2738
Câmara,centro,-0.0255
Câmara,centro,0.2486
Câmara,centro,-0.0298
Câmara,centro,0.1622
Câmara,centro,-0.0068
Câmara,centro,-0.016
Câmara,centro,0.4472
Câmara,centro,-0.2878
Câmara,centro,-0.0537
Câmara,centro,0.6713
Câmara,centro,0.176
Câmara,centro,-0.2359
Câmara,centro,0.0097
Câmara,centro,0.1965
Câmara,centro,-0.2817
Câmara,centro,-0.2465
Câmara,centro,0.2482
Câmara,centro,0.1616
Câmara,centro,0.612
Câmara,centro,0.3552
Câmara,centro,-0.277
Câmara,centro,-0.093
Câmara,centro,-0.0991
Câmara,centro,-0.0134
Câmara,centro,-0.1208
Câmara,centro,-0.1404
Câmara,centro,-0.1676
Câmara,centro,0.1296
Câmara,centro,0.2028
Câmara,centro,0.6372
Câmara,centro,0.2668
Câmara,centro,0.5352
Câmara,centro,-0.1698
Câmara,centro,-0.0932
Câmara,centro,-0.556
Câmara,centro,0.0086
Câmara,centro,-0.0838
Câmara,centro,0.3969
Câmara,centro,-0.2594
Câmara,centro,-0.1496
Câmara,centro,0.2245
Câmara,centro,-0.0317
Câmara,centro,-0.3343
Câmara,esquerda,-0.1128
Câmara,esquerda,-0.0439
Câmara,esquerda,-0.0144
Câmara,centro-esquerda,-0.0927
Câmara,centro-esquerda,-0.0906
Câmara,centro-esquerda,-0.0316
Câmara,centro-esquerda,0.0337
Câmara,centro-esquerda,-0.308
Câmara,centro-esquerda,0.2276
Câmara,centro-esquerda,0.09
Câmara,centro-esquerda,0.2603
Câmara,centro-esquerda,-0.1428
Câmara,centro-esquerda,0.2384
Câmara,direita,0.2351
Câmara,direita,-0.052
Câmara,direita,0.1376
Câmara,direita,-0.0355
Câmara,direita,0.2242
Câmara,direita,4e-04
Câmara,direita,0.1934
Câmara,direita,0.1205
Câmara,direita,0.2523
Câmara,direita,-0.226
Câmara,direita,-0.065
Câmara,direita,0.0333
Câmara,direita,-0.1501
Câmara,direita,0.0615
Câmara,direita,-0.0701
Câmara,direita,0.2142
Câmara,direita,-0.0182
Câmara,direita,0.1017
Câmara,direita,-0.0068
Câmara,direita,0.1019
Câmara,direita,-0.3979
Câmara,direita,0.2066
Câmara,direita,-0.0147
Câmara,direita,0.0266
Câmara,direita,-0.3289
Câmara,direita,0.0606
Câmara,direita,-0.3391
Câmara,direita,0.0351
Câmara,direita,-0.1664
Câmara,direita,0.1583
Câmara,direita,0.1328
Câmara,direita,-0.1628
Câmara,direita,-0.4176
Câmara,direita,0.1357
Câmara,direita,-0.1799
Câmara,direita,0.1628
Câmara,direita,1e-04
Câmara,direita,-0.1068
Câmara,direita,0.1701
Câmara,direita,0.176
Câmara,direita,0.0779
Câmara,direita,0.0394
Câmara,direita,-0.1397
Câmara,direita,-0.0054
Câmara,direita,-0.478
Câmara,direita,0.0982
Câmara,direita,0.2182
Câmara,direita,0.2068
Câmara,direita,-0.1606
Câmara,direita,-0.2284
Câmara,direita,0.1644
Câmara,direita,0.0352
Câmara,centro,-0.208
Câmara,centro,-0.2538
Câmara,centro,0.6258
Câmara,centro,0.1816
Câmara,centro,-0.0897
Câmara,centro,-0.1311
Câmara,centro,-0.0705
Câmara,centro,-0.1626
Câmara,centro,0.3145
Câmara,centro,0.7937
Câmara,centro,0.1324
Câmara,centro,-0.1103
Câmara,centro,-0.0824
Câmara,centro,-0.3609
Câmara,centro,0.2281
Câmara,centro,-0.1301
Câmara,centro,-0.3009
Câmara,centro,0.1445
Câmara,centro,-0.4831
Câmara,centro,0.0196
Câmara,centro,-0.2913
Câmara,centro,0.1728
Câmara,centro,-0.1119
Câmara,centro,-0.1656
Câmara,centro,0.027
Câmara,centro,0.2276
Câmara,centro,0.3508
Câmara,centro,-0.1036
Câmara,centro,0.1244
Câmara,centro,-0.1845
Câmara,centro,-0.1467
Câmara,centro,0.566
Câmara,centro,0.0818
Câmara,centro,-0.1475
Câmara,centro,-0.1708
Câmara,centro,0.1408
Câmara,centro,0.1789
Câmara,centro,-0.2474
Câmara,centro,0.4799
Câmara,centro,-0.1627
Câmara,centro,-0.0475
Câmara,centro,0.1208
Câmara,centro,-0.0853
Câmara,centro,-0.3113
Câmara,centro-esquerda,0.3586
Câmara,centro-esquerda,-0.0242
Câmara,centro-esquerda,-0.1773
Câmara,centro-esquerda,-0.0782
Câmara,centro-esquerda,-0.044
Câmara,centro-esquerda,0.1228
Câmara,centro-esquerda,-0.2597
Câmara,centro-esquerda,0.0799
Câmara,centro,-0.3705
Câmara,centro,-0.1044
Câmara,centro,0.0958
Câmara,centro,0.0823
Câmara,centro,-0.1955
Câmara,centro,-0.0795
Câmara,centro,-0.0312
Câmara,centro,-0.0054
Câmara,centro,-0.1588
Câmara,centro,-0.2275
Câmara,centro,-0.0187
Câmara,centro,-0.051
Câmara,centro,-0.3033
Câmara,centro,0.059
Câmara,centro,-0.4002
Câmara,centro,-0.1529
Câmara,centro,0.1925
Câmara,centro,-0.0848
Câmara,centro,-0.0495
Câmara,centro,-0.1625
Câmara,centro,-0.247
Câmara,centro,0.2743
Câmara,centro,-0.4535
Câmara,centro,-0.0425
Câmara,centro,-0.1531
Câmara,centro,-0.3968
Câmara,centro,-0.1668
Câmara,centro,0.1395
Câmara,centro,0.2298
Câmara,centro,6e-04
Câmara,centro,0.0363
Câmara,centro,-0.0602
Câmara,centro,-0.1439
Câmara,esquerda,0.1269
Câmara,esquerda,0.1042
Câmara,esquerda,0.0251
Câmara,esquerda,0.0868
Câmara,esquerda,0.0189
Câmara,esquerda,0.0873
Câmara,esquerda,0.1169
Câmara,esquerda,0.0972
Câmara,esquerda,0.1001
Câmara,esquerda,0.007
Câmara,esquerda,-0.0064
Câmara,esquerda,-0.0536
Câmara,esquerda,-0.0546
Câmara,esquerda,-0.0929
Câmara,esquerda,-0.0679
Câmara,esquerda,-0.0377
Câmara,esquerda,-0.0804
Câmara,esquerda,-0.0363
Câmara,esquerda,-0.0044
Câmara,esquerda,-9e-04
Câmara,esquerda,-0.0394
Câmara,esquerda,-0.1195
Câmara,esquerda,-0.0282
Câmara,esquerda,-0.0931
Câmara,esquerda,-0.0521
Câmara,esquerda,-0.0307
Câmara,esquerda,-0.1117
Câmara,esquerda,-0.016
Câmara,esquerda,-0.0324
Câmara,esquerda,-0.0119
Câmara,esquerda,-0.0493
Câmara,esquerda,-0.0644
Câmara,esquerda,-0.0532
Câmara,esquerda,-0.0027
Câmara,esquerda,-0.1388
Câmara,esquerda,-0.018
Câmara,esquerda,0.1308
Câmara,esquerda,-0.1833
Câmara,esquerda,-0.0552
Câmara,esquerda,-0.1276
Câmara,centro,-0.0575
Câmara,esquerda,-0.1821
Câmara,esquerda,0.2725
Câmara,esquerda,0.4121
Câmara,esquerda,0.6215
Câmara,esquerda,-0.3397
Câmara,esquerda,-0.1621
Câmara,esquerda,0.0583
Câmara,esquerda,0.2078
Câmara,esquerda,-0.2548
Câmara,esquerda,0.1528
Câmara,centro,-0.0256
Câmara,centro,-0.1505
Câmara,centro,0.0422
Câmara,centro,0.571
Câmara,centro,-0.1232
Câmara,centro,0.0293
Câmara,centro,-0.1995
Câmara,centro,-0.1441
Câmara,centro,0.0373
Câmara,centro,-0.0747
Câmara,centro,-0.0186
Câmara,centro,0.1939
Câmara,centro,0.5269
Câmara,centro,-0.1079
Câmara,centro,-0.1363
Câmara,centro,0.0551
Câmara,centro,-0.0124
Câmara,centro,-0.0926
Câmara,centro,0.0581
Câmara,centro,-0.0807
Câmara,centro,-0.1175
Câmara,centro,-0.1475
Câmara,centro,-0.02
Câmara,centro,0.2108
Câmara,centro,-0.2454
Câmara,centro,-0.4062
Câmara,centro,-0.6613
Câmara,centro,-0.0612
Câmara,centro,0.4153
Câmara,centro,0.425
Câmara,centro,0.0864
Câmara,centro,-0.063
Câmara,centro,0.126
Câmara,centro,0.1982
Câmara,centro,-0.3724
Câmara,centro,0.5681
Câmara,centro,-0.0057
Câmara,centro,0.0611
Câmara,centro,0.3028
Câmara,centro,0.3764
Câmara,centro,0.473
Câmara,centro,-0.1225
Câmara,centro,0.0937
Câmara,centro,0.1907
Câmara,centro,0.2594
Câmara,centro,-0.3897
Câmara,centro,-0.0308
Câmara,centro,-0.0858
Câmara,centro,0.2576
Câmara,centro,-0.085
Câmara,centro,-0.5049
Câmara,centro,0.0614
Câmara,centro,0.4437
Câmara,centro,-0.0584
Câmara,centro,0.025
Câmara,centro,-0.078
Câmara,centro,-0.2128
Câmara,centro,0.3365
Câmara,centro,0.0524
Câmara,centro,0.1644
Câmara,centro,-0.1095
Câmara,centro,-0.1354
Câmara,centro,-0.0168
Câmara,centro,-0.6047
Câmara,centro,-0.2508
Câmara,centro,-0.0388
Câmara,centro,0.2253
Câmara,centro,-0.0247
Câmara,centro,0.1592
Câmara,centro,-0.0217
Câmara,centro,-0.0352
Câmara,centro,0.436
Câmara,centro,-0.2553
Câmara,centro,-0.0406
Câmara,centro,0.6671
Câmara,centro,0.1739
Câmara,centro,-0.233
Câmara,centro,0.0027
Câmara,centro,0.2095
Câmara,centro,-0.2729
Câmara,centro,-0.2597
Câmara,centro,0.2548
Câmara,centro,0.1597
Câmara,centro,0.6304
Câmara,centro,0.3314
Câmara,centro,-0.2773
Câmara,centro,-0.0873
Câmara,centro,-0.0952
Câmara,centro,0.0112
Câmara,centro,-0.1231
Câmara,centro,-0.1483
Câmara,centro,-0.1712
Câmara,centro,0.1292
Câmara,centro,0.2145
Câmara,centro,0.6287
Câmara,centro,0.2543
Câmara,centro,0.5417
Câmara,centro,-0.1642
Câmara,centro,-0.1179
Câmara,centro,-0.5251
Câmara,centro,0.0363
Câmara,centro,-0.0877
Câmara,centro,0.4242
Câmara,centro,-0.2745
Câmara,centro,-0.1746
Câmara,centro,0.2335
Câmara,centro,-0.0436
Câmara,centro,-0.3516
Câmara,esquerda,-0.1127
Câmara,esquerda,-0.0404
Câmara,esquerda,-0.0086
Câmara,centro-esquerda,-0.0777
Câmara,centro-esquerda,-0.0213
Câmara,centro-esquerda,-0.0765
Câmara,centro-esquerda,0.0424
Câmara,centro-esquerda,-0.3187
Câmara,centro-esquerda,0.2071
Câmara,centro-esquerda,0.0948
Câmara,centro-esquerda,0.2393
Câmara,centro-esquerda,-0.0935
Câmara,centro-esquerda,0.1524
Câmara,direita,0.2479
Câmara,direita,-0.047
Câmara,direita,0.1142
Câmara,direita,-0.0477
Câmara,direita,0.2519
Câmara,direita,0.0092
Câmara,direita,0.2146
Câmara,direita,0.1249
Câmara,direita,0.2455
Câmara,direita,-0.2495
Câmara,direita,-0.0544
Câmara,direita,0.063
Câmara,direita,-0.1283
Câmara,direita,0.0728
Câmara,direita,-0.1215
Câmara,direita,0.1716
Câmara,direita,-0.0229
Câmara,direita,0.1097
Câmara,direita,-0.0549
Câmara,direita,0.0988
Câmara,direita,-0.3922
Câmara,direita,0.2244
Câmara,direita,-0.0441
Câmara,direita,0.0563
Câmara,direita,-0.3262
Câmara,direita,0.0595
Câmara,direita,-0.3113
Câmara,direita,0.0557
Câmara,direita,-0.1578
Câmara,direita,0.1533
Câmara,direita,0.115
Câmara,direita,-0.1453
Câmara,direita,-0.4048
Câmara,direita,0.1156
Câmara,direita,-0.1687
Câmara,direita,0.1814
Câmara,direita,0.0093
Câmara,direita,-0.1165
Câmara,direita,0.1804
Câmara,direita,0.1666
Câmara,direita,0.0802
Câmara,direita,0.0334
Câmara,direita,-0.1598
Câmara,direita,9e-04
Câmara,direita,-0.4834
Câmara,direita,0.1108
Câmara,direita,0.1953
Câmara,direita,0.1855
Câmara,direita,-0.1593
Câmara,direita,-0.2217
Câmara,direita,0.1783
Câmara,direita,0.0305
Câmara,centro,-0.2186
Câmara,centro,-0.2502
Câmara,centro,0.6226
Câmara,centro,0.1894
Câmara,centro,-0.065
Câmara,centro,-0.1386
Câmara,centro,-0.0894
Câmara,centro,-0.1711
Câmara,centro,0.2631
Câmara,centro,0.7828
Câmara,centro,0.149
Câmara,centro,-0.1057
Câmara,centro,-0.0709
Câmara,centro,-0.361
Câmara,centro,0.2191
Câmara,centro,-0.1246
Câmara,centro,-0.3013
Câmara,centro,0.147
Câmara,centro,-0.4784
Câmara,centro,0.077
Câmara,centro,-0.3141
Câmara,centro,0.1806
Câmara,centro,-0.1339
Câmara,centro,-0.2005
Câmara,centro,0.0234
Câmara,centro,0.2502
Câmara,centro,0.3589
Câmara,centro,-0.1014
Câmara,centro,0.1288
Câmara,centro,-0.1753
Câmara,centro,-0.1532
Câmara,centro,0.5528
Câmara,centro,0.092
Câmara,centro,-0.1623
Câmara,centro,-0.1774
Câmara,centro,0.1285
Câmara,centro,0.1923
Câmara,centro,-0.2442
Câmara,centro,0.4707
Câmara,centro,-0.186
Câmara,centro,-0.0371
Câmara,centro,0.1211
Câmara,centro,-0.0932
Câmara,centro,-0.3393
Câmara,centro-esquerda,0.2202
Câmara,centro-esquerda,-0.03
Câmara,centro-esquerda,-0.0516
Câmara,centro-esquerda,-0.0187
Câmara,centro-esquerda,-0.0704
Câmara,centro-esquerda,0.1242
Câmara,centro-esquerda,-0.2611
Câmara,centro-esquerda,0.0814
Câmara,centro,-0.3638
Câmara,centro,-0.1087
Câmara,centro,0.0994
Câmara,centro,0.0893
Câmara,centro,-0.1829
Câmara,centro,-0.0704
Câmara,centro,-0.033
Câmara,centro,-0.0086
Câmara,centro,-0.1566
Câmara,centro,-0.2444
Câmara,centro,-0.0483
Câmara,centro,-0.0348
Câmara,centro,-0.3413
Câmara,centro,0.0578
Câmara,centro,-0.3799
Câmara,centro,-0.1546
Câmara,centro,0.205
Câmara,centro,-0.101
Câmara,centro,-0.0385
Câmara,centro,-0.16
Câmara,centro,-0.2556
Câmara,centro,0.2568
Câmara,centro,-0.4256
Câmara,centro,-0.0151
Câmara,centro,-0.1598
Câmara,centro,-0.3892
Câmara,centro,-0.1509
Câmara,centro,0.1272
Câmara,centro,0.2278
Câmara,centro,-0.0071
Câmara,centro,0.0241
Câmara,centro,-0.0542
Câmara,centro,-0.1497
Câmara,esquerda,0.1235
Câmara,esquerda,0.1081
Câmara,esquerda,0.0462
Câmara,esquerda,0.0978
Câmara,esquerda,0.0631
Câmara,esquerda,0.0741
Câmara,esquerda,0.103
Câmara,esquerda,0.0718
Câmara,esquerda,0.1278
Câmara,esquerda,0.0034
Câmara,esquerda,-0.0159
Câmara,esquerda,-0.0503
Câmara,esquerda,-0.0765
Câmara,esquerda,-0.0891
Câmara,esquerda,-0.0711
Câmara,esquerda,-0.0191
Câmara,esquerda,-0.0742
Câmara,esquerda,-0.0378
Câmara,esquerda,0.0058
Câmara,esquerda,-0.0047
Câmara,esquerda,-0.0507
Câmara,esquerda,-0.1261
Câmara,esquerda,-0.0327
Câmara,esquerda,-0.0801
Câmara,esquerda,-0.0511
Câmara,esquerda,-0.0443
Câmara,esquerda,-0.0934
Câmara,esquerda,-0.0123
Câmara,esquerda,-0.0497
Câmara,esquerda,0.0022
Câmara,esquerda,-0.0883
Câmara,esquerda,-0.0618
Câmara,esquerda,-0.0562
Câmara,esquerda,-0.0159
Câmara,esquerda,-0.1513
Câmara,esquerda,-0.0146
Câmara,esquerda,0.1184
Câmara,esquerda,-0.1959
Câmara,esquerda,-0.0429
Câmara,esquerda,-0.1126
Câmara,centro,-0.054
Câmara,esquerda,-0.1829
Câmara,esquerda,0.2789
Câmara,esquerda,0.4469
Câmara,esquerda,0.6306
Câmara,esquerda,-0.335
Câmara,esquerda,-0.1588
Câmara,esquerda,0.0778
Câmara,esquerda,0.2099
Câmara,esquerda,-0.2503
Câmara,esquerda,0.1473
Câmara,centro,-0.0273
Câmara,centro,-0.1537
Câmara,centro,0.0311
Câmara,centro,0.5724
Câmara,centro,-0.0944
Câmara,centro,0.0417
Câmara,centro,-0.2212
Câmara,centro,-0.1468
Câmara,centro,0.0277
Câmara,centro,-0.0489
Câmara,centro,-0.0152
Câmara,centro,0.2018
Câmara,centro,0.5147
Câmara,centro,-0.1161
Câmara,centro,-0.1153
Câmara,centro,0.0914
Câmara,centro,-0.0136
Câmara,centro,-0.1001
Câmara,centro,0.0913
Câmara,centro,-0.0566
Câmara,centro,-0.1171
Câmara,centro,-0.1547
Câmara,centro,-0.0218
Câmara,centro,0.2096
Câmara,centro,-0.247
Câmara,centro,-0.4114
Câmara,centro,-0.6699
Câmara,centro,-0.0556
Câmara,centro,0.4141
Câmara,centro,0.4213
Câmara,centro,0.0711
Câmara,centro,-0.01
Câmara,centro,0.1431
Câmara,centro,0.1845
Câmara,centro,-0.3658
Câmara,centro,0.5952
Câmara,centro,0.0088
Câmara,centro,0.071
Câmara,centro,0.2796
Câmara,centro,0.3985
Câmara,centro,0.4844
Câmara,centro,-0.1261
Câmara,centro,0.0951
Câmara,centro,0.1718
Câmara,centro,0.2355
Câmara,centro,-0.405
Câmara,centro,-0.0065
Câmara,centro,-0.0752
Câmara,centro,0.2666
Câmara,centro,-0.0943
Câmara,centro,-0.4451
Câmara,centro,0.0307
Câmara,centro,0.4209
Câmara,centro,-0.0438
Câmara,centro,0.0454
Câmara,centro,-0.0776
Câmara,centro,-0.2285
Câmara,centro,0.3137
Câmara,centro,0.0228
Câmara,centro,0.1699
Câmara,centro,-0.0811
Câmara,centro,-0.1231
Câmara,centro,-0.0179
Câmara,centro,-0.6142
Câmara,centro,-0.2593
Câmara,centro,-0.0357
Câmara,centro,0.2373
Câmara,centro,-0.0357
Câmara,centro,0.1653
Câmara,centro,-0.0224
Câmara,centro,-0.0145
Câmara,centro,0.4731
Câmara,centro,-0.317
Câmara,centro,-0.062
Câmara,centro,0.6718
Câmara,centro,0.2234
Câmara,centro,-0.2343
Câmara,centro,-0.0029
Câmara,centro,0.2115
Câmara,centro,-0.2803
Câmara,centro,-0.2559
Câmara,centro,0.2501
Câmara,centro,0.1604
Câmara,centro,0.6078
Câmara,centro,0.3627
Câmara,centro,-0.2743
Câmara,centro,-0.0929
Câmara,centro,-0.0887
Câmara,centro,-0.0225
Câmara,centro,-0.1206
Câmara,centro,-0.1515
Câmara,centro,-0.1614
Câmara,centro,0.1283
Câmara,centro,0.2285
Câmara,centro,0.6356
Câmara,centro,0.2657
Câmara,centro,0.5481
Câmara,centro,-0.1698
Câmara,centro,-0.115
Câmara,centro,-0.5004
Câmara,centro,0.0249
Câmara,centro,-0.0828
Câmara,centro,0.3917
Câmara,centro,-0.2595
Câmara,centro,-0.1009
Câmara,centro,0.2271
Câmara,centro,-0.0535
Câmara,centro,-0.3562
Câmara,esquerda,-0.0445
Câmara,esquerda,-0.0575
Câmara,esquerda,-0.0126
Câmara,centro-esquerda,-0.0769
Câmara,centro-esquerda,-0.0275
Câmara,centro-esquerda,-0.0373
Câmara,centro-esquerda,0.002
Câmara,centro-esquerda,-0.3076
Câmara,centro-esquerda,0.2084
Câmara,centro-esquerda,0.0972
Câmara,centro-esquerda,0.2258
Câmara,centro-esquerda,-0.1058
Câmara,centro-esquerda,0.1499
Câmara,direita,0.2347
Câmara,direita,-0.0409
Câmara,direita,0.1066
Câmara,direita,-0.0357
Câmara,direita,0.2331
Câmara,direita,0.0133
Câmara,direita,0.2057
Câmara,direita,0.1165
Câmara,direita,0.2423
Câmara,direita,-0.2327
Câmara,direita,-0.0597
Câmara,direita,0.0255
Câmara,direita,-0.1393
Câmara,direita,0.0386
Câmara,direita,-0.1117
Câmara,direita,0.195
Câmara,direita,-0.0042
Câmara,direita,0.1058
Câmara,direita,-0.0718
Câmara,direita,0.1151
Câmara,direita,-0.3885
Câmara,direita,0.2348
Câmara,direita,-0.0359
Câmara,direita,0.039
Câmara,direita,-0.2997
Câmara,direita,0.0637
Câmara,direita,-0.3045
Câmara,direita,0.043
Câmara,direita,-0.1524
Câmara,direita,0.1797
Câmara,direita,0.1608
Câmara,direita,-0.152
Câmara,direita,-0.445
Câmara,direita,0.1112
Câmara,direita,-0.1715
Câmara,direita,0.1797
Câmara,direita,-0.0052
Câmara,direita,-0.129
Câmara,direita,0.1641
Câmara,direita,0.1823
Câmara,direita,0.0785
Câmara,direita,0.0349
Câmara,direita,-0.1485
Câmara,direita,-0.0156
Câmara,direita,-0.4766
Câmara,direita,0.1136
Câmara,direita,0.1863
Câmara,direita,0.1844
Câmara,direita,-0.1641
Câmara,direita,-0.2259
Câmara,direita,0.1826
Câmara,direita,0.0326
Câmara,centro,-0.213
Câmara,centro,-0.2641
Câmara,centro,0.6471
Câmara,centro,0.1835
Câmara,centro,-0.0872
Câmara,centro,-0.1413
Câmara,centro,-0.0818
Câmara,centro,-0.1659
Câmara,centro,0.2681
Câmara,centro,0.7474
Câmara,centro,0.1723
Câmara,centro,-0.1187
Câmara,centro,-0.0996
Câmara,centro,-0.3692
Câmara,centro,0.2206
Câmara,centro,-0.1256
Câmara,centro,-0.2965
Câmara,centro,0.1524
Câmara,centro,-0.4702
Câmara,centro,0.0806
Câmara,centro,-0.297
Câmara,centro,0.1662
Câmara,centro,-0.1201
Câmara,centro,-0.1596
Câmara,centro,0.0168
Câmara,centro,0.2149
Câmara,centro,0.3819
Câmara,centro,-0.1045
Câmara,centro,0.1245
Câmara,centro,-0.1647
Câmara,centro,-0.1504
Câmara,centro,0.5593
Câmara,centro,0.079
Câmara,centro,-0.1587
Câmara,centro,-0.1866
Câmara,centro,0.1237
Câmara,centro,0.1691
Câmara,centro,-0.2307
Câmara,centro,0.4788
Câmara,centro,-0.205
Câmara,centro,-0.057
Câmara,centro,0.1106
Câmara,centro,-0.0888
Câmara,centro,-0.3317
Câmara,centro-esquerda,0.2487
Câmara,centro-esquerda,-0.0167
Câmara,centro-esquerda,-0.1526
Câmara,centro-esquerda,-0.0298
Câmara,centro-esquerda,-0.0528
Câmara,centro-esquerda,0.127
Câmara,centro-esquerda,-0.2578
Câmara,centro-esquerda,0.0869
Câmara,centro,-0.3625
Câmara,centro,-0.0946
Câmara,centro,0.1017
Câmara,centro,0.0849
Câmara,centro,-0.1868
Câmara,centro,-0.0653
Câmara,centro,-0.0195
Câmara,centro,-0.006
Câmara,centro,-0.1538
Câmara,centro,-0.2188
Câmara,centro,-0.0276
Câmara,centro,-0.0476
Câmara,centro,-0.3299
Câmara,centro,0.0632
Câmara,centro,-0.4029
Câmara,centro,-0.1599
Câmara,centro,0.2196
Câmara,centro,-0.1063
Câmara,centro,-0.0475
Câmara,centro,-0.1572
Câmara,centro,-0.2533
Câmara,centro,0.2625
Câmara,centro,-0.4222
Câmara,centro,-0.0463
Câmara,centro,-0.1591
Câmara,centro,-0.3472
Câmara,centro,-0.1575
Câmara,centro,0.1242
Câmara,centro,0.2289
Câmara,centro,0.0135
Câmara,centro,0.0322
Câmara,centro,-0.058
Câmara,centro,-0.1384
Câmara,esquerda,0.1326
Câmara,esquerda,0.103
Câmara,esquerda,0.0346
Câmara,esquerda,0.1031
Câmara,esquerda,0.0561
Câmara,esquerda,0.0848
Câmara,esquerda,0.1118
Câmara,esquerda,0.0851
Câmara,esquerda,0.0804
Câmara,esquerda,0.0025
Câmara,esquerda,0.0031
Câmara,esquerda,-0.0506
Câmara,esquerda,-0.0427
Câmara,esquerda,-0.0814
Câmara,esquerda,-0.0331
Câmara,esquerda,-0.0256
Câmara,esquerda,-0.0976
Câmara,esquerda,-0.0447
Câmara,esquerda,-0.0104
Câmara,esquerda,-0.0019
Câmara,esquerda,-0.0453
Câmara,esquerda,-0.1054
Câmara,esquerda,-0.0334
Câmara,esquerda,-0.0663
Câmara,esquerda,-0.0606
Câmara,esquerda,-0.055
Câmara,esquerda,-0.0947
Câmara,esquerda,-0.0086
Câmara,esquerda,-0.0409
Câmara,esquerda,-0.0129
Câmara,esquerda,-0.0674
Câmara,esquerda,-0.0641
Câmara,esquerda,-0.0146
Câmara,esquerda,-0.0169
Câmara,esquerda,-0.1552
Câmara,esquerda,-0.0119
Câmara,esquerda,0.125
Câmara,esquerda,-0.1774
Câmara,esquerda,-0.0482
Câmara,esquerda,-0.109
Câmara,centro,-0.0517
Câmara,esquerda,-0.1212
Câmara,esquerda,0.3815
Câmara,esquerda,0.5204
Câmara,esquerda,0.7192
Câmara,esquerda,-0.1535
Câmara,esquerda,-0.1883
Câmara,esquerda,0.0813
Câmara,esquerda,0.212
Câmara,esquerda,-0.1749
Câmara,esquerda,0.1504
Câmara,centro,-0.0226
Câmara,centro,-0.1584
Câmara,centro,0.0406
Câmara,centro,0.5679
Câmara,centro,-0.1017
Câmara,centro,0.0124
Câmara,centro,-0.2164
Câmara,centro,-0.1566
Câmara,centro,0.0274
Câmara,centro,-0.0784
Câmara,centro,-0.0257
Câmara,centro,0.1952
Câmara,centro,0.5144
Câmara,centro,-0.0913
Câmara,centro,-0.1287
Câmara,centro,0.0923
Câmara,centro,-0.0054
Câmara,centro,-0.1243
Câmara,centro,0.07
Câmara,centro,-0.0699
Câmara,centro,-0.1185
Câmara,centro,-0.1569
Câmara,centro,-0.0282
Câmara,centro,0.2123
Câmara,centro,-0.25
Câmara,centro,-0.4147
Câmara,centro,-0.6706
Câmara,centro,-0.063
Câmara,centro,0.4093
Câmara,centro,0.4162
Câmara,centro,0.0703
Câmara,centro,0.0015
Câmara,centro,0.1196
Câmara,centro,0.1728
Câmara,centro,-0.3529
Câmara,centro,0.5879
Câmara,centro,0.0228
Câmara,centro,0.0631
Câmara,centro,0.3053
Câmara,centro,0.3611
Câmara,centro,0.5088
Câmara,centro,-0.1296
Câmara,centro,0.1001
Câmara,centro,0.1744
Câmara,centro,0.2506
Câmara,centro,-0.3567
Câmara,centro,-0.0222
Câmara,centro,-0.0781
Câmara,centro,0.2505
Câmara,centro,-0.1031
Câmara,centro,-0.4804
Câmara,centro,0.037
Câmara,centro,0.4104
Câmara,centro,-0.0599
Câmara,centro,0.0761
Câmara,centro,-0.07
Câmara,centro,-0.228
Câmara,centro,0.3189
Câmara,centro,0.0343
Câmara,centro,0.1647
Câmara,centro,-0.0511
Câmara,centro,-0.1117
Câmara,centro,-0.0228
Câmara,centro,-0.6154
Câmara,centro,-0.2631
Câmara,centro,-0.0133
Câmara,centro,0.2376
Câmara,centro,-0.0125
Câmara,centro,0.1689
Câmara,centro,-0.0293
Câmara,centro,0.0067
Câmara,centro,0.4743
Câmara,centro,-0.3096
Câmara,centro,-0.0641
Câmara,centro,0.6914
Câmara,centro,0.1879
Câmara,centro,-0.2274
Câmara,centro,-0.0083
Câmara,centro,0.2207
Câmara,centro,-0.2998
Câmara,centro,-0.2361
Câmara,centro,0.2511
Câmara,centro,0.1456
Câmara,centro,0.6196
Câmara,centro,0.3472
Câmara,centro,-0.2749
Câmara,centro,-0.1092
Câmara,centro,-0.0951
Câmara,centro,-0.0246
Câmara,centro,-0.1171
Câmara,centro,-0.1401
Câmara,centro,-0.1566
Câmara,centro,0.1449
Câmara,centro,0.2207
Câmara,centro,0.6345
Câmara,centro,0.2501
Câmara,centro,0.5434
Câmara,centro,-0.1559
Câmara,centro,-0.1088
Câmara,centro,-0.5186
Câmara,centro,0.0181
Câmara,centro,-0.087
Câmara,centro,0.4107
Câmara,centro,-0.2765
Câmara,centro,-0.1333
Câmara,centro,0.2291
Câmara,centro,-0.0345
Câmara,centro,-0.3734
Câmara,esquerda,-0.0984
Câmara,esquerda,-0.0685
Câmara,esquerda,0.0082
Câmara,centro-esquerda,-0.0765
Câmara,centro-esquerda,-0.047
Câmara,centro-esquerda,-0.0362
Câmara,centro-esquerda,0.0262
Câmara,centro-esquerda,-0.3128
Câmara,centro-esquerda,0.2085
Câmara,centro-esquerda,0.0945
Câmara,centro-esquerda,0.2477
Câmara,centro-esquerda,-0.1224
Câmara,centro-esquerda,0.1712
Câmara,direita,0.2642
Câmara,direita,-0.0355
Câmara,direita,0.126
Câmara,direita,-0.0447
Câmara,direita,0.2356
Câmara,direita,0.0336
Câmara,direita,0.2065
Câmara,direita,0.1125
Câmara,direita,0.2403
Câmara,direita,-0.2404
Câmara,direita,-0.0308
Câmara,direita,0.0295
Câmara,direita,-0.1401
Câmara,direita,0.0797
Câmara,direita,-0.0989
Câmara,direita,0.168
Câmara,direita,-0.0172
Câmara,direita,0.0946
Câmara,direita,-0.0234
Câmara,direita,0.0971
Câmara,direita,-0.3932
Câmara,direita,0.2296
Câmara,direita,-0.0475
Câmara,direita,0.0504
Câmara,direita,-0.3135
Câmara,direita,0.0619
Câmara,direita,-0.3534
Câmara,direita,0.0045
Câmara,direita,-0.1808
Câmara,direita,0.1556
Câmara,direita,0.1276
Câmara,direita,-0.1326
Câmara,direita,-0.4719
Câmara,direita,0.075
Câmara,direita,-0.176
Câmara,direita,0.1653
Câmara,direita,-0.0131
Câmara,direita,-0.125
Câmara,direita,0.1767
Câmara,direita,0.1894
Câmara,direita,0.0682
Câmara,direita,0.0464
Câmara,direita,-0.1488
Câmara,direita,-0.0103
Câmara,direita,-0.4857
Câmara,direita,0.1077
Câmara,direita,0.2154
Câmara,direita,0.2053
Câmara,direita,-0.1641
Câmara,direita,-0.2234
Câmara,direita,0.1868
Câmara,direita,0.0391
Câmara,centro,-0.2196
Câmara,centro,-0.2539
Câmara,centro,0.6338
Câmara,centro,0.1947
Câmara,centro,-0.1065
Câmara,centro,-0.1567
Câmara,centro,-0.0761
Câmara,centro,-0.1502
Câmara,centro,0.2523
Câmara,centro,0.7808
Câmara,centro,0.1495
Câmara,centro,-0.1217
Câmara,centro,-0.0942
Câmara,centro,-0.3516
Câmara,centro,0.2291
Câmara,centro,-0.1248
Câmara,centro,-0.2862
Câmara,centro,0.1357
Câmara,centro,-0.4879
Câmara,centro,0.1033
Câmara,centro,-0.283
Câmara,centro,0.1754
Câmara,centro,-0.1174
Câmara,centro,-0.1522
Câmara,centro,0.0168
Câmara,centro,0.2293
Câmara,centro,0.3198
Câmara,centro,-0.1051
Câmara,centro,0.1256
Câmara,centro,-0.1718
Câmara,centro,-0.1678
Câmara,centro,0.5608
Câmara,centro,0.0869
Câmara,centro,-0.1568
Câmara,centro,-0.184
Câmara,centro,0.1403
Câmara,centro,0.1585
Câmara,centro,-0.2489
Câmara,centro,0.4915
Câmara,centro,-0.2021
Câmara,centro,-0.0605
Câmara,centro,0.1202
Câmara,centro,-0.0869
Câmara,centro,-0.3156
Câmara,centro-esquerda,0.2528
Câmara,centro-esquerda,-0.0288
Câmara,centro-esquerda,-0.1295
Câmara,centro-esquerda,-0.0288
Câmara,centro-esquerda,-0.0792
Câmara,centro-esquerda,0.1448
Câmara,centro-esquerda,-0.2547
Câmara,centro-esquerda,0.1188
Câmara,centro,-0.3745
Câmara,centro,-0.0864
Câmara,centro,0.1046
Câmara,centro,0.0969
Câmara,centro,-0.1608
Câmara,centro,-0.0826
Câmara,centro,-0.0321
Câmara,centro,-0.0192
Câmara,centro,-0.1402
Câmara,centro,-0.2295
Câmara,centro,-0.0226
Câmara,centro,-0.0426
Câmara,centro,-0.3463
Câmara,centro,0.0524
Câmara,centro,-0.4178
Câmara,centro,-0.1463
Câmara,centro,0.1971
Câmara,centro,-0.0908
Câmara,centro,-0.0358
Câmara,centro,-0.1718
Câmara,centro,-0.2537
Câmara,centro,0.2808
Câmara,centro,-0.4437
Câmara,centro,-0.0432
Câmara,centro,-0.1487
Câmara,centro,-0.3717
Câmara,centro,-0.1526
Câmara,centro,0.1167
Câmara,centro,0.2284
Câmara,centro,0.0082
Câmara,centro,0.0317
Câmara,centro,-0.0434
Câmara,centro,-0.1542
Câmara,esquerda,0.1203
Câmara,esquerda,0.0932
Câmara,esquerda,0.0524
Câmara,esquerda,0.0798
Câmara,esquerda,0.064
Câmara,esquerda,0.0956
Câmara,esquerda,0.1311
Câmara,esquerda,0.0967
Câmara,esquerda,0.1257
Câmara,esquerda,0.0033
Câmara,esquerda,-0.023
Câmara,esquerda,-0.0445
Câmara,esquerda,-0.0356
Câmara,esquerda,-0.0859
Câmara,esquerda,-0.0393
Câmara,esquerda,-0.0265
Câmara,esquerda,-0.0923
Câmara,esquerda,-0.0378
Câmara,esquerda,0.0087
Câmara,esquerda,-0.0096
Câmara,esquerda,-0.0497
Câmara,esquerda,-0.1158
Câmara,esquerda,-0.0291
Câmara,esquerda,-0.0902
Câmara,esquerda,-0.0319
Câmara,esquerda,-0.0437
Câmara,esquerda,-0.0883
Câmara,esquerda,-0.0128
Câmara,esquerda,-0.0523
Câmara,esquerda,-0.0113
Câmara,esquerda,-0.0652
Câmara,esquerda,-0.061
Câmara,esquerda,-0.0468
Câmara,esquerda,-0.0051
Câmara,esquerda,-0.1475
Câmara,esquerda,-0.0041
Câmara,esquerda,0.1292
Câmara,esquerda,-0.1565
Câmara,esquerda,-0.0464
Câmara,esquerda,-0.1201
Câmara,centro,-0.0544
Câmara,esquerda,-0.1579
Câmara,esquerda,0.2718
Câmara,esquerda,0.4182
Câmara,esquerda,0.6616
Câmara,esquerda,-0.334
Câmara,esquerda,-0.2028
Câmara,esquerda,0.1015
Câmara,esquerda,0.2081
Câmara,esquerda,-0.2421
Câmara,esquerda,0.1411
Câmara,centro,-0.0224
Câmara,centro,-0.1549
Câmara,centro,0.0381
Câmara,centro,0.5631
Câmara,centro,-0.1114
Câmara,centro,8e-04
Câmara,centro,-0.2236
Câmara,centro,-0.1302
Câmara,centro,0.0199
Câmara,centro,-0.0612
Câmara,centro,-0.0354
Câmara,centro,0.2034
Câmara,centro,0.4967
Câmara,centro,-0.095
Câmara,centro,-0.1356
Câmara,centro,0.0898
Câmara,centro,-0.0114
Câmara,centro,-0.0958
Câmara,centro,0.0766
Câmara,centro,-0.0723
Câmara,centro,-0.1164
Câmara,centro,-0.1508
Câmara,centro,-0.0351
Câmara,centro,0.2131
Câmara,centro,-0.2535
Câmara,centro,-0.3939
Câmara,centro,-0.6686
Câmara,centro,-0.0703
Câmara,centro,0.4334
Câmara,centro,0.438
Câmara,centro,0.0882
Câmara,centro,-0.0273
Câmara,centro,0.1248
Câmara,centro,0.2161
Câmara,centro,-0.3635
Câmara,centro,0.5861
Câmara,centro,0.0109
Câmara,centro,0.0543
Câmara,centro,0.2889
Câmara,centro,0.3076
Câmara,centro,0.5059
Câmara,centro,-0.1224
Câmara,centro,0.0945
Câmara,centro,0.1833
Câmara,centro,0.2464
Câmara,centro,-0.4086
Câmara,centro,-0.016
Câmara,centro,-0.0973
Câmara,centro,0.2464
Câmara,centro,-0.1045
Câmara,centro,-0.4468
Câmara,centro,0.0338
Câmara,centro,0.4107
Câmara,centro,-0.0546
Câmara,centro,0.0098
Câmara,centro,-0.0851
Câmara,centro,-0.2347
Câmara,centro,0.3452
Câmara,centro,0.0631
Câmara,centro,0.1732
Câmara,centro,-0.0543
Câmara,centro,-0.1193
Câmara,centro,-0.0349
Câmara,centro,-0.5985
Câmara,centro,-0.2504
Câmara,centro,-0.0396
Câmara,centro,0.223
Câmara,centro,-0.0364
Câmara,centro,0.178
Câmara,centro,-0.0366
Câmara,centro,-0.0203
Câmara,centro,0.4694
Câmara,centro,-0.3199
Câmara,centro,-0.0538
Câmara,centro,0.6814
Câmara,centro,0.1606
Câmara,centro,-0.2244
Câmara,centro,0.0162
Câmara,centro,0.1855
Câmara,centro,-0.2715
Câmara,centro,-0.2365
Câmara,centro,0.2697
Câmara,centro,0.159
Câmara,centro,0.558
Câmara,centro,0.3414
Câmara,centro,-0.2701
Câmara,centro,-0.0763
Câmara,centro,-0.1015
Câmara,centro,-0.0311
Câmara,centro,-0.1193
Câmara,centro,-0.1473
Câmara,centro,-0.1601
Câmara,centro,0.1375
Câmara,centro,0.2156
Câmara,centro,0.644
Câmara,centro,0.2708
Câmara,centro,0.5473
Câmara,centro,-0.1823
Câmara,centro,-0.1074
Câmara,centro,-0.5348
Câmara,centro,0.013
Câmara,centro,-0.0818
Câmara,centro,0.4061
Câmara,centro,-0.2367
Câmara,centro,-0.1124
Câmara,centro,0.212
Câmara,centro,-0.0337
Câmara,centro,-0.3471
Câmara,esquerda,-0.1284
Câmara,esquerda,-0.059
Câmara,esquerda,0.0096
Câmara,centro-esquerda,-0.108
Câmara,centro-esquerda,-0.0219
Câmara,centro-esquerda,-0.0319
Câmara,centro-esquerda,0.0249
Câmara,centro-esquerda,-0.3193
Câmara,centro-esquerda,0.2085
Câmara,centro-esquerda,0.1037
Câmara,centro-esquerda,0.2452
Câmara,centro-esquerda,-0.1129
Câmara,centro-esquerda,0.1468
Câmara,direita,0.254
Câmara,direita,-0.0286
Câmara,direita,0.1102
Câmara,direita,-0.0489
Câmara,direita,0.2416
Câmara,direita,0.0168
Câmara,direita,0.1872
Câmara,direita,0.1235
Câmara,direita,0.2459
Câmara,direita,-0.2176
Câmara,direita,-0.0501
Câmara,direita,0.0533
Câmara,direita,-0.0931
Câmara,direita,0.0706
Câmara,direita,-0.0833
Câmara,direita,0.1487
Câmara,direita,-0.0209
Câmara,direita,0.103
Câmara,direita,-0.016
Câmara,direita,0.1081
Câmara,direita,-0.4119
Câmara,direita,0.1985
Câmara,direita,-0.0487
Câmara,direita,0.0471
Câmara,direita,-0.3302
Câmara,direita,0.0707
Câmara,direita,-0.3342
Câmara,direita,0.0104
Câmara,direita,-0.1802
Câmara,direita,0.1606
Câmara,direita,0.135
Câmara,direita,-0.1485
Câmara,direita,-0.4501
Câmara,direita,0.0788
Câmara,direita,-0.1693
Câmara,direita,0.1553
Câmara,direita,0.004
Câmara,direita,-0.116
Câmara,direita,0.1686
Câmara,direita,0.1742
Câmara,direita,0.0866
Câmara,direita,0.0332
Câmara,direita,-0.142
Câmara,direita,-0.0061
Câmara,direita,-0.488
Câmara,direita,0.112
Câmara,direita,0.1753
Câmara,direita,0.1954
Câmara,direita,-0.149
Câmara,direita,-0.2169
Câmara,direita,0.171
Câmara,direita,0.0497
Câmara,centro,-0.2086
Câmara,centro,-0.2492
Câmara,centro,0.6416
Câmara,centro,0.2013
Câmara,centro,-0.0929
Câmara,centro,-0.1574
Câmara,centro,-0.0979
Câmara,centro,-0.1614
Câmara,centro,0.2687
Câmara,centro,0.7397
Câmara,centro,0.1292
Câmara,centro,-0.1081
Câmara,centro,-0.094
Câmara,centro,-0.3519
Câmara,centro,0.2217
Câmara,centro,-0.1252
Câmara,centro,-0.286
Câmara,centro,0.1405
Câmara,centro,-0.4743
Câmara,centro,0.0372
Câmara,centro,-0.2827
Câmara,centro,0.1838
Câmara,centro,-0.1236
Câmara,centro,-0.1583
Câmara,centro,0.0106
Câmara,centro,0.2114
Câmara,centro,0.3588
Câmara,centro,-0.0943
Câmara,centro,0.1204
Câmara,centro,-0.1748
Câmara,centro,-0.1441
Câmara,centro,0.586
Câmara,centro,0.0907
Câmara,centro,-0.1626
Câmara,centro,-0.1788
Câmara,centro,0.1352
Câmara,centro,0.1979
Câmara,centro,-0.2597
Câmara,centro,0.4922
Câmara,centro,-0.1932
Câmara,centro,-0.0467
Câmara,centro,0.1179
Câmara,centro,-0.0869
Câmara,centro,-0.3212
Câmara,centro-esquerda,0.2598
Câmara,centro-esquerda,-0.0237
Câmara,centro-esquerda,-0.1448
Câmara,centro-esquerda,-0.0083
Câmara,centro-esquerda,-0.0552
Câmara,centro-esquerda,0.1232
Câmara,centro-esquerda,-0.2637
Câmara,centro-esquerda,0.0806
Câmara,centro,-0.3649
Câmara,centro,-0.1085
Câmara,centro,0.0676
Câmara,centro,0.0859
Câmara,centro,-0.1926
Câmara,centro,-0.0748
Câmara,centro,-0.0302
Câmara,centro,-0.0223
Câmara,centro,-0.1615
Câmara,centro,-0.233
Câmara,centro,-0.0371
Câmara,centro,-0.0473
Câmara,centro,-0.3552
Câmara,centro,0.0517
Câmara,centro,-0.3938
Câmara,centro,-0.1441
Câmara,centro,0.1892
Câmara,centro,-0.1094
Câmara,centro,-0.0457
Câmara,centro,-0.1537
Câmara,centro,-0.2508
Câmara,centro,0.2677
Câmara,centro,-0.4387
Câmara,centro,-0.0323
Câmara,centro,-0.1489
Câmara,centro,-0.3378
Câmara,centro,-0.1632
Câmara,centro,0.138
Câmara,centro,0.2238
Câmara,centro,0.0082
Câmara,centro,0.0138
Câmara,centro,-0.049
Câmara,centro,-0.1531
Câmara,esquerda,0.1068
Câmara,esquerda,0.0823
Câmara,esquerda,0.0436
Câmara,esquerda,0.0906
Câmara,esquerda,0.0615
Câmara,esquerda,0.0918
Câmara,esquerda,0.1192
Câmara,esquerda,0.1159
Câmara,esquerda,0.1076
Câmara,esquerda,-0.0154
Câmara,esquerda,-0.0114
Câmara,esquerda,-0.0466
Câmara,esquerda,-0.0529
Câmara,esquerda,-0.0921
Câmara,esquerda,-0.0298
Câmara,esquerda,-0.0269
Câmara,esquerda,-0.0966
Câmara,esquerda,-0.0399
Câmara,esquerda,-0.0191
Câmara,esquerda,-4e-04
Câmara,esquerda,-0.0584
Câmara,esquerda,-0.1178
Câmara,esquerda,-0.0386
Câmara,esquerda,-0.0749
Câmara,esquerda,-0.0703
Câmara,esquerda,-0.0558
Câmara,esquerda,-0.0949
Câmara,esquerda,-0.0104
Câmara,esquerda,-0.0456
Câmara,esquerda,-0.0079
Câmara,esquerda,-0.0688
Câmara,esquerda,-0.0407
Câmara,esquerda,-0.0324
Câmara,esquerda,-0.0181
Câmara,esquerda,-0.1623
Câmara,esquerda,-0.0219
Câmara,esquerda,0.1263
Câmara,esquerda,-0.1713
Câmara,esquerda,-0.0481
Câmara,esquerda,-0.1248
Câmara,centro,-0.0538
Câmara,esquerda,-0.1501
Câmara,esquerda,0.2694
Câmara,esquerda,0.4255
Câmara,esquerda,0.6706
Câmara,esquerda,-0.3514
Câmara,esquerda,-0.1816
Câmara,esquerda,0.0852
Câmara,esquerda,0.2207
Câmara,esquerda,-0.2534
Câmara,esquerda,0.1541
Câmara,centro,-0.0133
Câmara,centro,-0.1562
Câmara,centro,0.0425
Câmara,centro,0.5519
Câmara,centro,-0.0925
Câmara,centro,0.0483
Câmara,centro,-0.2262
Câmara,centro,-0.1456
Câmara,centro,0.0276
Câmara,centro,-0.0777
Câmara,centro,-0.01
Câmara,centro,0.2046
Câmara,centro,0.5293
Câmara,centro,-0.0968
Câmara,centro,-0.1254
Câmara,centro,0.0863
Câmara,centro,0.0041
Câmara,centro,-0.0903
Câmara,centro,0.0717
Câmara,centro,-0.0591
Câmara,centro,-0.1374
Câmara,centro,-0.1266
Câmara,centro,-0.0172
Câmara,centro,0.1994
Câmara,centro,-0.2562
Câmara,centro,-0.4097
Câmara,centro,-0.6568
Câmara,centro,-0.0601
Câmara,centro,0.4292
Câmara,centro,0.4176
Câmara,centro,0.0871
Câmara,centro,-0.0031
Câmara,centro,0.1506
Câmara,centro,0.2119
Câmara,centro,-0.3589
Câmara,centro,0.5976
Câmara,centro,0.0067
Câmara,centro,0.0547
Câmara,centro,0.3
Câmara,centro,0.4067
Câmara,centro,0.4999
Câmara,centro,-0.133
Câmara,centro,0.0979
Câmara,centro,0.1804
Câmara,centro,0.2401
Câmara,centro,-0.3783
Câmara,centro,-0.0221
Câmara,centro,-0.0849
Câmara,centro,0.2678
Câmara,centro,-0.0974
Câmara,centro,-0.4697
Câmara,centro,0.0422
Câmara,centro,0.4089
Câmara,centro,-0.0602
Câmara,centro,0.065
Câmara,centro,-0.0874
Câmara,centro,-0.2099
Câmara,centro,0.3246
Câmara,centro,0.0275
Câmara,centro,0.1759
Câmara,centro,-0.0591
Câmara,centro,-0.1266
Câmara,centro,-0.0058
Câmara,centro,-0.6212
Câmara,centro,-0.2717
Câmara,centro,-0.0264
Câmara,centro,0.2339
Câmara,centro,-0.0369
Câmara,centro,0.1904
Câmara,centro,-0.0211
Câmara,centro,0.0073
Câmara,centro,0.4384
Câmara,centro,-0.2437
Câmara,centro,-0.0475
Câmara,centro,0.6824
Câmara,centro,0.1384
Câmara,centro,-0.2388
Câmara,centro,9e-04
Câmara,centro,0.1967
Câmara,centro,-0.2573
Câmara,centro,-0.2313
Câmara,centro,0.2574
Câmara,centro,0.1653
Câmara,centro,0.6562
Câmara,centro,0.3603
Câmara,centro,-0.2829
Câmara,centro,-0.101
Câmara,centro,-0.0976
Câmara,centro,-0.0021
Câmara,centro,-0.1157
Câmara,centro,-0.1413
Câmara,centro,-0.1629
Câmara,centro,0.139
Câmara,centro,0.2046
Câmara,centro,0.6361
Câmara,centro,0.2695
Câmara,centro,0.5332
Câmara,centro,-0.1721
Câmara,centro,-0.0895
Câmara,centro,-0.5372
Câmara,centro,-0.0031
Câmara,centro,-0.0905
Câmara,centro,0.3931
Câmara,centro,-0.258
Câmara,centro,-0.1552
Câmara,centro,0.2216
Câmara,centro,-0.0561
Câmara,centro,-0.3716
Câmara,esquerda,-0.1331
Câmara,esquerda,-0.0646
Câmara,esquerda,-0.0104
Câmara,centro-esquerda,-0.0825
Câmara,centro-esquerda,-0.0268
Câmara,centro-esquerda,-0.046
Câmara,centro-esquerda,0.0037
Câmara,centro-esquerda,-0.3007
Câmara,centro-esquerda,0.2193
Câmara,centro-esquerda,0.0946
Câmara,centro-esquerda,0.2597
Câmara,centro-esquerda,-0.1196
Câmara,centro-esquerda,0.1497
Câmara,direita,0.2421
Câmara,direita,-0.0408
Câmara,direita,0.106
Câmara,direita,-0.0485
Câmara,direita,0.2428
Câmara,direita,0.0207
Câmara,direita,0.2158
Câmara,direita,0.1228
Câmara,direita,0.2458
Câmara,direita,-0.2218
Câmara,direita,-0.0556
Câmara,direita,0.0425
Câmara,direita,-0.1129
Câmara,direita,0.0744
Câmara,direita,-0.0866
Câmara,direita,0.1951
Câmara,direita,-0.0012
Câmara,direita,0.0889
Câmara,direita,-0.0424
Câmara,direita,0.112
Câmara,direita,-0.3975
Câmara,direita,0.2276
Câmara,direita,-0.028
Câmara,direita,0.0299
Câmara,direita,-0.281
Câmara,direita,0.0647
Câmara,direita,-0.3132
Câmara,direita,0.0193
Câmara,direita,-0.1779
Câmara,direita,0.1485
Câmara,direita,0.1374
Câmara,direita,-0.1361
Câmara,direita,-0.447
Câmara,direita,0.1079
Câmara,direita,-0.1765
Câmara,direita,0.1789
Câmara,direita,0.0022
Câmara,direita,-0.1186
Câmara,direita,0.1705
Câmara,direita,0.165
Câmara,direita,0.0757
Câmara,direita,0.038
Câmara,direita,-0.1443
Câmara,direita,-0.0014
Câmara,direita,-0.4702
Câmara,direita,0.107
Câmara,direita,0.1845
Câmara,direita,0.187
Câmara,direita,-0.1522
Câmara,direita,-0.2251
Câmara,direita,0.1653
Câmara,direita,0.0459
Câmara,centro,-0.225
Câmara,centro,-0.2649
Câmara,centro,0.61
Câmara,centro,0.183
Câmara,centro,-0.0999
Câmara,centro,-0.1113
Câmara,centro,-0.0685
Câmara,centro,-0.1673
Câmara,centro,0.335
Câmara,centro,0.8129
Câmara,centro,0.1495
Câmara,centro,-0.1215
Câmara,centro,-0.0979
Câmara,centro,-0.3884
Câmara,centro,0.2223
Câmara,centro,-0.1236
Câmara,centro,-0.2736
Câmara,centro,0.1385
Câmara,centro,-0.4741
Câmara,centro,0.0016
Câmara,centro,-0.273
Câmara,centro,0.1672
Câmara,centro,-0.1206
Câmara,centro,-0.1791
Câmara,centro,0.0221
Câmara,centro,0.2207
Câmara,centro,0.3294
Câmara,centro,-0.1043
Câmara,centro,0.1257
Câmara,centro,-0.1728
Câmara,centro,-0.1567
Câmara,centro,0.5448
Câmara,centro,0.0821
Câmara,centro,-0.1469
Câmara,centro,-0.1859
Câmara,centro,0.1389
Câmara,centro,0.1973
Câmara,centro,-0.2738
Câmara,centro,0.4832
Câmara,centro,-0.1931
Câmara,centro,-0.0487
Câmara,centro,0.1263
Câmara,centro,-0.088
Câmara,centro,-0.3183
Câmara,centro-esquerda,0.2448
Câmara,centro-esquerda,-0.029
Câmara,centro-esquerda,-0.144
Câmara,centro-esquerda,-0.0499
Câmara,centro-esquerda,-0.0451
Câmara,centro-esquerda,0.1162
Câmara,centro-esquerda,-0.2581
Câmara,centro-esquerda,0.0803
Câmara,centro,-0.3825
Câmara,centro,-0.0893
Câmara,centro,0.0815
Câmara,centro,0.0888
Câmara,centro,-0.1701
Câmara,centro,-0.0671
Câmara,centro,-0.0343
Câmara,centro,-0.0039
Câmara,centro,-0.1516
Câmara,centro,-0.2415
Câmara,centro,-0.0442
Câmara,centro,-0.0429
Câmara,centro,-0.3256
Câmara,centro,0.0597
Câmara,centro,-0.3886
Câmara,centro,-0.1672
Câmara,centro,0.1824
Câmara,centro,-0.1077
Câmara,centro,-0.0497
Câmara,centro,-0.1405
Câmara,centro,-0.2376
Câmara,centro,0.2783
Câmara,centro,-0.4366
Câmara,centro,-0.0293
Câmara,centro,-0.1574
Câmara,centro,-0.3531
Câmara,centro,-0.156
Câmara,centro,0.1327
Câmara,centro,0.22
Câmara,centro,0.0047
Câmara,centro,0.0298
Câmara,centro,-0.0639
Câmara,centro,-0.1387
Câmara,esquerda,0.1238
Câmara,esquerda,0.1245
Câmara,esquerda,0.0183
Câmara,esquerda,0.0445
Câmara,esquerda,0.0296
Câmara,esquerda,0.0959
Câmara,esquerda,0.1249
Câmara,esquerda,0.1105
Câmara,esquerda,0.1146
Câmara,esquerda,-0.0021
Câmara,esquerda,-0.0184
Câmara,esquerda,-0.0496
Câmara,esquerda,-0.0424
Câmara,esquerda,-0.082
Câmara,esquerda,-0.0335
Câmara,esquerda,-0.0153
Câmara,esquerda,-0.0872
Câmara,esquerda,-0.0375
Câmara,esquerda,1e-04
Câmara,esquerda,-0.004
Câmara,esquerda,-0.0503
Câmara,esquerda,-0.1146
Câmara,esquerda,-0.0304
Câmara,esquerda,-0.0909
Câmara,esquerda,-0.0687
Câmara,esquerda,-0.0618
Câmara,esquerda,-0.0785
Câmara,esquerda,-0.0219
Câmara,esquerda,-0.0527
Câmara,esquerda,-0.0212
Câmara,esquerda,-0.0675
Câmara,esquerda,-0.052
Câmara,esquerda,-0.0494
Câmara,esquerda,-0.0171
Câmara,esquerda,-0.1244
Câmara,esquerda,-0.0157
Câmara,esquerda,0.1271
Câmara,esquerda,-0.1827
Câmara,esquerda,-0.0425
Câmara,esquerda,-0.1234
Câmara,centro,-0.0615
Câmara,esquerda,-0.1203
Câmara,esquerda,0.2669
Câmara,esquerda,0.4367
Câmara,esquerda,0.644
Câmara,esquerda,-0.3447
Câmara,esquerda,-0.2149
Câmara,esquerda,0.0768
Câmara,esquerda,0.1731
Câmara,esquerda,-0.277
Câmara,esquerda,0.1481
Câmara,centro,-0.0188
Câmara,centro,-0.1546
Câmara,centro,0.0355
Câmara,centro,0.5518
Câmara,centro,-0.1023
Câmara,centro,0.0433
Câmara,centro,-0.1977
Câmara,centro,-0.1573
Câmara,centro,0.0309
Câmara,centro,-0.0772
Câmara,centro,-0.015
Câmara,centro,0.2016
Câmara,centro,0.5258
Câmara,centro,-0.109
Câmara,centro,-0.1308
Câmara,centro,0.1106
Câmara,centro,0.0012
Câmara,centro,-0.0904
Câmara,centro,0.0635
Câmara,centro,-0.0548
Câmara,centro,-0.131
Câmara,centro,-0.1266
Câmara,centro,-0.0287
Câmara,centro,0.213
Câmara,centro,-0.2443
Câmara,centro,-0.4185
Câmara,centro,-0.6696
Câmara,centro,-0.0581
Câmara,centro,0.4113
Câmara,centro,0.4341
Câmara,centro,0.0746
Câmara,centro,-0.0146
Câmara,centro,0.108
Câmara,centro,0.2207
Câmara,centro,-0.3559
Câmara,centro,0.5561
Câmara,centro,0.019
Câmara,centro,0.0748
Câmara,centro,0.3204
Câmara,centro,0.369
Câmara,centro,0.4925
Câmara,centro,-0.1344
Câmara,centro,0.0867
Câmara,centro,0.1819
Câmara,centro,0.2452
Câmara,centro,-0.3997
Câmara,centro,-0.0243
Câmara,centro,-0.0824
Câmara,centro,0.2428
Câmara,centro,-0.0951
Câmara,centro,-0.4375
Câmara,centro,0.0454
Câmara,centro,0.4217
Câmara,centro,-0.0494
Câmara,centro,0.0481
Câmara,centro,-0.0835
Câmara,centro,-0.2279
Câmara,centro,0.2903
Câmara,centro,0.0316
Câmara,centro,0.1799
Câmara,centro,-0.0978
Câmara,centro,-0.1143
Câmara,centro,-0.0342
Câmara,centro,-0.6197
Câmara,centro,-0.2526
Câmara,centro,-0.0287
Câmara,centro,0.2453
Câmara,centro,-0.0407
Câmara,centro,0.1929
Câmara,centro,-0.0024
Câmara,centro,0.0055
Câmara,centro,0.4658
Câmara,centro,-0.2988
Câmara,centro,-0.0572
Câmara,centro,0.6856
Câmara,centro,0.2112
Câmara,centro,-0.2432
Câmara,centro,0.0043
Câmara,centro,0.1945
Câmara,centro,-0.2865
Câmara,centro,-0.2604
Câmara,centro,0.2723
Câmara,centro,0.1618
Câmara,centro,0.6204
Câmara,centro,0.3144
Câmara,centro,-0.2769
Câmara,centro,-0.1014
Câmara,centro,-0.0915
Câmara,centro,-0.0275
Câmara,centro,-0.1124
Câmara,centro,-0.1441
Câmara,centro,-0.1493
Câmara,centro,0.1272
Câmara,centro,0.2034
Câmara,centro,0.6175
Câmara,centro,0.2608
Câmara,centro,0.5387
Câmara,centro,-0.1615
Câmara,centro,-0.1072
Câmara,centro,-0.5392
Câmara,centro,0.0143
Câmara,centro,-0.0893
Câmara,centro,0.4075
Câmara,centro,-0.2462
Câmara,centro,-0.1659
Câmara,centro,0.2188
Câmara,centro,-0.0486
Câmara,centro,-0.3679
Câmara,esquerda,-0.0928
Câmara,esquerda,-0.0375
Câmara,esquerda,-0.0047
Câmara,centro-esquerda,-0.096
Câmara,centro-esquerda,0.0553
Câmara,centro-esquerda,-0.053
Câmara,centro-esquerda,-0.0054
Câmara,centro-esquerda,-0.3189
Câmara,centro-esquerda,0.2319
Câmara,centro-esquerda,0.0974
Câmara,centro-esquerda,0.26
Câmara,centro-esquerda,-0.1128
Câmara,centro-esquerda,0.1469
Câmara,direita,0.2527
Câmara,direita,-0.0506
Câmara,direita,0.1209
Câmara,direita,-0.0472
Câmara,direita,0.2497
Câmara,direita,0.0178
Câmara,direita,0.2011
Câmara,direita,0.1292
Câmara,direita,0.2381
Câmara,direita,-0.2547
Câmara,direita,-0.0739
Câmara,direita,0.0665
Câmara,direita,-0.1359
Câmara,direita,0.0236
Câmara,direita,-0.1096
Câmara,direita,0.1898
Câmara,direita,-0.0075
Câmara,direita,0.0932
Câmara,direita,-0.0472
Câmara,direita,0.0797
Câmara,direita,-0.3997
Câmara,direita,0.1894
Câmara,direita,-0.0194
Câmara,direita,0.041
Câmara,direita,-0.3396
Câmara,direita,0.0666
Câmara,direita,-0.346
Câmara,direita,0.0311
Câmara,direita,-0.1999
Câmara,direita,0.1557
Câmara,direita,0.1405
Câmara,direita,-0.1458
Câmara,direita,-0.4602
Câmara,direita,0.1203
Câmara,direita,-0.1653
Câmara,direita,0.1558
Câmara,direita,0.0207
Câmara,direita,-0.1117
Câmara,direita,0.1796
Câmara,direita,0.1843
Câmara,direita,0.0853
Câmara,direita,0.0205
Câmara,direita,-0.1452
Câmara,direita,-0.0252
Câmara,direita,-0.4787
Câmara,direita,0.114
Câmara,direita,0.2013
Câmara,direita,0.1877
Câmara,direita,-0.1642
Câmara,direita,-0.2405
Câmara,direita,0.1329
Câmara,direita,0.044
Câmara,centro,-0.209
Câmara,centro,-0.2484
Câmara,centro,0.6281
Câmara,centro,0.1789
Câmara,centro,-0.0938
Câmara,centro,-0.1241
Câmara,centro,-0.0746
Câmara,centro,-0.1478
Câmara,centro,0.2627
Câmara,centro,0.8051
Câmara,centro,0.1429
Câmara,centro,-0.1239
Câmara,centro,-0.0945
Câmara,centro,-0.3857
Câmara,centro,0.2281
Câmara,centro,-0.1312
Câmara,centro,-0.3
Câmara,centro,0.1437
Câmara,centro,-0.4871
Câmara,centro,0.0355
Câmara,centro,-0.3055
Câmara,centro,0.186
Câmara,centro,-0.1236
Câmara,centro,-0.1789
Câmara,centro,0.0407
Câmara,centro,0.21
Câmara,centro,0.3668
Câmara,centro,-0.0993
Câmara,centro,0.1428
Câmara,centro,-0.1795
Câmara,centro,-0.1553
Câmara,centro,0.5621
Câmara,centro,0.1041
Câmara,centro,-0.1589
Câmara,centro,-0.1803
Câmara,centro,0.1418
Câmara,centro,0.2205
Câmara,centro,-0.273
Câmara,centro,0.4593
Câmara,centro,-0.1818
Câmara,centro,-0.0458
Câmara,centro,0.1356
Câmara,centro,-0.0958
Câmara,centro,-0.3285
Câmara,centro-esquerda,0.2572
Câmara,centro-esquerda,-0.0359
Câmara,centro-esquerda,-0.145
Câmara,centro-esquerda,0.0068
Câmara,centro-esquerda,-0.0746
Câmara,centro-esquerda,0.1383
Câmara,centro-esquerda,-0.2623
Câmara,centro-esquerda,0.0925
Câmara,centro,-0.3825
Câmara,centro,-0.1017
Câmara,centro,0.0565
Câmara,centro,0.082
Câmara,centro,-0.18
Câmara,centro,-0.0823
Câmara,centro,-0.0336
Câmara,centro,-0.0173
Câmara,centro,-0.1601
Câmara,centro,-0.2261
Câmara,centro,-0.027
Câmara,centro,-0.0481
Câmara,centro,-0.3284
Câmara,centro,0.0555
Câmara,centro,-0.3831
Câmara,centro,-0.1572
Câmara,centro,0.1964
Câmara,centro,-0.1004
Câmara,centro,-0.051
Câmara,centro,-0.1538
Câmara,centro,-0.2549
Câmara,centro,0.2745
Câmara,centro,-0.4242
Câmara,centro,-0.0404
Câmara,centro,-0.1479
Câmara,centro,-0.3568
Câmara,centro,-0.1409
Câmara,centro,0.1185
Câmara,centro,0.221
Câmara,centro,-0.01
Câmara,centro,0.0199
Câmara,centro,-0.0455
Câmara,centro,-0.1491
Câmara,esquerda,0.1425
Câmara,esquerda,0.1005
Câmara,esquerda,0.0203
Câmara,esquerda,0.0886
Câmara,esquerda,0.0597
Câmara,esquerda,0.1009
Câmara,esquerda,0.0899
Câmara,esquerda,0.1236
Câmara,esquerda,0.1114
Câmara,esquerda,0.0188
Câmara,esquerda,-0.0293
Câmara,esquerda,-0.0496
Câmara,esquerda,-0.0459
Câmara,esquerda,-0.0843
Câmara,esquerda,-0.0436
Câmara,esquerda,-0.0273
Câmara,esquerda,-0.0824
Câmara,esquerda,-0.0389
Câmara,esquerda,-0.0034
Câmara,esquerda,-0.0069
Câmara,esquerda,-0.059
Câmara,esquerda,-0.1096
Câmara,esquerda,-0.0402
Câmara,esquerda,-0.0856
Câmara,esquerda,-0.0508
Câmara,esquerda,-0.0489
Câmara,esquerda,-0.0973
Câmara,esquerda,-0.0121
Câmara,esquerda,-0.0477
Câmara,esquerda,-0.0073
Câmara,esquerda,-0.0867
Câmara,esquerda,-0.0596
Câmara,esquerda,-0.0534
Câmara,esquerda,-0.0192
Câmara,esquerda,-0.1277
Câmara,esquerda,-0.0218
Câmara,esquerda,0.123
Câmara,esquerda,-0.1708
Câmara,esquerda,-0.0655
Câmara,esquerda,-0.1049
Câmara,centro,-0.0584
Câmara,esquerda,-0.136
Câmara,esquerda,0.2621
Câmara,esquerda,0.4295
Câmara,esquerda,0.6509
Câmara,esquerda,-0.3277
Câmara,esquerda,-0.2049
Câmara,esquerda,0.0744
Câmara,esquerda,0.1949
Câmara,esquerda,-0.2439
Câmara,esquerda,0.1456
Câmara,centro,-0.0183
Câmara,centro,-0.1644
Câmara,centro,0.0351
Câmara,centro,0.5586
Câmara,centro,-0.1232
Câmara,centro,-0.0128
Câmara,centro,-0.2324
Câmara,centro,-0.1581
Câmara,centro,0.022
Câmara,centro,-0.0618
Câmara,centro,-0.0246
Câmara,centro,0.192
Câmara,centro,0.5313
Câmara,centro,-0.0828
Câmara,centro,-0.1255
Câmara,centro,0.1171
Câmara,centro,-0.0032
Câmara,centro,-0.1155
Câmara,centro,0.0579
Câmara,centro,-0.0673
Câmara,centro,-0.1281
Câmara,centro,-0.169
Câmara,centro,-0.0503
Câmara,centro,0.2223
Câmara,centro,-0.2535
Câmara,centro,-0.4184
Câmara,centro,-0.6643
Câmara,centro,-0.0684
Câmara,centro,0.4468
Câmara,centro,0.4309
Câmara,centro,0.0777
Câmara,centro,0.0357
Câmara,centro,0.1012
Câmara,centro,0.2416
Câmara,centro,-0.353
Câmara,centro,0.5819
Câmara,centro,0.0094
Câmara,centro,0.0508
Câmara,centro,0.2775
Câmara,centro,0.4049
Câmara,centro,0.4992
Câmara,centro,-0.1167
Câmara,centro,0.1036
Câmara,centro,0.1822
Câmara,centro,0.3122
Câmara,centro,-0.4078
Câmara,centro,-0.0276
Câmara,centro,-0.093
Câmara,centro,0.2497
Câmara,centro,-0.0924
Câmara,centro,-0.4505
Câmara,centro,0.0359
Câmara,centro,0.4215
Câmara,centro,-0.0625
Câmara,centro,0.0814
Câmara,centro,-0.0717
Câmara,centro,-0.1889
Câmara,centro,0.3461
Câmara,centro,0.0621
Câmara,centro,0.1851
Câmara,centro,-0.0867
Câmara,centro,-0.1226
Câmara,centro,-0.0202
Câmara,centro,-0.609
Câmara,centro,-0.2691
Câmara,centro,-0.0359
Câmara,centro,0.2284
Câmara,centro,-0.0183
Câmara,centro,0.1794
Câmara,centro,-0.024
Câmara,centro,-0.0164
Câmara,centro,0.4596
Câmara,centro,-0.2928
Câmara,centro,-0.0634
Câmara,centro,0.6771
Câmara,centro,0.2029
Câmara,centro,-0.2321
Câmara,centro,-0.0037
Câmara,centro,0.1936
Câmara,centro,-0.282
Câmara,centro,-0.2579
Câmara,centro,0.2577
Câmara,centro,0.154
Câmara,centro,0.6172
Câmara,centro,0.3235
Câmara,centro,-0.2783
Câmara,centro,-0.0897
Câmara,centro,-0.0741
Câmara,centro,8e-04
Câmara,centro,-0.1189
Câmara,centro,-0.1403
Câmara,centro,-0.1605
Câmara,centro,0.128
Câmara,centro,0.1995
Câmara,centro,0.657
Câmara,centro,0.2487
Câmara,centro,0.5516
Câmara,centro,-0.1699
Câmara,centro,-0.0974
Câmara,centro,-0.5146
Câmara,centro,0.0027
Câmara,centro,-0.0865
Câmara,centro,0.3916
Câmara,centro,-0.2652
Câmara,centro,-0.1418
Câmara,centro,0.2172
Câmara,centro,-0.0434
Câmara,centro,-0.3469
Câmara,esquerda,-0.1019
Câmara,esquerda,-0.0598
Câmara,esquerda,-0.0127
Câmara,centro-esquerda,-0.0799
Câmara,centro-esquerda,-0.0538
Câmara,centro-esquerda,-0.0639
Câmara,centro-esquerda,0.032
Câmara,centro-esquerda,-0.3149
Câmara,centro-esquerda,0.2162
Câmara,centro-esquerda,0.1432
Câmara,centro-esquerda,0.2437
Câmara,centro-esquerda,-0.1025
Câmara,centro-esquerda,0.1646
Câmara,direita,0.2398
Câmara,direita,-0.0371
Câmara,direita,0.0972
Câmara,direita,-0.048
Câmara,direita,0.2329
Câmara,direita,0.0147
Câmara,direita,0.1788
Câmara,direita,0.1196
Câmara,direita,0.24
Câmara,direita,-0.2228
Câmara,direita,-0.0358
Câmara,direita,0.0376
Câmara,direita,-0.1333
Câmara,direita,0.0723
Câmara,direita,-0.107
Câmara,direita,0.1701
Câmara,direita,-0.0133
Câmara,direita,0.0827
Câmara,direita,-0.0079
Câmara,direita,0.0979
Câmara,direita,-0.3906
Câmara,direita,0.2105
Câmara,direita,-0.0406
Câmara,direita,0.0345
Câmara,direita,-0.302
Câmara,direita,0.0602
Câmara,direita,-0.341
Câmara,direita,0.002
Câmara,direita,-0.1511
Câmara,direita,0.1587
Câmara,direita,0.1236
Câmara,direita,-0.1222
Câmara,direita,-0.4265
Câmara,direita,0.0882
Câmara,direita,-0.1667
Câmara,direita,0.174
Câmara,direita,-0.0301
Câmara,direita,-0.116
Câmara,direita,0.184
Câmara,direita,0.2001
Câmara,direita,0.0816
Câmara,direita,0.0477
Câmara,direita,-0.1405
Câmara,direita,0.0081
Câmara,direita,-0.4971
Câmara,direita,0.0945
Câmara,direita,0.1936
Câmara,direita,0.1971
Câmara,direita,-0.1472
Câmara,direita,-0.2407
Câmara,direita,0.1641
Câmara,direita,0.0339
Câmara,centro,-0.2117
Câmara,centro,-0.2577
Câmara,centro,0.6582
Câmara,centro,0.1755
Câmara,centro,-0.0823
Câmara,centro,-0.1391
Câmara,centro,-0.0774
Câmara,centro,-0.1618
Câmara,centro,0.2364
Câmara,centro,0.7677
Câmara,centro,0.1392
Câmara,centro,-0.1183
Câmara,centro,-0.1048
Câmara,centro,-0.3692
Câmara,centro,0.2142
Câmara,centro,-0.1212
Câmara,centro,-0.2875
Câmara,centro,0.1375
Câmara,centro,-0.4877
Câmara,centro,0.1191
Câmara,centro,-0.3019
Câmara,centro,0.1804
Câmara,centro,-0.1224
Câmara,centro,-0.1791
Câmara,centro,0.0139
Câmara,centro,0.2431
Câmara,centro,0.348
Câmara,centro,-0.0983
Câmara,centro,0.1255
Câmara,centro,-0.1761
Câmara,centro,-0.1488
Câmara,centro,0.5603
Câmara,centro,0.0962
Câmara,centro,-0.1646
Câmara,centro,-0.1887
Câmara,centro,0.1334
Câmara,centro,0.2131
Câmara,centro,-0.2494
Câmara,centro,0.4787
Câmara,centro,-0.1973
Câmara,centro,-0.0453
Câmara,centro,0.1177
Câmara,centro,-0.0953
Câmara,centro,-0.3216
Câmara,centro-esquerda,0.2541
Câmara,centro-esquerda,-0.0403
Câmara,centro-esquerda,-0.1528
Câmara,centro-esquerda,-0.0309
Câmara,centro-esquerda,-0.0208
Câmara,centro-esquerda,0.1268
Câmara,centro-esquerda,-0.2584
Câmara,centro-esquerda,0.0815
Câmara,centro,-0.3688
Câmara,centro,-0.0932
Câmara,centro,0.0543
Câmara,centro,0.0972
Câmara,centro,-0.1785
Câmara,centro,-0.0755
Câmara,centro,-0.018
Câmara,centro,-0.02
Câmara,centro,-0.1477
Câmara,centro,-0.242
Câmara,centro,-0.0449
Câmara,centro,-0.0486
Câmara,centro,-0.3125
Câmara,centro,0.0489
Câmara,centro,-0.3656
Câmara,centro,-0.1579
Câmara,centro,0.185
Câmara,centro,-0.1047
Câmara,centro,-0.0469
Câmara,centro,-0.1528
Câmara,centro,-0.2557
Câmara,centro,0.2755
Câmara,centro,-0.3901
Câmara,centro,-0.043
Câmara,centro,-0.1499
Câmara,centro,-0.3685
Câmara,centro,-0.1643
Câmara,centro,0.1424
Câmara,centro,0.214
Câmara,centro,0.0017
Câmara,centro,0.0243
Câmara,centro,-0.0534
Câmara,centro,-0.1517
Câmara,esquerda,0.121
Câmara,esquerda,0.1127
Câmara,esquerda,0.0541
Câmara,esquerda,0.1051
Câmara,esquerda,0.0351
Câmara,esquerda,0.0779
Câmara,esquerda,0.0862
Câmara,esquerda,0.1092
Câmara,esquerda,0.1273
Câmara,esquerda,-0.0015
Câmara,esquerda,-0.0247
Câmara,esquerda,-0.057
Câmara,esquerda,-0.062
Câmara,esquerda,-0.0695
Câmara,esquerda,-0.0362
Câmara,esquerda,-0.0234
Câmara,esquerda,-0.0863
Câmara,esquerda,-0.0422
Câmara,esquerda,9e-04
Câmara,esquerda,6e-04
Câmara,esquerda,-0.0568
Câmara,esquerda,-0.1055
Câmara,esquerda,-0.0378
Câmara,esquerda,-0.0828
Câmara,esquerda,-0.0531
Câmara,esquerda,-0.0423
Câmara,esquerda,-0.0949
Câmara,esquerda,-0.0175
Câmara,esquerda,-0.0434
Câmara,esquerda,-0.0084
Câmara,esquerda,-0.0692
Câmara,esquerda,-0.0623
Câmara,esquerda,-0.0429
Câmara,esquerda,-0.022
Câmara,esquerda,-0.1407
Câmara,esquerda,-0.0099
Câmara,esquerda,0.1245
Câmara,esquerda,-0.1683
Câmara,esquerda,-0.0498
Câmara,esquerda,-0.1036
Câmara,centro,-0.0739
Câmara,esquerda,-0.1544
Câmara,esquerda,0.2792
Câmara,esquerda,0.4233
Câmara,esquerda,0.6515
Câmara,esquerda,-0.3216
Câmara,esquerda,-0.1729
Câmara,esquerda,0.09
Câmara,esquerda,0.1901
Câmara,esquerda,-0.2449
Câmara,esquerda,0.1372
Câmara,centro,-0.036
Câmara,centro,-0.1595
Câmara,centro,0.0463
Câmara,centro,0.5512
Câmara,centro,-0.115
Câmara,centro,-0.0047
Câmara,centro,-0.1964
Câmara,centro,-0.1458
Câmara,centro,0.0207
Câmara,centro,-0.0769
Câmara,centro,-0.0036
Câmara,centro,0.2058
Câmara,centro,0.5237
Câmara,centro,-0.1031
Câmara,centro,-0.1327
Câmara,centro,0.1187
Câmara,centro,0.0039
Câmara,centro,-0.1014
Câmara,centro,0.0698
Câmara,centro,-0.0743
Câmara,centro,-0.1246
Câmara,centro,-0.1702
Câmara,centro,-0.0247
Câmara,centro,0.2254
Câmara,centro,-0.2489
Câmara,centro,-0.4136
Câmara,centro,-0.6601
Câmara,centro,-0.0622
Câmara,centro,0.422
Câmara,centro,0.4316
Câmara,centro,0.0929
Câmara,centro,0.0024
Câmara,centro,0.1375
Câmara,centro,0.2228
Câmara,centro,-0.3553
Câmara,centro,0.5747
Câmara,centro,0.0133
Câmara,centro,0.0727
Câmara,centro,0.2926
Câmara,centro,0.3896
Câmara,centro,0.519
Câmara,centro,-0.1363
Câmara,centro,0.0964
Câmara,centro,0.1743
Câmara,centro,0.2609
Câmara,centro,-0.4211
Câmara,centro,-0.026
Câmara,centro,-0.0843
Câmara,centro,0.268
Câmara,centro,-0.1021
Câmara,centro,-0.4842
Câmara,centro,0.0483
Câmara,centro,0.412
Câmara,centro,-0.0597
Câmara,centro,0.0491
Câmara,centro,-0.0838
Câmara,centro,-0.1976
Câmara,centro,0.3427
Câmara,centro,0.0569
Câmara,centro,0.1712
Câmara,centro,-0.0841
Câmara,centro,-0.1244
Câmara,centro,1e-04
Câmara,centro,-0.6181
Câmara,centro,-0.2607
Câmara,centro,-0.0275
Câmara,centro,0.2456
Câmara,centro,-0.0204
Câmara,centro,0.1818
Câmara,centro,-0.0085
Câmara,centro,-0.0198
Câmara,centro,0.46
Câmara,centro,-0.3031
Câmara,centro,-0.055
Câmara,centro,0.6814
Câmara,centro,0.2097
Câmara,centro,-0.2398
Câmara,centro,0.0028
Câmara,centro,0.1941
Câmara,centro,-0.2688
Câmara,centro,-0.2441
Câmara,centro,0.2454
Câmara,centro,0.1597
Câmara,centro,0.584
Câmara,centro,0.3393
Câmara,centro,-0.2668
Câmara,centro,-0.0834
Câmara,centro,-0.0804
Câmara,centro,-0.0178
Câmara,centro,-0.1096
Câmara,centro,-0.1348
Câmara,centro,-0.159
Câmara,centro,0.14
Câmara,centro,0.2135
Câmara,centro,0.638
Câmara,centro,0.2541
Câmara,centro,0.5383
Câmara,centro,-0.1616
Câmara,centro,-0.1052
Câmara,centro,-0.5085
Câmara,centro,0.0322
Câmara,centro,-0.0792
Câmara,centro,0.4205
Câmara,centro,-0.2599
Câmara,centro,-0.1658
Câmara,centro,0.2132
Câmara,centro,-0.0484
Câmara,centro,-0.3702
Câmara,esquerda,-0.1
Câmara,esquerda,-0.0551
Câmara,esquerda,0.004
Câmara,centro-esquerda,-0.0699
Câmara,centro-esquerda,-0.0472
Câmara,centro-esquerda,-0.0675
Câmara,centro-esquerda,0.0498
Câmara,centro-esquerda,-0.2908
Câmara,centro-esquerda,0.2129
Câmara,centro-esquerda,0.055
Câmara,centro-esquerda,0.2434
Câmara,centro-esquerda,-0.1226
Câmara,centro-esquerda,0.073
Câmara,direita,0.2524
Câmara,direita,-0.0415
Câmara,direita,0.1099
Câmara,direita,-0.0349
Câmara,direita,0.2357
Câmara,direita,0.0013
Câmara,direita,0.2044
Câmara,direita,0.1204
Câmara,direita,0.2399
Câmara,direita,-0.224
Câmara,direita,-0.0449
Câmara,direita,0.0465
Câmara,direita,-0.1373
Câmara,direita,0.0761
Câmara,direita,-0.1019
Câmara,direita,0.2057
Câmara,direita,-0.0182
Câmara,direita,0.0899
Câmara,direita,-0.0167
Câmara,direita,0.1133
Câmara,direita,-0.387
Câmara,direita,0.2086
Câmara,direita,-0.0217
Câmara,direita,0.0303
Câmara,direita,-0.3556
Câmara,direita,0.0488
Câmara,direita,-0.3128
Câmara,direita,0.0327
Câmara,direita,-0.1652
Câmara,direita,0.1668
Câmara,direita,0.133
Câmara,direita,-0.1592
Câmara,direita,-0.4868
Câmara,direita,0.0303
Câmara,direita,-0.1869
Câmara,direita,0.1827
Câmara,direita,0.02
Câmara,direita,-0.1373
Câmara,direita,0.1301
Câmara,direita,0.1696
Câmara,direita,0.0793
Câmara,direita,0.0377
Câmara,direita,-0.1356
Câmara,direita,-0.0076
Câmara,direita,-0.5168
Câmara,direita,0.1111
Câmara,direita,0.2016
Câmara,direita,0.1805
Câmara,direita,-0.1504
Câmara,direita,-0.223
Câmara,direita,0.1719
Câmara,direita,0.0361
Câmara,centro,-0.2144
Câmara,centro,-0.2514
Câmara,centro,0.625
Câmara,centro,0.1865
Câmara,centro,-0.0879
Câmara,centro,-0.1342
Câmara,centro,-0.073
Câmara,centro,-0.1587
Câmara,centro,0.2573
Câmara,centro,0.7624
Câmara,centro,0.1491
Câmara,centro,-0.1069
Câmara,centro,-0.0902
Câmara,centro,-0.387
Câmara,centro,0.2266
Câmara,centro,-0.1189
Câmara,centro,-0.2945
Câmara,centro,0.1544
Câmara,centro,-0.4773
Câmara,centro,0.0223
Câmara,centro,-0.2839
Câmara,centro,0.1706
Câmara,centro,-0.1214
Câmara,centro,-0.1573
Câmara,centro,0.0323
Câmara,centro,0.2303
Câmara,centro,0.3219
Câmara,centro,-0.0953
Câmara,centro,0.1311
Câmara,centro,-0.1725
Câmara,centro,-0.1392
Câmara,centro,0.5622
Câmara,centro,0.0839
Câmara,centro,-0.1646
Câmara,centro,-0.1848
Câmara,centro,0.1348
Câmara,centro,0.1724
Câmara,centro,-0.2441
Câmara,centro,0.472
Câmara,centro,-0.1714
Câmara,centro,-0.0549
Câmara,centro,0.1086
Câmara,centro,-0.088
Câmara,centro,-0.329
Câmara,centro-esquerda,0.2531
Câmara,centro-esquerda,-0.0548
Câmara,centro-esquerda,-0.1626
Câmara,centro-esquerda,-0.0197
Câmara,centro-esquerda,-0.0778
Câmara,centro-esquerda,0.125
Câmara,centro-esquerda,-0.2612
Câmara,centro-esquerda,0.0697
Câmara,centro,-0.3642
Câmara,centro,-0.0924
Câmara,centro,0.0666
Câmara,centro,0.096
Câmara,centro,-0.1807
Câmara,centro,-0.0792
Câmara,centro,-0.031
Câmara,centro,-0.0101
Câmara,centro,-0.1463
Câmara,centro,-0.2389
Câmara,centro,-0.0384
Câmara,centro,-0.0361
Câmara,centro,-0.3269
Câmara,centro,0.0599
Câmara,centro,-0.38
Câmara,centro,-0.1506
Câmara,centro,0.1815
Câmara,centro,-0.1077
Câmara,centro,-0.0361
Câmara,centro,-0.1515
Câmara,centro,-0.2514
Câmara,centro,0.2707
Câmara,centro,-0.4133
Câmara,centro,-0.0424
Câmara,centro,-0.1548
Câmara,centro,-0.3525
Câmara,centro,-0.1652
Câmara,centro,0.1383
Câmara,centro,0.2151
Câmara,centro,-0.0025
Câmara,centro,0.0195
Câmara,centro,-0.0594
Câmara,centro,-0.1542
Câmara,esquerda,0.119
Câmara,esquerda,0.0811
Câmara,esquerda,0.0378
Câmara,esquerda,0.0815
Câmara,esquerda,0.0426
Câmara,esquerda,0.0998
Câmara,esquerda,0.1092
Câmara,esquerda,0.1016
Câmara,esquerda,0.1067
Câmara,esquerda,0.0114
Câmara,esquerda,-0.0274
Câmara,esquerda,-0.058
Câmara,esquerda,-0.0437
Câmara,esquerda,-0.0873
Câmara,esquerda,-0.041
Câmara,esquerda,-0.0213
Câmara,esquerda,-0.0937
Câmara,esquerda,-0.0381
Câmara,esquerda,0.0083
Câmara,esquerda,0.0015
Câmara,esquerda,-0.0567
Câmara,esquerda,-0.1136
Câmara,esquerda,-0.034
Câmara,esquerda,-0.0856
Câmara,esquerda,-0.0378
Câmara,esquerda,-0.0269
Câmara,esquerda,-0.0898
Câmara,esquerda,-0.0117
Câmara,esquerda,-0.053
Câmara,esquerda,-0.0035
Câmara,esquerda,-0.0353
Câmara,esquerda,-0.0463
Câmara,esquerda,-0.0475
Câmara,esquerda,-0.0147
Câmara,esquerda,-0.1381
Câmara,esquerda,-0.0185
Câmara,esquerda,0.1227
Câmara,esquerda,-0.1783
Câmara,esquerda,-0.043
Câmara,esquerda,-0.1239
Câmara,centro,-0.0523
Câmara,esquerda,-0.1536
Câmara,esquerda,0.2459
Câmara,esquerda,0.3933
Câmara,esquerda,0.6476
Câmara,esquerda,-0.2827
Câmara,esquerda,-0.1872
Câmara,esquerda,0.0803
Câmara,esquerda,0.2038
Câmara,esquerda,-0.2474
Câmara,esquerda,0.142
Câmara,centro,-0.0286
Câmara,centro,-0.1654
Câmara,centro,0.0418
Câmara,centro,0.5461
Câmara,centro,-0.0886
Câmara,centro,0.016
Câmara,centro,-0.2157
Câmara,centro,-0.149
Câmara,centro,0.0277
Câmara,centro,-0.0733
Câmara,centro,-0.0191
Câmara,centro,0.2053
Câmara,centro,0.524
Câmara,centro,-0.0971
Câmara,centro,-0.1264
Câmara,centro,0.0923
Câmara,centro,0.0041
Câmara,centro,-0.0986
Câmara,centro,0.0626
Câmara,centro,-0.0624
Câmara,centro,-0.1104
Câmara,centro,-0.15
Câmara,centro,-0.0185
Câmara,centro,0.2038
Câmara,centro,-0.2397
Câmara,centro,-0.4091
Câmara,centro,-0.6633
Câmara,centro,-0.0568
Câmara,centro,0.4118
Câmara,centro,0.4301
Câmara,centro,0.1017
Câmara,centro,-0.0328
Câmara,centro,0.1423
Câmara,centro,0.202
Câmara,centro,-0.3525
Câmara,centro,0.5799
Câmara,centro,0.0081
Câmara,centro,0.0707
Câmara,centro,0.2967
Câmara,centro,0.3664
Câmara,centro,0.4672
Câmara,centro,-0.1194
Câmara,centro,0.1012
Câmara,centro,0.179
Câmara,centro,0.184
Câmara,centro,-0.3934
Câmara,centro,-0.0128
Câmara,centro,-0.0867
Câmara,centro,0.2624
Câmara,centro,-0.093
Câmara,centro,-0.4512
Câmara,centro,0.0466
Câmara,centro,0.4215
Câmara,centro,-0.052
Câmara,centro,0.0475
Câmara,centro,-0.0854
Câmara,centro,-0.2158
Câmara,centro,0.3374
Câmara,centro,0.0446
Câmara,centro,0.1682
Câmara,centro,-0.0916
Câmara,centro,-0.1271
Câmara,centro,-0.0082
Câmara,centro,-0.6151
Câmara,centro,-0.2706
Câmara,centro,-0.0379
Câmara,centro,0.2385
Câmara,centro,-0.0357
Câmara,centro,0.1736
Câmara,centro,-0.004
Câmara,centro,-0.0205
Câmara,centro,0.4609
Câmara,centro,-0.302
Câmara,centro,-0.0551
Câmara,centro,0.6746
Câmara,centro,0.2038
Câmara,centro,-0.2385
Câmara,centro,-3e-04
Câmara,centro,0.197
Câmara,centro,-0.2738
Câmara,centro,-0.2375
Câmara,centro,0.2427
Câmara,centro,0.1506
Câmara,centro,0.6244
Câmara,centro,0.3229
Câmara,centro,-0.2752
Câmara,centro,-0.0949
Câmara,centro,-0.0952
Câmara,centro,-0.0269
Câmara,centro,-0.1229
Câmara,centro,-0.1284
Câmara,centro,-0.1668
Câmara,centro,0.1317
Câmara,centro,0.2131
Câmara,centro,0.6454
Câmara,centro,0.2659
Câmara,centro,0.5358
Câmara,centro,-0.1767
Câmara,centro,-0.1117
Câmara,centro,-0.5236
Câmara,centro,0.0038
Câmara,centro,-0.0867
Câmara,centro,0.4225
Câmara,centro,-0.259
Câmara,centro,-0.1438
Câmara,centro,0.2214
Câmara,centro,-0.036
Câmara,centro,-0.3589
Câmara,esquerda,-0.0928
Câmara,esquerda,-0.064
Câmara,esquerda,-0.0113
Câmara,centro-esquerda,-0.0785
Câmara,centro-esquerda,-0.0278
Câmara,centro-esquerda,-0.0242
Câmara,centro-esquerda,0.002
Câmara,centro-esquerda,-0.3049
Câmara,centro-esquerda,0.1918
Câmara,centro-esquerda,0.0411
Câmara,centro-esquerda,0.2422
Câmara,centro-esquerda,-0.1175
Câmara,centro-esquerda,0.1496
Câmara,direita,0.2344
Câmara,direita,-0.0303
Câmara,direita,0.1181
Câmara,direita,-0.0312
Câmara,direita,0.2357
Câmara,direita,0.0292
Câmara,direita,0.1966
Câmara,direita,0.1303
Câmara,direita,0.2413
Câmara,direita,-0.2267
Câmara,direita,-0.0929
Câmara,direita,0.0394
Câmara,direita,-0.1289
Câmara,direita,0.0762
Câmara,direita,-0.1276
Câmara,direita,0.19
Câmara,direita,-0.0316
Câmara,direita,0.1012
Câmara,direita,0.005
Câmara,direita,0.0966
Câmara,direita,-0.3938
Câmara,direita,0.2116
Câmara,direita,-0.0453
Câmara,direita,0.0441
Câmara,direita,-0.3039
Câmara,direita,0.072
Câmara,direita,-0.3156
Câmara,direita,0.0229
Câmara,direita,-0.175
Câmara,direita,0.1574
Câmara,direita,0.1395
Câmara,direita,-0.1439
Câmara,direita,-0.4303
Câmara,direita,0.1118
Câmara,direita,-0.156
Câmara,direita,0.1704
Câmara,direita,-0.0077
Câmara,direita,-0.1489
Câmara,direita,0.1726
Câmara,direita,0.1742
Câmara,direita,0.0869
Câmara,direita,0.0368
Câmara,direita,-0.1401
Câmara,direita,-0.0243
Câmara,direita,-0.483
Câmara,direita,0.0986
Câmara,direita,0.2051
Câmara,direita,0.1763
Câmara,direita,-0.1828
Câmara,direita,-0.234
Câmara,direita,0.1496
Câmara,direita,0.0418
Câmara,centro,-0.2168
Câmara,centro,-0.2519
Câmara,centro,0.6065
Câmara,centro,0.2003
Câmara,centro,-0.0945
Câmara,centro,-0.1417
Câmara,centro,-0.0746
Câmara,centro,-0.1657
Câmara,centro,0.2641
Câmara,centro,0.786
Câmara,centro,0.1363
Câmara,centro,-0.1101
Câmara,centro,-0.0974
Câmara,centro,-0.3663
Câmara,centro,0.2266
Câmara,centro,-0.1162
Câmara,centro,-0.2953
Câmara,centro,0.1457
Câmara,centro,-0.485
Câmara,centro,0.048
Câmara,centro,-0.2906
Câmara,centro,0.182
Câmara,centro,-0.1295
Câmara,centro,-0.1953
Câmara,centro,0.0264
Câmara,centro,0.2125
Câmara,centro,0.3367
Câmara,centro,-0.105
Câmara,centro,0.1209
Câmara,centro,-0.1647
Câmara,centro,-0.1381
Câmara,centro,0.5515
Câmara,centro,0.089
Câmara,centro,-0.1486
Câmara,centro,-0.1833
Câmara,centro,0.1165
Câmara,centro,0.1809
Câmara,centro,-0.2664
Câmara,centro,0.4739
Câmara,centro,-0.1993
Câmara,centro,-0.0378
Câmara,centro,0.1097
Câmara,centro,-0.0805
Câmara,centro,-0.3167
Câmara,centro-esquerda,0.2314
Câmara,centro-esquerda,-0.0137
Câmara,centro-esquerda,-0.1676
Câmara,centro-esquerda,-0.0332
Câmara,centro-esquerda,-0.0555
Câmara,centro-esquerda,0.1254
Câmara,centro-esquerda,-0.2546
Câmara,centro-esquerda,0.0773
Câmara,centro,-0.3712
Câmara,centro,-0.0885
Câmara,centro,0.0912
Câmara,centro,0.0878
Câmara,centro,-0.1789
Câmara,centro,-0.0788
Câmara,centro,-0.0252
Câmara,centro,-0.0061
Câmara,centro,-0.1539
Câmara,centro,-0.2344
Câmara,centro,-0.0197
Câmara,centro,-0.0463
Câmara,centro,-0.3285
Câmara,centro,0.0672
Câmara,centro,-0.379
Câmara,centro,-0.1521
Câmara,centro,0.2046
Câmara,centro,-0.1112
Câmara,centro,-0.0303
Câmara,centro,-0.1472
Câmara,centro,-0.2577
Câmara,centro,0.2628
Câmara,centro,-0.4243
Câmara,centro,-0.0478
Câmara,centro,-0.1563
Câmara,centro,-0.3728
Câmara,centro,-0.1455
Câmara,centro,0.1484
Câmara,centro,0.2266
Câmara,centro,0.0038
Câmara,centro,0.0279
Câmara,centro,-0.0593
Câmara,centro,-0.1437
Câmara,esquerda,0.106
Câmara,esquerda,0.062
Câmara,esquerda,0.0456
Câmara,esquerda,0.0856
Câmara,esquerda,0.0443
Câmara,esquerda,0.1022
Câmara,esquerda,0.124
Câmara,esquerda,0.1078
Câmara,esquerda,0.1167
Câmara,esquerda,-4e-04
Câmara,esquerda,-0.0177
Câmara,esquerda,-0.0444
Câmara,esquerda,-0.0451
Câmara,esquerda,-0.0997
Câmara,esquerda,-0.0344
Câmara,esquerda,-0.0258
Câmara,esquerda,-0.0914
Câmara,esquerda,-0.0406
Câmara,esquerda,-0.0122
Câmara,esquerda,-0.0111
Câmara,esquerda,-0.0484
Câmara,esquerda,-0.1081
Câmara,esquerda,-0.0359
Câmara,esquerda,-0.0893
Câmara,esquerda,-0.0529
Câmara,esquerda,-0.0339
Câmara,esquerda,-0.0904
Câmara,esquerda,-0.0153
Câmara,esquerda,-0.0399
Câmara,esquerda,-0.0024
Câmara,esquerda,-0.0705
Câmara,esquerda,-0.0483
Câmara,esquerda,-0.0451
Câmara,esquerda,-0.0218
Câmara,esquerda,-0.1385
Câmara,esquerda,-0.0099
Câmara,esquerda,0.1205
Câmara,esquerda,-0.1702
Câmara,esquerda,-0.0536
Câmara,esquerda,-0.1175
Câmara,centro,-0.0527
Câmara,esquerda,-0.1379
Câmara,esquerda,0.241
Câmara,esquerda,0.4316
Câmara,esquerda,0.6761
Câmara,esquerda,-0.3253
Câmara,esquerda,-0.1853
Câmara,esquerda,0.0812
Câmara,esquerda,0.1864
Câmara,esquerda,-0.2559
Câmara,esquerda,0.1343
Câmara,centro,-0.0207
Câmara,centro,-0.1514
Câmara,centro,0.0413
Câmara,centro,0.5609
Câmara,centro,-0.0897
Câmara,centro,0.0211
Câmara,centro,-0.2055
Câmara,centro,-0.1321
Câmara,centro,0.0218
Câmara,centro,-0.0528
Câmara,centro,-0.0127
Câmara,centro,0.2074
Câmara,centro,0.5209
Câmara,centro,-0.1163
Câmara,centro,-0.1268
Câmara,centro,0.0976
Câmara,centro,0.006
Câmara,centro,-0.0931
Câmara,centro,0.0636
Câmara,centro,-0.0654
Câmara,centro,-0.1109
Câmara,centro,-0.1386
Câmara,centro,-0.0192
Câmara,centro,0.2108
Câmara,centro,-0.235
Câmara,centro,-0.4105
Câmara,centro,-0.6675
Câmara,centro,-0.067
Câmara,centro,0.4037
Câmara,centro,0.4259
Câmara,centro,0.0718
Câmara,centro,-0.0349
Câmara,centro,0.146
Câmara,centro,0.213
Câmara,centro,-0.3683
Câmara,centro,0.5837
Câmara,centro,0.0147
Câmara,centro,0.0726
Câmara,centro,0.3006
Câmara,centro,0.3516
Câmara,centro,0.4551
Câmara,centro,-0.1284
Câmara,centro,0.0994
Câmara,centro,0.1838
Câmara,centro,0.1991
Câmara,centro,-0.3636
Câmara,centro,-0.0313
Câmara,centro,-0.0812
Câmara,centro,0.2655
Câmara,centro,-0.0927
Câmara,centro,-0.4306
Câmara,centro,0.0478
Câmara,centro,0.4204
Câmara,centro,-0.0522
Câmara,centro,0.0613
Câmara,centro,-0.0718
Câmara,centro,-0.2136
Câmara,centro,0.3297
Câmara,centro,0.0614
Câmara,centro,0.1773
Câmara,centro,-0.0841
Câmara,centro,-0.1214
Câmara,centro,-0.0117
Câmara,centro,-0.6187
Câmara,centro,-0.2661
Câmara,centro,-0.0277
Câmara,centro,0.2322
Câmara,centro,-0.0329
Câmara,centro,0.1894
Câmara,centro,-0.0492
Câmara,centro,-0.0047
Câmara,centro,0.4793
Câmara,centro,-0.227
Câmara,centro,-0.0587
Câmara,centro,0.6877
Câmara,centro,0.1732
Câmara,centro,-0.2324
Câmara,centro,-0.0071
Câmara,centro,0.2196
Câmara,centro,-0.2761
Câmara,centro,-0.2384
Câmara,centro,0.2405
Câmara,centro,0.1651
Câmara,centro,0.6426
Câmara,centro,0.3449
Câmara,centro,-0.2991
Câmara,centro,-0.1215
Câmara,centro,-0.1072
Câmara,centro,-0.0229
Câmara,centro,-0.1181
Câmara,centro,-0.1487
Câmara,centro,-0.1517
Câmara,centro,0.129
Câmara,centro,0.2084
Câmara,centro,0.6459
Câmara,centro,0.2682
Câmara,centro,0.5376
Câmara,centro,-0.1608
Câmara,centro,-0.12
Câmara,centro,-0.5546
Câmara,centro,0.0026
Câmara,centro,-0.0786
Câmara,centro,0.4222
Câmara,centro,-0.2448
Câmara,centro,-0.1322
Câmara,centro,0.2336
Câmara,centro,-0.0622
Câmara,centro,-0.3452
Câmara,esquerda,-0.096
Câmara,esquerda,-0.0567
Câmara,esquerda,-0.0267
Câmara,centro-esquerda,-0.0401
Câmara,centro-esquerda,-0.0522
Câmara,centro-esquerda,-0.0287
Câmara,centro-esquerda,0.0282
Câmara,centro-esquerda,-0.3073
Câmara,centro-esquerda,0.2037
Câmara,centro-esquerda,0.1303
Câmara,centro-esquerda,0.2496
Câmara,centro-esquerda,-0.1226
Câmara,centro-esquerda,0.2384
Câmara,direita,0.2357
Câmara,direita,-0.0444
Câmara,direita,0.1279
Câmara,direita,-0.0301
Câmara,direita,0.2403
Câmara,direita,0.0061
Câmara,direita,0.1841
Câmara,direita,0.1159
Câmara,direita,0.236
Câmara,direita,-0.2448
Câmara,direita,-0.0406
Câmara,direita,0.0535
Câmara,direita,-0.1284
Câmara,direita,0.0717
Câmara,direita,-0.1064
Câmara,direita,0.1905
Câmara,direita,-0.0049
Câmara,direita,0.1043
Câmara,direita,0.0165
Câmara,direita,0.0942
Câmara,direita,-0.4068
Câmara,direita,0.2125
Câmara,direita,-0.0337
Câmara,direita,0.0395
Câmara,direita,-0.3077
Câmara,direita,0.0495
Câmara,direita,-0.3021
Câmara,direita,0.016
Câmara,direita,-0.1905
Câmara,direita,0.169
Câmara,direita,0.142
Câmara,direita,-0.1187
Câmara,direita,-0.4505
Câmara,direita,0.114
Câmara,direita,-0.1743
Câmara,direita,0.1759
Câmara,direita,0.005
Câmara,direita,-0.1223
Câmara,direita,0.1823
Câmara,direita,0.2017
Câmara,direita,0.0933
Câmara,direita,0.0288
Câmara,direita,-0.1465
Câmara,direita,-0.0237
Câmara,direita,-0.4882
Câmara,direita,0.1256
Câmara,direita,0.2066
Câmara,direita,0.1998
Câmara,direita,-0.1471
Câmara,direita,-0.2196
Câmara,direita,0.1803
Câmara,direita,0.0168
Câmara,centro,-0.2134
Câmara,centro,-0.2605
Câmara,centro,0.6417
Câmara,centro,0.2061
Câmara,centro,-0.0769
Câmara,centro,-0.1361
Câmara,centro,-0.0654
Câmara,centro,-0.1636
Câmara,centro,0.2434
Câmara,centro,0.7841
Câmara,centro,0.1608
Câmara,centro,-0.1137
Câmara,centro,-0.0987
Câmara,centro,-0.3791
Câmara,centro,0.2301
Câmara,centro,-0.1186
Câmara,centro,-0.2809
Câmara,centro,0.1432
Câmara,centro,-0.4734
Câmara,centro,0.0869
Câmara,centro,-0.2846
Câmara,centro,0.1713
Câmara,centro,-0.1258
Câmara,centro,-0.1863
Câmara,centro,0.0408
Câmara,centro,0.2197
Câmara,centro,0.3521
Câmara,centro,-0.0998
Câmara,centro,0.1278
Câmara,centro,-0.1771
Câmara,centro,-0.1514
Câmara,centro,0.5677
Câmara,centro,0.0922
Câmara,centro,-0.1515
Câmara,centro,-0.1724
Câmara,centro,0.1208
Câmara,centro,0.1834
Câmara,centro,-0.2445
Câmara,centro,0.4763
Câmara,centro,-0.1829
Câmara,centro,-0.043
Câmara,centro,0.1331
Câmara,centro,-0.0957
Câmara,centro,-0.3309
Câmara,centro-esquerda,0.3636
Câmara,centro-esquerda,-0.0365
Câmara,centro-esquerda,-0.1681
Câmara,centro-esquerda,-0.0443
Câmara,centro-esquerda,-0.0383
Câmara,centro-esquerda,0.1051
Câmara,centro-esquerda,-0.2455
Câmara,centro-esquerda,0.0805
Câmara,centro,-0.3662
Câmara,centro,-0.1008
Câmara,centro,0.0804
Câmara,centro,0.098
Câmara,centro,-0.182
Câmara,centro,-0.0807
Câmara,centro,-0.039
Câmara,centro,-0.0097
Câmara,centro,-0.1469
Câmara,centro,-0.2497
Câmara,centro,-0.0451
Câmara,centro,-0.043
Câmara,centro,-0.3445
Câmara,centro,0.0577
Câmara,centro,-0.3997
Câmara,centro,-0.1701
Câmara,centro,0.1916
Câmara,centro,-0.1107
Câmara,centro,-0.0345
Câmara,centro,-0.1357
Câmara,centro,-0.2635
Câmara,centro,0.2651
Câmara,centro,-0.4343
Câmara,centro,-0.0454
Câmara,centro,-0.1456
Câmara,centro,-0.3787
Câmara,centro,-0.1527
Câmara,centro,0.1441
Câmara,centro,0.2117
Câmara,centro,-0.0141
Câmara,centro,0.0286
Câmara,centro,-0.0597
Câmara,centro,-0.1607
Câmara,esquerda,0.1631
Câmara,esquerda,0.0935
Câmara,esquerda,0.0376
Câmara,esquerda,0.0629
Câmara,esquerda,0.0442
Câmara,esquerda,0.0873
Câmara,esquerda,0.1647
Câmara,esquerda,0.1016
Câmara,esquerda,0.1065
Câmara,esquerda,0.0038
Câmara,esquerda,-0.0214
Câmara,esquerda,-0.0555
Câmara,esquerda,-0.0188
Câmara,esquerda,-0.0864
Câmara,esquerda,-0.0416
Câmara,esquerda,0.0019
Câmara,esquerda,-0.092
Câmara,esquerda,-0.0426
Câmara,esquerda,-0.0032
Câmara,esquerda,-0.0122
Câmara,esquerda,-0.0571
Câmara,esquerda,-0.1233
Câmara,esquerda,-0.039
Câmara,esquerda,-0.0938
Câmara,esquerda,-0.0514
Câmara,esquerda,-0.038
Câmara,esquerda,-0.0831
Câmara,esquerda,-0.0155
Câmara,esquerda,-0.0477
Câmara,esquerda,-0.01
Câmara,esquerda,-0.0271
Câmara,esquerda,-0.0523
Câmara,esquerda,-0.0437
Câmara,esquerda,-0.0242
Câmara,esquerda,-0.1566
Câmara,esquerda,-0.0154
Câmara,esquerda,0.1273
Câmara,esquerda,-0.1891
Câmara,esquerda,-0.0468
Câmara,esquerda,-0.1168
Câmara,centro,-0.0564
Câmara,esquerda,0.0083
Câmara,esquerda,0.2218
Câmara,esquerda,0.5328
Câmara,esquerda,0.7341
Câmara,esquerda,-0.3056
Câmara,esquerda,-0.1857
Câmara,esquerda,0.0743
Câmara,esquerda,0.1981
Câmara,esquerda,-0.2407
Câmara,esquerda,0.1496
Câmara,centro,-0.02
Câmara,centro,-0.1569
Câmara,centro,0.0476
Câmara,centro,0.5489
Câmara,centro,-0.0717
Câmara,centro,0.0624
Câmara,centro,-0.2077
Câmara,centro,-0.1315
Câmara,centro,0.0241
Câmara,centro,-0.0785
Câmara,centro,-0.009
Câmara,centro,0.2147
Câmara,centro,0.4979
Câmara,centro,-0.1058
Câmara,centro,-0.139
Câmara,centro,0.0683
Câmara,centro,-0.0098
Câmara,centro,-0.0891
Câmara,centro,0.0458
Câmara,centro,-0.0673
Câmara,centro,-0.1097
Câmara,centro,-0.148
Câmara,centro,-0.0419
Câmara,centro,0.204
Câmara,centro,-0.2447
Câmara,centro,-0.4072
Câmara,centro,-0.671
Câmara,centro,-0.0555
Câmara,centro,0.422
Câmara,centro,0.4206
Câmara,centro,0.0757
Câmara,centro,-6e-04
Câmara,centro,0.1261
Câmara,centro,0.203
Câmara,centro,-0.3697
Câmara,centro,0.5654
Câmara,centro,0.0055
Câmara,centro,0.0797
Câmara,centro,0.2996
Câmara,centro,0.4095
Câmara,centro,0.502
Câmara,centro,-0.1256
Câmara,centro,0.1051
Câmara,centro,0.174
Câmara,centro,0.247
Câmara,centro,-0.3621
Câmara,centro,-0.0142
Câmara,centro,-0.0975
Câmara,centro,0.2595
Câmara,centro,-0.1031
Câmara,centro,-0.4664
Câmara,centro,0.0499
Câmara,centro,0.4247
Câmara,centro,-0.0483
Câmara,centro,0.0703
Câmara,centro,-0.0704
Câmara,centro,-0.218
Câmara,centro,0.3423
Câmara,centro,0.0329
Câmara,centro,0.1643
Câmara,centro,-0.0748
Câmara,centro,-0.1198
Câmara,centro,-0.0162
Câmara,centro,-0.6132
Câmara,centro,-0.2515
Câmara,centro,-0.0455
Câmara,centro,0.2425
Câmara,centro,-0.0299
Câmara,centro,0.1639
Câmara,centro,-0.0074
Câmara,centro,-0.0117
Câmara,centro,0.4229
Câmara,centro,-0.3084
Câmara,centro,-0.0658
Câmara,centro,0.6747
Câmara,centro,0.1978
Câmara,centro,-0.2341
Câmara,centro,-0.0108
Câmara,centro,0.1969
Câmara,centro,-0.2933
Câmara,centro,-0.2579
Câmara,centro,0.2465
Câmara,centro,0.1592
Câmara,centro,0.6771
Câmara,centro,0.374
Câmara,centro,-0.2656
Câmara,centro,-0.1027
Câmara,centro,-0.0901
Câmara,centro,-0.0045
Câmara,centro,-0.1159
Câmara,centro,-0.1466
Câmara,centro,-0.1559
Câmara,centro,0.1393
Câmara,centro,0.2225
Câmara,centro,0.6209
Câmara,centro,0.259
Câmara,centro,0.5383
Câmara,centro,-0.1739
Câmara,centro,-0.1107
Câmara,centro,-0.5353
Câmara,centro,0.0235
Câmara,centro,-0.0871
Câmara,centro,0.3951
Câmara,centro,-0.2547
Câmara,centro,-0.1594
Câmara,centro,0.2302
Câmara,centro,-0.0443
Câmara,centro,-0.347
Câmara,esquerda,-0.1058
Câmara,esquerda,-0.0581
Câmara,esquerda,-0.0047
Câmara,centro-esquerda,-0.0663
Câmara,centro-esquerda,-0.0222
Câmara,centro-esquerda,-0.0151
Câmara,centro-esquerda,0.0247
Câmara,centro-esquerda,-0.3096
Câmara,centro-esquerda,0.2084
Câmara,centro-esquerda,0.1265
Câmara,centro-esquerda,0.2395
Câmara,centro-esquerda,-0.1046
Câmara,centro-esquerda,0.16
Câmara,direita,0.251
Câmara,direita,-0.033
Câmara,direita,0.118
Câmara,direita,-0.0361
Câmara,direita,0.249
Câmara,direita,0.0149
Câmara,direita,0.2044
Câmara,direita,0.1129
Câmara,direita,0.2291
Câmara,direita,-0.2465
Câmara,direita,-0.0481
Câmara,direita,0.0578
Câmara,direita,-0.1437
Câmara,direita,0.0707
Câmara,direita,-0.0963
Câmara,direita,0.1568
Câmara,direita,0.0048
Câmara,direita,0.1154
Câmara,direita,-0.0798
Câmara,direita,0.1104
Câmara,direita,-0.3799
Câmara,direita,0.23
Câmara,direita,-0.0525
Câmara,direita,0.0344
Câmara,direita,-0.3099
Câmara,direita,0.0681
Câmara,direita,-0.3226
Câmara,direita,0.0241
Câmara,direita,-0.1651
Câmara,direita,0.1617
Câmara,direita,0.1219
Câmara,direita,-0.1345
Câmara,direita,-0.4466
Câmara,direita,0.0806
Câmara,direita,-0.1666
Câmara,direita,0.1967
Câmara,direita,0.0139
Câmara,direita,-0.1346
Câmara,direita,0.1491
Câmara,direita,0.1975
Câmara,direita,0.063
Câmara,direita,0.0286
Câmara,direita,-0.1377
Câmara,direita,-0.0244
Câmara,direita,-0.4837
Câmara,direita,0.1155
Câmara,direita,0.1973
Câmara,direita,0.1951
Câmara,direita,-0.1525
Câmara,direita,-0.2296
Câmara,direita,0.1672
Câmara,direita,0.0515
Câmara,centro,-0.2203
Câmara,centro,-0.2495
Câmara,centro,0.6041
Câmara,centro,0.1965
Câmara,centro,-0.115
Câmara,centro,-0.1412
Câmara,centro,-0.0832
Câmara,centro,-0.1652
Câmara,centro,0.2465
Câmara,centro,0.7866
Câmara,centro,0.1412
Câmara,centro,-0.1305
Câmara,centro,-0.0968
Câmara,centro,-0.3935
Câmara,centro,0.2139
Câmara,centro,-0.1325
Câmara,centro,-0.289
Câmara,centro,0.1504
Câmara,centro,-0.4867
Câmara,centro,0.0531
Câmara,centro,-0.2521
Câmara,centro,0.1808
Câmara,centro,-0.1313
Câmara,centro,-0.1975
Câmara,centro,0.0251
Câmara,centro,0.2135
Câmara,centro,0.3804
Câmara,centro,-0.0917
Câmara,centro,0.1348
Câmara,centro,-0.1805
Câmara,centro,-0.1542
Câmara,centro,0.5926
Câmara,centro,0.1208
Câmara,centro,-0.1551
Câmara,centro,-0.1754
Câmara,centro,0.1194
Câmara,centro,0.1744
Câmara,centro,-0.2801
Câmara,centro,0.4878
Câmara,centro,-0.1444
Câmara,centro,-0.0347
Câmara,centro,0.1086
Câmara,centro,-0.0973
Câmara,centro,-0.3308
Câmara,centro-esquerda,0.2589
Câmara,centro-esquerda,-0.0362
Câmara,centro-esquerda,-0.1453
Câmara,centro-esquerda,-0.0091
Câmara,centro-esquerda,-0.0707
Câmara,centro-esquerda,0.1245
Câmara,centro-esquerda,-0.263
Câmara,centro-esquerda,0.0811
Câmara,centro,-0.3833
Câmara,centro,-0.0993
Câmara,centro,0.085
Câmara,centro,0.0905
Câmara,centro,-0.1904
Câmara,centro,-0.0662
Câmara,centro,-0.038
Câmara,centro,0.0045
Câmara,centro,-0.1601
Câmara,centro,-0.2376
Câmara,centro,-0.0419
Câmara,centro,-0.0426
Câmara,centro,-0.3438
Câmara,centro,0.062
Câmara,centro,-0.3898
Câmara,centro,-0.157
Câmara,centro,0.1879
Câmara,centro,-0.1056
Câmara,centro,-0.0434
Câmara,centro,-0.1684
Câmara,centro,-0.2613
Câmara,centro,0.2671
Câmara,centro,-0.4251
Câmara,centro,-0.0531
Câmara,centro,-0.1556
Câmara,centro,-0.3774
Câmara,centro,-0.161
Câmara,centro,0.1189
Câmara,centro,0.2253
Câmara,centro,-0.0106
Câmara,centro,0.0168
Câmara,centro,-0.0535
Câmara,centro,-0.1327
Câmara,esquerda,0.1158
Câmara,esquerda,0.126
Câmara,esquerda,0.0268
Câmara,esquerda,0.1243
Câmara,esquerda,0.0491
Câmara,esquerda,0.0685
Câmara,esquerda,0.0903
Câmara,esquerda,0.0943
Câmara,esquerda,0.1197
Câmara,esquerda,-0.0017
Câmara,esquerda,-0.0368
Câmara,esquerda,-0.0523
Câmara,esquerda,-0.0467
Câmara,esquerda,-0.0943
Câmara,esquerda,-0.0432
Câmara,esquerda,-0.0142
Câmara,esquerda,-0.0877
Câmara,esquerda,-0.0425
Câmara,esquerda,0.0109
Câmara,esquerda,-0.009
Câmara,esquerda,-0.052
Câmara,esquerda,-0.117
Câmara,esquerda,-0.0293
Câmara,esquerda,-0.0745
Câmara,esquerda,-0.0425
Câmara,esquerda,-0.0509
Câmara,esquerda,-0.0911
Câmara,esquerda,-0.0134
Câmara,esquerda,-0.0638
Câmara,esquerda,-0.0064
Câmara,esquerda,-0.0722
Câmara,esquerda,-0.0583
Câmara,esquerda,-0.0307
Câmara,esquerda,-0.0171
Câmara,esquerda,-0.1605
Câmara,esquerda,-0.0266
Câmara,esquerda,0.1015
Câmara,esquerda,-0.1895
Câmara,esquerda,-0.0617
Câmara,esquerda,-0.1313
Câmara,centro,-0.0521
Câmara,esquerda,-0.2053
Câmara,esquerda,0.2845
Câmara,esquerda,0.408
Câmara,esquerda,0.6543
Câmara,esquerda,-0.3578
Câmara,esquerda,-0.181
Câmara,esquerda,0.0822
Câmara,esquerda,0.194
Câmara,esquerda,-0.2556
Câmara,esquerda,0.1592
Câmara,centro,-0.029
Câmara,centro,-0.1573
Câmara,centro,0.0309
Câmara,centro,0.5729
Câmara,centro,-0.1411
Câmara,centro,3e-04
Câmara,centro,-0.2137
Câmara,centro,-0.1504
Câmara,centro,0.0265
Câmara,centro,-0.0756
Câmara,centro,-0.027
Câmara,centro,0.2038
Câmara,centro,0.5369
Câmara,centro,-0.096
Câmara,centro,-0.1436
Câmara,centro,0.0978
Câmara,centro,0.0034
Câmara,centro,-0.1124
Câmara,centro,0.0789
Câmara,centro,-0.0616
Câmara,centro,-0.105
Câmara,centro,-0.1478
Câmara,centro,-0.0444
Câmara,centro,0.2308
Câmara,centro,-0.2478
Câmara,centro,-0.4144
Câmara,centro,-0.6585
Câmara,centro,-0.0681
Câmara,centro,0.437
Câmara,centro,0.3938
Câmara,centro,0.091
Câmara,centro,0.0119
Câmara,centro,0.1496
Câmara,centro,0.22
Câmara,centro,-0.3646
Câmara,centro,0.5693
Câmara,centro,0.0106
Câmara,centro,0.0746
Câmara,centro,0.36
Câmara,centro,0.3609
Câmara,centro,0.4548
Câmara,centro,-0.1251
Câmara,centro,0.0871
Câmara,centro,0.1694
Câmara,centro,0.2529
Câmara,centro,-0.3716
Câmara,centro,-0.0243
Câmara,centro,-0.0802
Câmara,centro,0.2654
Câmara,centro,-0.0987
Câmara,centro,-0.4645
Câmara,centro,0.0482
Câmara,centro,0.4281
Câmara,centro,-0.0636
Câmara,centro,0.0352
Câmara,centro,-0.0821
Câmara,centro,-0.2422
Câmara,centro,0.3498
Câmara,centro,0.0261
Câmara,centro,0.1809
Câmara,centro,-0.0614
Câmara,centro,-0.1282
Câmara,centro,-0.0136
Câmara,centro,-0.6052
Câmara,centro,-0.2464
Câmara,centro,-0.0448
Câmara,centro,0.2422
Câmara,centro,-0.0294
Câmara,centro,0.1797
Câmara,centro,-0.0094
Câmara,centro,-0.0284
Câmara,centro,0.4536
Câmara,centro,-0.208
Câmara,centro,-0.063
Câmara,centro,0.6847
Câmara,centro,0.1982
Câmara,centro,-0.2335
Câmara,centro,0.0029
Câmara,centro,0.1883
Câmara,centro,-0.2767
Câmara,centro,-0.2681
Câmara,centro,0.2438
Câmara,centro,0.1563
Câmara,centro,0.5991
Câmara,centro,0.3309
Câmara,centro,-0.2762
Câmara,centro,-0.0642
Câmara,centro,-0.0879
Câmara,centro,-0.0136
Câmara,centro,-0.1089
Câmara,centro,-0.1422
Câmara,centro,-0.1793
Câmara,centro,0.1363
Câmara,centro,0.2051
Câmara,centro,0.6241
Câmara,centro,0.272
Câmara,centro,0.5504
Câmara,centro,-0.1676
Câmara,centro,-0.0943
Câmara,centro,-0.5137
Câmara,centro,-6e-04
Câmara,centro,-0.0676
Câmara,centro,0.4053
Câmara,centro,-0.2604
Câmara,centro,-0.1729
Câmara,centro,0.2534
Câmara,centro,-0.0472
Câmara,centro,-0.3747
Câmara,esquerda,-0.102
Câmara,esquerda,-0.0565
Câmara,esquerda,0.0085
Câmara,centro-esquerda,-0.0729
Câmara,centro-esquerda,-0.0275
Câmara,centro-esquerda,-0.0448
Câmara,centro-esquerda,0.0279
Câmara,centro-esquerda,-0.3185
Câmara,centro-esquerda,0.2179
Câmara,centro-esquerda,0.1213
Câmara,centro-esquerda,0.2443
Câmara,centro-esquerda,-0.1239
Câmara,centro-esquerda,0.226
Câmara,direita,0.251
Câmara,direita,-0.0327
Câmara,direita,0.1218
Câmara,direita,-0.0467
Câmara,direita,0.2539
Câmara,direita,0.0256
Câmara,direita,0.2082
Câmara,direita,0.1229
Câmara,direita,0.2417
Câmara,direita,-0.2331
Câmara,direita,-0.0757
Câmara,direita,0.0715
Câmara,direita,-0.133
Câmara,direita,0.0706
Câmara,direita,-0.1103
Câmara,direita,0.2294
Câmara,direita,-0.0137
Câmara,direita,0.1032
Câmara,direita,0.0038
Câmara,direita,0.1234
Câmara,direita,-0.4113
Câmara,direita,0.2553
Câmara,direita,-0.0472
Câmara,direita,0.0494
Câmara,direita,-0.3099
Câmara,direita,0.0788
Câmara,direita,-0.3238
Câmara,direita,0.0057
Câmara,direita,-0.1841
Câmara,direita,0.1572
Câmara,direita,0.1298
Câmara,direita,-0.1555
Câmara,direita,-0.4648
Câmara,direita,0.1216
Câmara,direita,-0.1725
Câmara,direita,0.1649
Câmara,direita,0.0105
Câmara,direita,-0.1138
Câmara,direita,0.1474
Câmara,direita,0.1613
Câmara,direita,0.1134
Câmara,direita,0.049
Câmara,direita,-0.1181
Câmara,direita,-0.021
Câmara,direita,-0.4919
Câmara,direita,0.1128
Câmara,direita,0.1959
Câmara,direita,0.1986
Câmara,direita,-0.1457
Câmara,direita,-0.2155
Câmara,direita,0.1652
Câmara,direita,0.0257
Câmara,centro,-0.1777
Câmara,centro,-0.2472
Câmara,centro,0.6169
Câmara,centro,0.2042
Câmara,centro,-0.0996
Câmara,centro,-0.1399
Câmara,centro,-0.0762
Câmara,centro,-0.1529
Câmara,centro,0.2869
Câmara,centro,0.8047
Câmara,centro,0.1326
Câmara,centro,-0.1166
Câmara,centro,-0.0922
Câmara,centro,-0.3781
Câmara,centro,0.223
Câmara,centro,-0.1249
Câmara,centro,-0.2862
Câmara,centro,0.1347
Câmara,centro,-0.4845
Câmara,centro,0.0553
Câmara,centro,-0.2547
Câmara,centro,0.1735
Câmara,centro,-0.1262
Câmara,centro,-0.1758
Câmara,centro,0.013
Câmara,centro,0.2231
Câmara,centro,0.3651
Câmara,centro,-0.1027
Câmara,centro,0.1267
Câmara,centro,-0.1729
Câmara,centro,-0.1469
Câmara,centro,0.5443
Câmara,centro,0.1324
Câmara,centro,-0.1574
Câmara,centro,-0.1844
Câmara,centro,0.1502
Câmara,centro,0.1805
Câmara,centro,-0.255
Câmara,centro,0.4939
Câmara,centro,-0.1947
Câmara,centro,-0.0517
Câmara,centro,0.1233
Câmara,centro,-0.0869
Câmara,centro,-0.3256
Câmara,centro-esquerda,0.3553
Câmara,centro-esquerda,-0.0276
Câmara,centro-esquerda,-0.1454
Câmara,centro-esquerda,-0.0484
Câmara,centro-esquerda,-0.0212
Câmara,centro-esquerda,0.1198
Câmara,centro-esquerda,-0.2631
Câmara,centro-esquerda,-0.0341
Câmara,centro,-0.3834
Câmara,centro,-0.1066
Câmara,centro,0.078
Câmara,centro,0.0774
Câmara,centro,-0.1845
Câmara,centro,-0.0803
Câmara,centro,-0.0344
Câmara,centro,-0.0168
Câmara,centro,-0.156
Câmara,centro,-0.239
Câmara,centro,-0.0366
Câmara,centro,-0.0539
Câmara,centro,-0.3451
Câmara,centro,0.0506
Câmara,centro,-0.3865
Câmara,centro,-0.1479
Câmara,centro,0.1979
Câmara,centro,-0.101
Câmara,centro,-0.0451
Câmara,centro,-0.1414
Câmara,centro,-0.2568
Câmara,centro,0.2723
Câmara,centro,-0.4461
Câmara,centro,-0.0363
Câmara,centro,-0.1608
Câmara,centro,-0.3685
Câmara,centro,-0.1587
Câmara,centro,0.1493
Câmara,centro,0.2358
Câmara,centro,-0.003
Câmara,centro,0.0154
Câmara,centro,-0.0534
Câmara,centro,-0.1374
Câmara,esquerda,0.1199
Câmara,esquerda,0.0917
Câmara,esquerda,0.0589
Câmara,esquerda,0.087
Câmara,esquerda,0.0307
Câmara,esquerda,0.0945
Câmara,esquerda,0.1342
Câmara,esquerda,0.0931
Câmara,esquerda,0.1157
Câmara,esquerda,0.0164
Câmara,esquerda,-0.0204
Câmara,esquerda,-0.0535
Câmara,esquerda,-0.05
Câmara,esquerda,-0.0884
Câmara,esquerda,-0.0468
Câmara,esquerda,-0.0121
Câmara,esquerda,-0.0824
Câmara,esquerda,-0.0451
Câmara,esquerda,-0.0017
Câmara,esquerda,-0.0022
Câmara,esquerda,-0.0462
Câmara,esquerda,-0.1163
Câmara,esquerda,-0.0338
Câmara,esquerda,-0.0828
Câmara,esquerda,-0.0535
Câmara,esquerda,-0.0312
Câmara,esquerda,-0.1141
Câmara,esquerda,-0.0051
Câmara,esquerda,-0.0493
Câmara,esquerda,0.0044
Câmara,esquerda,-0.049
Câmara,esquerda,-0.0642
Câmara,esquerda,-0.0342
Câmara,esquerda,-0.0097
Câmara,esquerda,-0.1656
Câmara,esquerda,-0.0089
Câmara,esquerda,0.1231
Câmara,esquerda,-0.1769
Câmara,esquerda,-0.0588
Câmara,esquerda,-0.1126
Câmara,centro,-0.0605
Câmara,esquerda,-0.1521
Câmara,esquerda,0.2275
Câmara,esquerda,0.4299
Câmara,esquerda,0.6427
Câmara,esquerda,-0.2325
Câmara,esquerda,-0.2098
Câmara,esquerda,0.0967
Câmara,esquerda,0.1934
Câmara,esquerda,-0.2422
Câmara,esquerda,0.1687
Câmara,centro,-0.0351
Câmara,centro,-0.1557
Câmara,centro,0.0415
Câmara,centro,0.5675
Câmara,centro,-0.098
Câmara,centro,0.052
Câmara,centro,-0.2237
Câmara,centro,-0.1213
Câmara,centro,0.023
Câmara,centro,-0.0744
Câmara,centro,-0.0093
Câmara,centro,0.2155
Câmara,centro,0.5178
Câmara,centro,-0.1111
Câmara,centro,-0.1336
Câmara,centro,0.0694
Câmara,centro,-0.0042
Câmara,centro,-0.0753
Câmara,centro,0.0656
Câmara,centro,-0.0662
Câmara,centro,-0.0969
Câmara,centro,-0.162
Câmara,centro,-0.0176
Câmara,centro,0.2387
Câmara,centro,-0.2565
Câmara,centro,-0.4239
Câmara,centro,-0.6663
Câmara,centro,-0.0668
Câmara,centro,0.4482
Câmara,centro,0.4262
Câmara,centro,0.0731
Câmara,centro,-0.0202
Câmara,centro,0.1424
Câmara,centro,0.2024
Câmara,centro,-0.3623
Câmara,centro,0.5675
Câmara,centro,0.0196
Câmara,centro,0.0659
Câmara,centro,0.2872
Câmara,centro,0.3299
Câmara,centro,0.5198
Câmara,centro,-0.1234
Câmara,centro,0.111
Câmara,centro,0.19
Câmara,centro,0.3036
Câmara,centro,-0.3616
Câmara,centro,-0.0236
Câmara,centro,-0.0898
Câmara,centro,0.2686
Câmara,centro,-0.0951
Câmara,centro,-0.4565
Câmara,centro,0.0385
Câmara,centro,0.4242
Câmara,centro,-0.0607
Câmara,centro,0.0382
Câmara,centro,-0.0727
Câmara,centro,-0.216
Câmara,centro,0.3219
Câmara,centro,0.0779
Câmara,centro,0.1556
Câmara,centro,-0.0817
Câmara,centro,-0.1235
Câmara,centro,-0.0186
Câmara,centro,-0.6223
Câmara,centro,-0.2672
Câmara,centro,-0.0343
Câmara,centro,0.2246
Câmara,centro,-0.0364
Câmara,centro,0.1847
Câmara,centro,-0.0133
Câmara,centro,0.0024
Câmara,centro,0.4723
Câmara,centro,-0.2766
Câmara,centro,-0.0445
Câmara,centro,0.6846
Câmara,centro,0.2265
Câmara,centro,-0.2277
Câmara,centro,0.0059
Câmara,centro,0.2065
Câmara,centro,-0.265
Câmara,centro,-0.2568
Câmara,centro,0.264
Câmara,centro,0.1601
Câmara,centro,0.583
Câmara,centro,0.3476
Câmara,centro,-0.2655
Câmara,centro,-0.1042
Câmara,centro,-0.0788
Câmara,centro,-0.0222
Câmara,centro,-0.1183
Câmara,centro,-0.1726
Câmara,centro,-0.1493
Câmara,centro,0.1347
Câmara,centro,0.2185
Câmara,centro,0.6375
Câmara,centro,0.2748
Câmara,centro,0.5334
Câmara,centro,-0.1651
Câmara,centro,-0.1093
Câmara,centro,-0.5185
Câmara,centro,0.0216
Câmara,centro,-0.0832
Câmara,centro,0.4088
Câmara,centro,-0.2608
Câmara,centro,-0.159
Câmara,centro,0.2343
Câmara,centro,-0.0557
Câmara,centro,-0.3444
Câmara,esquerda,-0.096
Câmara,esquerda,-0.067
Câmara,esquerda,-0.0139
Câmara,centro-esquerda,-0.0785
Câmara,centro-esquerda,-0.0566
Câmara,centro-esquerda,-0.0448
Câmara,centro-esquerda,0.0289
Câmara,centro-esquerda,-0.2871
Câmara,centro-esquerda,0.197
Câmara,centro-esquerda,0.1503
Câmara,centro-esquerda,0.2037
Câmara,centro-esquerda,-0.1281
Câmara,centro-esquerda,0.0926
Câmara,direita,0.2584
Câmara,direita,-0.0473
Câmara,direita,0.1297
Câmara,direita,-0.0449
Câmara,direita,0.2467
Câmara,direita,0.0013
Câmara,direita,0.2109
Câmara,direita,0.1175
Câmara,direita,0.2464
Câmara,direita,-0.2329
Câmara,direita,-0.0484
Câmara,direita,0.0656
Câmara,direita,-0.1336
Câmara,direita,0.0391
Câmara,direita,-0.1024
Câmara,direita,0.1828
Câmara,direita,-0.019
Câmara,direita,0.0951
Câmara,direita,0.0186
Câmara,direita,0.1181
Câmara,direita,-0.4056
Câmara,direita,0.2188
Câmara,direita,-0.0396
Câmara,direita,0.0376
Câmara,direita,-0.3255
Câmara,direita,0.0717
Câmara,direita,-0.3064
Câmara,direita,0.0392
Câmara,direita,-0.1913
Câmara,direita,0.1601
Câmara,direita,0.1475
Câmara,direita,-0.1488
Câmara,direita,-0.4459
Câmara,direita,0.1162
Câmara,direita,-0.1736
Câmara,direita,0.1917
Câmara,direita,0.0154
Câmara,direita,-0.0976
Câmara,direita,0.1796
Câmara,direita,0.162
Câmara,direita,0.0821
Câmara,direita,0.0331
Câmara,direita,-0.1553
Câmara,direita,-0.0113
Câmara,direita,-0.4966
Câmara,direita,0.1214
Câmara,direita,0.2042
Câmara,direita,0.1877
Câmara,direita,-0.1483
Câmara,direita,-0.2247
Câmara,direita,0.1765
Câmara,direita,0.0229
Câmara,centro,-0.2047
Câmara,centro,-0.2518
Câmara,centro,0.6341
Câmara,centro,0.1875
Câmara,centro,-0.0988
Câmara,centro,-0.129
Câmara,centro,-0.0825
Câmara,centro,-0.1544
Câmara,centro,0.2744
Câmara,centro,0.7728
Câmara,centro,0.1525
Câmara,centro,-0.1247
Câmara,centro,-0.092
Câmara,centro,-0.3553
Câmara,centro,0.2259
Câmara,centro,-0.1154
Câmara,centro,-0.2853
Câmara,centro,0.1453
Câmara,centro,-0.4703
Câmara,centro,0.0401
Câmara,centro,-0.2768
Câmara,centro,0.1766
Câmara,centro,-0.1276
Câmara,centro,-0.2012
Câmara,centro,-0.0011
Câmara,centro,0.2235
Câmara,centro,0.3618
Câmara,centro,-0.0964
Câmara,centro,0.1232
Câmara,centro,-0.1763
Câmara,centro,-0.1533
Câmara,centro,0.5519
Câmara,centro,0.1112
Câmara,centro,-0.1542
Câmara,centro,-0.1867
Câmara,centro,0.1353
Câmara,centro,0.1755
Câmara,centro,-0.2634
Câmara,centro,0.4893
Câmara,centro,-0.2175
Câmara,centro,-0.0546
Câmara,centro,0.1261
Câmara,centro,-0.0907
Câmara,centro,-0.3194
Câmara,centro-esquerda,0.2262
Câmara,centro-esquerda,-0.0351
Câmara,centro-esquerda,-0.1454
Câmara,centro-esquerda,-0.0332
Câmara,centro-esquerda,-0.0454
Câmara,centro-esquerda,0.1226
Câmara,centro-esquerda,-0.2569
Câmara,centro-esquerda,0.1371
Câmara,centro,-0.3805
Câmara,centro,-0.1031
Câmara,centro,0.0508
Câmara,centro,0.0991
Câmara,centro,-0.1838
Câmara,centro,-0.0676
Câmara,centro,-0.0309
Câmara,centro,-0.0081
Câmara,centro,-0.1563
Câmara,centro,-0.2228
Câmara,centro,-0.0419
Câmara,centro,-0.0446
Câmara,centro,-0.33
Câmara,centro,0.057
Câmara,centro,-0.3536
Câmara,centro,-0.1581
Câmara,centro,0.1962
Câmara,centro,-0.1022
Câmara,centro,-0.0394
Câmara,centro,-0.1523
Câmara,centro,-0.2501
Câmara,centro,0.2689
Câmara,centro,-0.4178
Câmara,centro,-0.0373
Câmara,centro,-0.1696
Câmara,centro,-0.3596
Câmara,centro,-0.1756
Câmara,centro,0.1424
Câmara,centro,0.2234
Câmara,centro,-0.0099
Câmara,centro,0.0298
Câmara,centro,-0.0579
Câmara,centro,-0.1513
Câmara,esquerda,0.0976
Câmara,esquerda,0.1045
Câmara,esquerda,0.0315
Câmara,esquerda,0.0643
Câmara,esquerda,0.0519
Câmara,esquerda,0.1066
Câmara,esquerda,0.1193
Câmara,esquerda,0.0914
Câmara,esquerda,0.1123
Câmara,esquerda,0.0079
Câmara,esquerda,-0.0232
Câmara,esquerda,-0.05
Câmara,esquerda,-0.0457
Câmara,esquerda,-0.0862
Câmara,esquerda,-0.0317
Câmara,esquerda,-0.016
Câmara,esquerda,-0.0867
Câmara,esquerda,-0.0502
Câmara,esquerda,-0.0052
Câmara,esquerda,-0.0064
Câmara,esquerda,-0.0635
Câmara,esquerda,-0.1231
Câmara,esquerda,-0.0266
Câmara,esquerda,-0.0826
Câmara,esquerda,-0.0533
Câmara,esquerda,-0.0541
Câmara,esquerda,-0.0962
Câmara,esquerda,-0.0181
Câmara,esquerda,-0.0354
Câmara,esquerda,-0.0197
Câmara,esquerda,-0.0573
Câmara,esquerda,-0.0347
Câmara,esquerda,-0.0474
Câmara,esquerda,-0.013
Câmara,esquerda,-0.1575
Câmara,esquerda,-0.0137
Câmara,esquerda,0.1193
Câmara,esquerda,-0.1728
Câmara,esquerda,-0.043
Câmara,esquerda,-0.1264
Câmara,centro,-0.057
Câmara,esquerda,-0.1446
Câmara,esquerda,0.2475
Câmara,esquerda,0.423
Câmara,esquerda,0.646
Câmara,esquerda,-0.3213
Câmara,esquerda,-0.2126
Câmara,esquerda,0.0915
Câmara,esquerda,0.2139
Câmara,esquerda,-0.2466
Câmara,esquerda,0.1409
Câmara,centro,-0.0322
Câmara,centro,-0.151
Câmara,centro,0.0406
Câmara,centro,0.5578
Câmara,centro,-0.1041
Câmara,centro,0.0245
Câmara,centro,-0.191
Câmara,centro,-0.1433
Câmara,centro,0.0326
Câmara,centro,-0.0566
Câmara,centro,-0.0156
Câmara,centro,0.1968
Câmara,centro,0.5214
Câmara,centro,-0.1171
Câmara,centro,-0.134
Câmara,centro,0.0799
Câmara,centro,0.0078
Câmara,centro,-0.0929
Câmara,centro,0.086
Câmara,centro,-0.0461
Câmara,centro,-0.1105
Câmara,centro,-0.1753
Câmara,centro,-0.0316
Câmara,centro,0.1995
Câmara,centro,-0.2439
Câmara,centro,-0.4147
Câmara,centro,-0.6638
Câmara,centro,-0.0524
Câmara,centro,0.398
Câmara,centro,0.4258
Câmara,centro,0.0828
Câmara,centro,0.0089
Câmara,centro,0.1052
Câmara,centro,0.1995
Câmara,centro,-0.3603
Câmara,centro,0.5771
Câmara,centro,0.0142
Câmara,centro,0.0595
Câmara,centro,0.3404
Câmara,centro,0.4066
Câmara,centro,0.5167
Câmara,centro,-0.1268
Câmara,centro,0.0998
Câmara,centro,0.1794
Câmara,centro,0.2559
Câmara,centro,-0.3907
Câmara,centro,-0.0274
Câmara,centro,-0.0793
Câmara,centro,0.2517
Câmara,centro,-0.0969
Câmara,centro,-0.4722
Câmara,centro,0.0363
Câmara,centro,0.412
Câmara,centro,-0.0555
Câmara,centro,0.0792
Câmara,centro,-0.0753
Câmara,centro,-0.2468
Câmara,centro,0.3381
Câmara,centro,0.033
Câmara,centro,0.1642
Câmara,centro,-0.0726
Câmara,centro,-0.1267
Câmara,centro,-0.0218
Câmara,centro,-0.6072
Câmara,centro,-0.2588
Câmara,centro,-0.0246
Câmara,centro,0.2274
Senado,centro,0.1529
Senado,centro,-0.1978
Senado,centro,-0.2005
Senado,centro,0.0634
Senado,centro,0.1723
Senado,centro,0.4693
Senado,centro,-0.0636
Senado,centro,0.1463
Senado,centro,-0.1213
Senado,centro,0.0427
Senado,centro,0.0065
Senado,centro,0.0376
Senado,centro,-0.038
Senado,centro,0.5071
Senado,centro,0.1488
Senado,centro,0.172
Senado,centro,0.0016
Senado,centro,0.3101
Senado,centro,0.1445
Senado,centro,-0.1342
Senado,centro,0.041
Senado,centro,-0.1269
Senado,centro,-0.0825
Senado,centro,-0.241
Senado,centro,0.4406
Senado,centro,0.2386
Senado,centro,-0.2089
Senado,centro,0.26
Senado,direita,-0.124
Senado,direita,-0.0393
Senado,direita,0.3228
Senado,centro,0.1335
Senado,centro-esquerda,0.0418
Senado,centro-esquerda,-0.0584
Senado,centro-esquerda,0.1398
Senado,centro-esquerda,-0.0145
Senado,centro-esquerda,0.0119
Senado,centro-esquerda,0.2091
Senado,centro-esquerda,-0.4923
Senado,centro-esquerda,-0.2661
Senado,centro-esquerda,0.5288
Senado,direita,-0.1584
Senado,direita,0.2603
Senado,direita,0.016
Senado,direita,0.1193
Senado,direita,0.2933
Senado,direita,0.1321
Senado,direita,-0.3511
Senado,direita,0.0722
Senado,direita,-0.1749
Senado,direita,-0.1756
Senado,direita,0.1266
Senado,direita,0.0447
Senado,direita,0.1465
Senado,direita,0.0414
Senado,direita,-0.1827
Senado,direita,-0.2298
Senado,direita,-0.0948
Senado,direita,0.2431
Senado,direita,0.2051
Senado,direita,0.0025
Senado,direita,0.157
Senado,direita,0.089
Senado,direita,0.1436
Senado,direita,-0.0014
Senado,direita,-0.2427
Senado,direita,0.1318
Senado,direita,-0.0799
Senado,direita,0.2078
Senado,direita,-0.0788
Senado,centro,-0.0511
Senado,centro,0.5845
Senado,centro,-0.2099
Senado,centro,0.0327
Senado,centro,-0.1238
Senado,centro,0.1532
Senado,centro,-0.2085
Senado,centro,-0.2883
Senado,centro,-0.0289
Senado,centro,0.2245
Senado,centro,0.0484
Senado,centro,0.0332
Senado,centro,-0.0341
Senado,centro,0.0378
Senado,centro,0.0329
Senado,centro,0.014
Senado,centro,0.2157
Senado,centro,0.3279
Senado,centro,-0.2767
Senado,centro,-0.0093
Senado,centro,-0.1743
Senado,centro,0.108
Senado,centro,-0.125
Senado,centro,0.0351
Senado,centro,0.0858
Senado,centro,0.0182
Senado,centro,0.1266
Senado,centro,0.0796
Senado,centro,0.4668
Senado,centro,0.1881
Senado,centro-esquerda,-0.1385
Senado,centro-esquerda,-0.5599
Senado,centro-esquerda,0.1512
Senado,centro-esquerda,-0.4501
Senado,centro-esquerda,-0.3373
Senado,centro-esquerda,0.0245
Senado,centro-esquerda,0.3451
Senado,centro-esquerda,0.4593
Senado,centro,-0.1538
Senado,centro,0.0058
Senado,centro,0.0365
Senado,centro,-0.1379
Senado,centro,0.0444
Senado,centro,0.0917
Senado,centro,0.0884
Senado,centro,0.024
Senado,centro,0.035
Senado,centro,-0.1777
Senado,centro,0.126
Senado,centro,-0.0536
Senado,centro,-0.1035
Senado,centro,-0.5851
Senado,centro,0.0522
Senado,centro,-0.8335
Senado,centro,-0.0768
Senado,centro,0.0811
Senado,centro,0.1219
Senado,centro,0.0709
Senado,centro,0.1932
Senado,centro,-0.0535
Senado,centro,0.4545
Senado,centro,-0.1131
Senado,centro,0.0577
Senado,centro,-0.3271
Senado,centro,-0.264
Senado,centro,0.1383
Senado,centro,0.1006
Senado,centro,-0.7507
Senado,centro,-0.0374
Senado,centro,-0.5286
Senado,centro,0.2512
Senado,centro,0.0694
Senado,esquerda,0.1482
Senado,esquerda,-0.1478
Senado,esquerda,-0.0959
Senado,esquerda,0.1156
Senado,esquerda,-0.0399
Senado,esquerda,0.0089
Senado,esquerda,0.1523
Senado,esquerda,0.0333
Senado,esquerda,-0.1493
Senado,esquerda,-0.1197
Senado,esquerda,-0.1265
Senado,esquerda,0.0859
Senado,esquerda,-0.099
Senado,esquerda,-0.0663
Senado,esquerda,-0.0701
Senado,esquerda,-0.0465
Senado,esquerda,-0.1692
Senado,esquerda,0.088
Senado,esquerda,0.0204
Senado,esquerda,-0.1671
Senado,esquerda,0.021
Senado,esquerda,-0.0234
Senado,esquerda,0.1835
Senado,centro,-0.2242
Senado,centro,-0.23
Senado,centro,-0.2836
Senado,centro,0.3083
Senado,esquerda,0.3078
Senado,esquerda,-0.329
Senado,esquerda,-0.1933
Senado,esquerda,0.1085
Senado,esquerda,0.0808
Senado,esquerda,-0.1574
Senado,esquerda,-0.1755
Senado,centro,0.067
Senado,centro,0.0132
Senado,centro,0.0109
Senado,centro,-0.0501
Senado,centro,0.236
Senado,centro,-0.5083
Senado,centro,-0.0195
Senado,centro,-0.3571
Senado,centro,-0.3431
Senado,centro,-0.0409
Senado,centro,0.4112
Senado,centro,0.3815
Senado,centro,0.0117
Senado,centro,0.2629
Senado,centro,-0.0999
Senado,centro,0.154
Senado,centro,-0.3929
Senado,centro,0.1513
Senado,centro,0.0113
Senado,centro,-0.2546
Senado,centro,0.1215
Senado,centro,0.1519
Senado,centro,-0.2117
Senado,centro,-0.2086
Senado,centro,0.0709
Senado,centro,0.1923
Senado,centro,0.4332
Senado,centro,-0.055
Senado,centro,0.1627
Senado,centro,-0.1454
Senado,centro,0.0599
Senado,centro,0.01
Senado,centro,0.0357
Senado,centro,-0.0337
Senado,centro,0.5089
Senado,centro,0.1677
Senado,centro,0.1688
Senado,centro,0.0279
Senado,centro,0.3113
Senado,centro,0.1612
Senado,centro,-0.1573
Senado,centro,0.0581
Senado,centro,-0.1386
Senado,centro,-0.0511
Senado,centro,-0.2358
Senado,centro,0.439
Senado,centro,0.236
Senado,centro,-0.2067
Senado,centro,0.2494
Senado,direita,-0.104
Senado,direita,-0.0281
Senado,direita,0.3036
Senado,centro,0.1411
Senado,centro-esquerda,0.0848
Senado,centro-esquerda,-0.0674
Senado,centro-esquerda,0.1119
Senado,centro-esquerda,-0.018
Senado,centro-esquerda,0.0377
Senado,centro-esquerda,0.1876
Senado,centro-esquerda,-0.4938
Senado,centro-esquerda,-0.2419
Senado,centro-esquerda,0.5187
Senado,direita,-0.1322
Senado,direita,0.2682
Senado,direita,0.0117
Senado,direita,0.1242
Senado,direita,0.3014
Senado,direita,0.1365
Senado,direita,-0.3451
Senado,direita,0.0638
Senado,direita,-0.1876
Senado,direita,-0.1595
Senado,direita,0.1237
Senado,direita,0.045
Senado,direita,0.1478
Senado,direita,0.0303
Senado,direita,-0.1848
Senado,direita,-0.2483
Senado,direita,-0.0895
Senado,direita,0.2497
Senado,direita,0.2123
Senado,direita,0.0066
Senado,direita,0.1722
Senado,direita,0.085
Senado,direita,0.1447
Senado,direita,0.0184
Senado,direita,-0.2409
Senado,direita,0.1189
Senado,direita,-0.0863
Senado,direita,0.2094
Senado,direita,-0.0845
Senado,centro,-0.0287
Senado,centro,0.5847
Senado,centro,-0.2009
Senado,centro,0.0318
Senado,centro,-0.1118
Senado,centro,0.1565
Senado,centro,-0.2283
Senado,centro,-0.2662
Senado,centro,-0.021
Senado,centro,0.2048
Senado,centro,0.0343
Senado,centro,0.0372
Senado,centro,-0.032
Senado,centro,0.019
Senado,centro,0.0457
Senado,centro,0.0348
Senado,centro,0.2324
Senado,centro,0.3084
Senado,centro,-0.2907
Senado,centro,-0.0081
Senado,centro,-0.163
Senado,centro,0.0896
Senado,centro,-0.1141
Senado,centro,0.0375
Senado,centro,0.0997
Senado,centro,0.033
Senado,centro,0.138
Senado,centro,0.007
Senado,centro,0.4244
Senado,centro,0.1442
Senado,centro-esquerda,-0.1337
Senado,centro-esquerda,-0.516
Senado,centro-esquerda,0.1447
Senado,centro-esquerda,-0.4622
Senado,centro-esquerda,-0.307
Senado,centro-esquerda,-0.0022
Senado,centro-esquerda,0.3108
Senado,centro-esquerda,0.4807
Senado,centro,-0.1561
Senado,centro,0.0357
Senado,centro,0.0827
Senado,centro,-0.1394
Senado,centro,0.0491
Senado,centro,0.0864
Senado,centro,0.0988
Senado,centro,-0.0075
Senado,centro,0.0511
Senado,centro,-0.169
Senado,centro,0.1282
Senado,centro,-0.0378
Senado,centro,-0.1092
Senado,centro,-0.5962
Senado,centro,0.0571
Senado,centro,-0.8416
Senado,centro,-0.0576
Senado,centro,0.0881
Senado,centro,0.0956
Senado,centro,0.0528
Senado,centro,0.2002
Senado,centro,-0.0934
Senado,centro,0.4465
Senado,centro,-0.0269
Senado,centro,0.0664
Senado,centro,-0.3108
Senado,centro,-0.2554
Senado,centro,0.1152
Senado,centro,0.1083
Senado,centro,-0.7171
Senado,centro,-0.0742
Senado,centro,-0.5368
Senado,centro,0.2419
Senado,centro,0.0667
Senado,esquerda,0.1545
Senado,esquerda,-0.0758
Senado,esquerda,-0.1005
Senado,esquerda,0.1352
Senado,esquerda,-0.0341
Senado,esquerda,-0.0182
Senado,esquerda,0.106
Senado,esquerda,0.0257
Senado,esquerda,-0.1109
Senado,esquerda,-0.1033
Senado,esquerda,-0.0894
Senado,esquerda,0.0795
Senado,esquerda,-0.0903
Senado,esquerda,-0.0699
Senado,esquerda,-0.0899
Senado,esquerda,-0.0594
Senado,esquerda,-0.1891
Senado,esquerda,0.1027
Senado,esquerda,0.0123
Senado,esquerda,-0.1433
Senado,esquerda,0.0182
Senado,esquerda,-0.0468
Senado,esquerda,0.1589
Senado,centro,-0.272
Senado,centro,-0.2356
Senado,centro,-0.2816
Senado,centro,0.31
Senado,esquerda,0.3168
Senado,esquerda,-0.3416
Senado,esquerda,-0.1997
Senado,esquerda,0.1347
Senado,esquerda,0.0857
Senado,esquerda,-0.141
Senado,esquerda,-0.1423
Senado,centro,0.045
Senado,centro,0.0114
Senado,centro,0.0032
Senado,centro,-0.0939
Senado,centro,0.223
Senado,centro,-0.4962
Senado,centro,-0.0219
Senado,centro,-0.3767
Senado,centro,-0.3442
Senado,centro,-0.0753
Senado,centro,0.3919
Senado,centro,0.3939
Senado,centro,0.0056
Senado,centro,0.2979
Senado,centro,-0.0949
Senado,centro,0.15
Senado,centro,-0.3651
Senado,centro,0.162
Senado,centro,0.0171
Senado,centro,-0.2277
Senado,centro,0.1031
Senado,centro,0.1287
Senado,centro,-0.2085
Senado,centro,-0.2271
Senado,centro,0.0677
Senado,centro,0.1724
Senado,centro,0.4615
Senado,centro,-0.0593
Senado,centro,0.137
Senado,centro,-0.1477
Senado,centro,0.0579
Senado,centro,0.008
Senado,centro,0.0328
Senado,centro,-0.0267
Senado,centro,0.51
Senado,centro,0.1572
Senado,centro,0.1702
Senado,centro,0.0179
Senado,centro,0.2922
Senado,centro,0.1362
Senado,centro,-0.1604
Senado,centro,0.0561
Senado,centro,-0.1236
Senado,centro,-0.0511
Senado,centro,-0.2278
Senado,centro,0.4412
Senado,centro,0.2296
Senado,centro,-0.2184
Senado,centro,0.2597
Senado,direita,-0.1496
Senado,direita,-0.0362
Senado,direita,0.2994
Senado,centro,0.1457
Senado,centro-esquerda,0.0791
Senado,centro-esquerda,-0.0665
Senado,centro-esquerda,0.1376
Senado,centro-esquerda,-0.0093
Senado,centro-esquerda,0.0365
Senado,centro-esquerda,0.2022
Senado,centro-esquerda,-0.5056
Senado,centro-esquerda,-0.2711
Senado,centro-esquerda,0.5168
Senado,direita,-0.1336
Senado,direita,0.2708
Senado,direita,0.0106
Senado,direita,0.1256
Senado,direita,0.297
Senado,direita,0.1179
Senado,direita,-0.3461
Senado,direita,0.0629
Senado,direita,-0.188
Senado,direita,-0.1524
Senado,direita,0.1256
Senado,direita,0.0556
Senado,direita,0.1558
Senado,direita,0.0458
Senado,direita,-0.1878
Senado,direita,-0.2363
Senado,direita,-0.0873
Senado,direita,0.2405
Senado,direita,0.1835
Senado,direita,0.0144
Senado,direita,0.169
Senado,direita,0.0892
Senado,direita,0.1446
Senado,direita,0.025
Senado,direita,-0.2164
Senado,direita,0.1346
Senado,direita,-0.09
Senado,direita,0.2147
Senado,direita,-0.0759
Senado,centro,-0.0659
Senado,centro,0.5867
Senado,centro,-0.1994
Senado,centro,0.0332
Senado,centro,-0.1209
Senado,centro,0.1319
Senado,centro,-0.2049
Senado,centro,-0.2991
Senado,centro,-0.0437
Senado,centro,0.2014
Senado,centro,0.032
Senado,centro,0.0213
Senado,centro,-0.0266
Senado,centro,0.0284
Senado,centro,0.0505
Senado,centro,0.0397
Senado,centro,0.2183
Senado,centro,0.3333
Senado,centro,-0.2897
Senado,centro,-0.0248
Senado,centro,-0.1796
Senado,centro,0.0793
Senado,centro,-0.1214
Senado,centro,0.0336
Senado,centro,0.0975
Senado,centro,0.0357
Senado,centro,0.0872
Senado,centro,0.0173
Senado,centro,0.4424
Senado,centro,0.1308
Senado,centro-esquerda,-0.1255
Senado,centro-esquerda,-0.5175
Senado,centro-esquerda,0.1328
Senado,centro-esquerda,-0.4533
Senado,centro-esquerda,-0.3433
Senado,centro-esquerda,-0.021
Senado,centro-esquerda,0.3117
Senado,centro-esquerda,0.483
Senado,centro,-0.1699
Senado,centro,0.0219
Senado,centro,0.0679
Senado,centro,-0.12
Senado,centro,0.0486
Senado,centro,0.078
Senado,centro,0.0823
Senado,centro,0.0334
Senado,centro,0.0508
Senado,centro,-0.191
Senado,centro,0.1245
Senado,centro,-0.0399
Senado,centro,-0.0966
Senado,centro,-0.5893
Senado,centro,0.0334
Senado,centro,-0.8533
Senado,centro,-0.0294
Senado,centro,0.067
Senado,centro,0.1184
Senado,centro,0.0606
Senado,centro,0.1918
Senado,centro,-0.0674
Senado,centro,0.4546
Senado,centro,0.0215
Senado,centro,0.0435
Senado,centro,-0.314
Senado,centro,-0.2966
Senado,centro,0.124
Senado,centro,0.1208
Senado,centro,-0.7236
Senado,centro,-0.0817
Senado,centro,-0.5356
Senado,centro,0.2474
Senado,centro,0.0575
Senado,esquerda,0.1382
Senado,esquerda,-0.1267
Senado,esquerda,-0.1021
Senado,esquerda,0.1094
Senado,esquerda,-0.0434
Senado,esquerda,0.0162
Senado,esquerda,0.1311
Senado,esquerda,0.0523
Senado,esquerda,-0.1212
Senado,esquerda,-0.0737
Senado,esquerda,-0.1262
Senado,esquerda,0.1083
Senado,esquerda,-0.0696
Senado,esquerda,-0.0659
Senado,esquerda,-0.1006
Senado,esquerda,-0.0757
Senado,esquerda,-0.1639
Senado,esquerda,0.0793
Senado,esquerda,0.0402
Senado,esquerda,-0.145
Senado,esquerda,0.0344
Senado,esquerda,-0.019
Senado,esquerda,0.2013
Senado,centro,-0.2518
Senado,centro,-0.2304
Senado,centro,-0.2694
Senado,centro,0.3079
Senado,esquerda,0.3381
Senado,esquerda,-0.3358
Senado,esquerda,-0.175
Senado,esquerda,0.1926
Senado,esquerda,0.0615
Senado,esquerda,-0.15
Senado,esquerda,-0.1584
Senado,centro,0.0659
Senado,centro,0.0262
Senado,centro,0.0054
Senado,centro,-0.1071
Senado,centro,0.2317
Senado,centro,-0.5013
Senado,centro,-0.0574
Senado,centro,-0.3828
Senado,centro,-0.3582
Senado,centro,-0.0947
Senado,centro,0.4012
Senado,centro,0.3847
Senado,centro,0.0132
Senado,centro,0.2607
Senado,centro,-0.1173
Senado,centro,0.1621
Senado,centro,-0.3648
Senado,centro,0.1637
Senado,centro,0.0167
Senado,centro,-0.2751
Senado,centro,0.1298
Senado,centro,0.1552
Senado,centro,-0.207
Senado,centro,-0.187
Senado,centro,0.0683
Senado,centro,0.1921
Senado,centro,0.4682
Senado,centro,-0.0749
Senado,centro,0.1581
Senado,centro,-0.1487
Senado,centro,0.0473
Senado,centro,0.0048
Senado,centro,0.0245
Senado,centro,-0.0281
Senado,centro,0.5113
Senado,centro,0.1581
Senado,centro,0.1621
Senado,centro,0.0095
Senado,centro,0.2855
Senado,centro,0.1575
Senado,centro,-0.1599
Senado,centro,0.0457
Senado,centro,-0.1254
Senado,centro,-0.0629
Senado,centro,-0.2352
Senado,centro,0.4382
Senado,centro,0.2368
Senado,centro,-0.2157
Senado,centro,0.246
Senado,direita,-0.0994
Senado,direita,-0.0327
Senado,direita,0.2741
Senado,centro,0.1433
Senado,centro-esquerda,0.0418
Senado,centro-esquerda,-0.0444
Senado,centro-esquerda,0.1449
Senado,centro-esquerda,-0.0092
Senado,centro-esquerda,0.0287
Senado,centro-esquerda,0.2079
Senado,centro-esquerda,-0.4973
Senado,centro-esquerda,-0.2225
Senado,centro-esquerda,0.5218
Senado,direita,-0.1194
Senado,direita,0.2654
Senado,direita,0.0036
Senado,direita,0.1286
Senado,direita,0.3125
Senado,direita,0.1364
Senado,direita,-0.3858
Senado,direita,0.0761
Senado,direita,-0.1891
Senado,direita,-0.1952
Senado,direita,0.1339
Senado,direita,0.0544
Senado,direita,0.1057
Senado,direita,0.0348
Senado,direita,-0.1925
Senado,direita,-0.2451
Senado,direita,-0.0698
Senado,direita,0.2537
Senado,direita,0.213
Senado,direita,0.0214
Senado,direita,0.1831
Senado,direita,0.0948
Senado,direita,0.1486
Senado,direita,0.0277
Senado,direita,-0.2312
Senado,direita,0.1214
Senado,direita,-0.0852
Senado,direita,0.2173
Senado,direita,-0.0752
Senado,centro,-0.0627
Senado,centro,0.5879
Senado,centro,-0.1942
Senado,centro,0.0247
Senado,centro,-0.1138
Senado,centro,0.1623
Senado,centro,-0.2167
Senado,centro,-0.2703
Senado,centro,-0.0243
Senado,centro,0.2139
Senado,centro,0.04
Senado,centro,0.0315
Senado,centro,0.0011
Senado,centro,0.0563
Senado,centro,0.0086
Senado,centro,0.0631
Senado,centro,0.2588
Senado,centro,0.3336
Senado,centro,-0.2815
Senado,centro,-0.0086
Senado,centro,-0.1637
Senado,centro,0.0886
Senado,centro,-0.1219
Senado,centro,0.0269
Senado,centro,0.0733
Senado,centro,0.0312
Senado,centro,0.1264
Senado,centro,-0.0049
Senado,centro,0.4283
Senado,centro,0.099
Senado,centro-esquerda,-0.1295
Senado,centro-esquerda,-0.5443
Senado,centro-esquerda,0.1603
Senado,centro-esquerda,-0.4718
Senado,centro-esquerda,-0.2966
Senado,centro-esquerda,-0.0484
Senado,centro-esquerda,0.3086
Senado,centro-esquerda,0.4883
Senado,centro,-0.1571
Senado,centro,0.0241
Senado,centro,0.0965
Senado,centro,-0.1345
Senado,centro,0.0513
Senado,centro,0.1044
Senado,centro,0.1009
Senado,centro,0.0274
Senado,centro,0.0245
Senado,centro,-0.1827
Senado,centro,0.1248
Senado,centro,-0.0551
Senado,centro,-0.0854
Senado,centro,-0.5954
Senado,centro,0.0517
Senado,centro,-0.8551
Senado,centro,-0.0467
Senado,centro,0.0773
Senado,centro,0.1016
Senado,centro,0.0551
Senado,centro,0.199
Senado,centro,-0.0548
Senado,centro,0.4556
Senado,centro,0.015
Senado,centro,0.0595
Senado,centro,-0.352
Senado,centro,-0.2764
Senado,centro,0.1166
Senado,centro,0.1161
Senado,centro,-0.7755
Senado,centro,-0.0661
Senado,centro,-0.5586
Senado,centro,0.2474
Senado,centro,0.08
Senado,esquerda,0.0354
Senado,esquerda,-0.142
Senado,esquerda,-0.0882
Senado,esquerda,0.1148
Senado,esquerda,-0.0371
Senado,esquerda,0.0051
Senado,esquerda,0.1288
Senado,esquerda,0.017
Senado,esquerda,-0.1286
Senado,esquerda,-0.0988
Senado,esquerda,-0.1072
Senado,esquerda,0.0805
Senado,esquerda,-0.0939
Senado,esquerda,-0.0563
Senado,esquerda,-0.1024
Senado,esquerda,-0.0683
Senado,esquerda,-0.1727
Senado,esquerda,0.0887
Senado,esquerda,0.003
Senado,esquerda,-0.132
Senado,esquerda,0.0291
Senado,esquerda,-0.0294
Senado,esquerda,0.1766
Senado,centro,-0.2623
Senado,centro,-0.2381
Senado,centro,-0.2415
Senado,centro,0.2992
Senado,esquerda,0.3128
Senado,esquerda,-0.3009
Senado,esquerda,-0.1661
Senado,esquerda,0.1428
Senado,esquerda,0.0595
Senado,esquerda,-0.1376
Senado,esquerda,-0.1586
Senado,centro,0.0487
Senado,centro,-0.022
Senado,centro,0.024
Senado,centro,-0.0924
Senado,centro,0.2102
Senado,centro,-0.4969
Senado,centro,-0.0193
Senado,centro,-0.3809
Senado,centro,-0.3354
Senado,centro,-0.0742
Senado,centro,0.4031
Senado,centro,0.3777
Senado,centro,0.0166
Senado,centro,0.2803
Senado,centro,-0.0928
Senado,centro,0.159
Senado,centro,-0.3612
Senado,centro,0.1547
Senado,centro,-0.0061
Senado,centro,-0.2522
Senado,centro,0.1402
Senado,centro,0.1314
Senado,centro,-0.2027
Senado,centro,-0.1938
Senado,centro,0.0685
Senado,centro,0.1855
Senado,centro,0.4485
Senado,centro,-0.0641
Senado,centro,0.1688
Senado,centro,-0.1444
Senado,centro,0.0444
Senado,centro,-0.009
Senado,centro,0.0147
Senado,centro,-0.0299
Senado,centro,0.5078
Senado,centro,0.1511
Senado,centro,0.1773
Senado,centro,0.0206
Senado,centro,0.3235
Senado,centro,0.1676
Senado,centro,-0.1572
Senado,centro,0.0427
Senado,centro,-0.1126
Senado,centro,-0.0539
Senado,centro,-0.2364
Senado,centro,0.4459
Senado,centro,0.224
Senado,centro,-0.2168
Senado,centro,0.2432
Senado,direita,-0.1108
Senado,direita,-0.0272
Senado,direita,0.2946
Senado,centro,0.1306
Senado,centro-esquerda,0.0515
Senado,centro-esquerda,-0.0685
Senado,centro-esquerda,0.136
Senado,centro-esquerda,-0.0043
Senado,centro-esquerda,0.0454
Senado,centro-esquerda,0.1918
Senado,centro-esquerda,-0.5047
Senado,centro-esquerda,-0.2674
Senado,centro-esquerda,0.5362
Senado,direita,-0.1333
Senado,direita,0.2608
Senado,direita,0.016
Senado,direita,0.1048
Senado,direita,0.3076
Senado,direita,0.1121
Senado,direita,-0.3492
Senado,direita,0.0778
Senado,direita,-0.1699
Senado,direita,-0.169
Senado,direita,0.1311
Senado,direita,0.0434
Senado,direita,0.1557
Senado,direita,0.0297
Senado,direita,-0.2205
Senado,direita,-0.2346
Senado,direita,-0.0946
Senado,direita,0.2713
Senado,direita,0.2198
Senado,direita,0.0026
Senado,direita,0.171
Senado,direita,0.0872
Senado,direita,0.1519
Senado,direita,-0.0012
Senado,direita,-0.2425
Senado,direita,0.1011
Senado,direita,-0.0683
Senado,direita,0.1995
Senado,direita,-0.0745
Senado,centro,-0.0557
Senado,centro,0.5857
Senado,centro,-0.1949
Senado,centro,0.0445
Senado,centro,-0.1347
Senado,centro,0.1493
Senado,centro,-0.2124
Senado,centro,-0.2712
Senado,centro,-0.0446
Senado,centro,0.1918
Senado,centro,0.0161
Senado,centro,0.041
Senado,centro,-0.022
Senado,centro,0.0187
Senado,centro,0.0473
Senado,centro,0.0438
Senado,centro,0.2399
Senado,centro,0.3186
Senado,centro,-0.275
Senado,centro,0.0022
Senado,centro,-0.1642
Senado,centro,0.0804
Senado,centro,-0.1344
Senado,centro,0.0138
Senado,centro,0.1013
Senado,centro,0.0228
Senado,centro,0.1506
Senado,centro,-0.0285
Senado,centro,0.4524
Senado,centro,0.1594
Senado,centro-esquerda,-0.1352
Senado,centro-esquerda,-0.5575
Senado,centro-esquerda,0.1524
Senado,centro-esquerda,-0.4613
Senado,centro-esquerda,-0.3499
Senado,centro-esquerda,-0.0266
Senado,centro-esquerda,0.3229
Senado,centro-esquerda,0.4782
Senado,centro,-0.1583
Senado,centro,0.0259
Senado,centro,0.0855
Senado,centro,-0.1295
Senado,centro,0.0531
Senado,centro,0.097
Senado,centro,0.1027
Senado,centro,0.044
Senado,centro,0.0351
Senado,centro,-0.1859
Senado,centro,0.1122
Senado,centro,-0.0582
Senado,centro,-0.0971
Senado,centro,-0.5882
Senado,centro,0.0456
Senado,centro,-0.8432
Senado,centro,-0.0429
Senado,centro,0.0788
Senado,centro,0.11
Senado,centro,0.0562
Senado,centro,0.2053
Senado,centro,-0.0846
Senado,centro,0.4561
Senado,centro,-0.0047
Senado,centro,0.0727
Senado,centro,-0.321
Senado,centro,-0.2779
Senado,centro,0.12
Senado,centro,0.1188
Senado,centro,-0.742
Senado,centro,-0.0608
Senado,centro,-0.5313
Senado,centro,0.2466
Senado,centro,0.0532
Senado,esquerda,0.0674
Senado,esquerda,-0.1202
Senado,esquerda,-0.0803
Senado,esquerda,0.1297
Senado,esquerda,-0.0699
Senado,esquerda,-0.0042
Senado,esquerda,0.1278
Senado,esquerda,0.0347
Senado,esquerda,-0.1198
Senado,esquerda,-0.0849
Senado,esquerda,-0.1066
Senado,esquerda,0.0568
Senado,esquerda,-0.0896
Senado,esquerda,-0.0741
Senado,esquerda,-0.0952
Senado,esquerda,-0.0646
Senado,esquerda,-0.1708
Senado,esquerda,0.0984
Senado,esquerda,0.0227
Senado,esquerda,-0.1484
Senado,esquerda,0.0302
Senado,esquerda,-0.0372
Senado,esquerda,0.1527
Senado,centro,-0.2583
Senado,centro,-0.2474
Senado,centro,-0.2681
Senado,centro,0.3034
Senado,esquerda,0.2913
Senado,esquerda,-0.3127
Senado,esquerda,-0.2114
Senado,esquerda,0.1508
Senado,esquerda,0.0754
Senado,esquerda,-0.155
Senado,esquerda,-0.1526
Senado,centro,0.0455
Senado,centro,0.0134
Senado,centro,0.0138
Senado,centro,-0.0879
Senado,centro,0.1949
Senado,centro,-0.5083
Senado,centro,-0.0131
Senado,centro,-0.3678
Senado,centro,-0.336
Senado,centro,-0.0779
Senado,centro,0.3879
Senado,centro,0.3765
Senado,centro,0.0231
Senado,centro,0.2567
Senado,centro,-0.1068
Senado,centro,0.1609
Senado,centro,-0.3586
Senado,centro,0.1462
Senado,centro,0.0096
Senado,centro,-0.2442
Senado,centro,0.1325
Senado,centro,0.1396
Senado,centro,-0.209
Senado,centro,-0.1963
Senado,centro,0.071
Senado,centro,0.2069
Senado,centro,0.4644
Senado,centro,-0.0814
Senado,centro,0.1538
Senado,centro,-0.1359
Senado,centro,0.0606
Senado,centro,0.0057
Senado,centro,0.0194
Senado,centro,-0.0399
Senado,centro,0.5002
Senado,centro,0.1523
Senado,centro,0.1557
Senado,centro,0.0173
Senado,centro,0.3177
Senado,centro,0.154
Senado,centro,-0.1488
Senado,centro,0.0592
Senado,centro,-0.1511
Senado,centro,-0.0564
Senado,centro,-0.2348
Senado,centro,0.4305
Senado,centro,0.2285
Senado,centro,-0.2173
Senado,centro,0.2575
Senado,direita,-0.1119
Senado,direita,-0.0348
Senado,direita,0.2879
Senado,centro,0.1368
Senado,centro-esquerda,0.0417
Senado,centro-esquerda,-0.0388
Senado,centro-esquerda,0.1278
Senado,centro-esquerda,-0.0202
Senado,centro-esquerda,0.025
Senado,centro-esquerda,0.2024
Senado,centro-esquerda,-0.4754
Senado,centro-esquerda,-0.2511
Senado,centro-esquerda,0.5242
Senado,direita,-0.1286
Senado,direita,0.2566
Senado,direita,0.013
Senado,direita,0.1131
Senado,direita,0.2765
Senado,direita,0.123
Senado,direita,-0.3367
Senado,direita,0.0606
Senado,direita,-0.2029
Senado,direita,-0.1586
Senado,direita,0.1125
Senado,direita,0.0425
Senado,direita,0.1238
Senado,direita,0.0373
Senado,direita,-0.1975
Senado,direita,-0.2324
Senado,direita,-0.0812
Senado,direita,0.2563
Senado,direita,0.2073
Senado,direita,0.0283
Senado,direita,0.178
Senado,direita,0.0723
Senado,direita,0.1129
Senado,direita,0.0071
Senado,direita,-0.2373
Senado,direita,0.1359
Senado,direita,-0.0871
Senado,direita,0.2082
Senado,direita,-0.0848
Senado,centro,-0.0546
Senado,centro,0.5902
Senado,centro,-0.2091
Senado,centro,0.0365
Senado,centro,-0.1235
Senado,centro,0.1375
Senado,centro,-0.2229
Senado,centro,-0.2892
Senado,centro,-0.034
Senado,centro,0.2067
Senado,centro,0.0452
Senado,centro,0.0427
Senado,centro,-0.0378
Senado,centro,0.0456
Senado,centro,0.0427
Senado,centro,0.0282
Senado,centro,0.2549
Senado,centro,0.3091
Senado,centro,-0.2829
Senado,centro,-0.0181
Senado,centro,-0.1729
Senado,centro,0.0874
Senado,centro,-0.1169
Senado,centro,0.0425
Senado,centro,0.1044
Senado,centro,0.0359
Senado,centro,0.1315
Senado,centro,0.0052
Senado,centro,0.4172
Senado,centro,0.0948
Senado,centro-esquerda,-0.1285
Senado,centro-esquerda,-0.5332
Senado,centro-esquerda,0.1397
Senado,centro-esquerda,-0.4632
Senado,centro-esquerda,-0.3228
Senado,centro-esquerda,-0.0235
Senado,centro-esquerda,0.2914
Senado,centro-esquerda,0.491
Senado,centro,-0.1654
Senado,centro,0.0434
Senado,centro,0.0899
Senado,centro,-0.1339
Senado,centro,0.0479
Senado,centro,0.0885
Senado,centro,0.1138
Senado,centro,0.0395
Senado,centro,0.0441
Senado,centro,-0.1913
Senado,centro,0.1276
Senado,centro,-0.0353
Senado,centro,-0.0934
Senado,centro,-0.5948
Senado,centro,0.038
Senado,centro,-0.8535
Senado,centro,-0.0421
Senado,centro,0.0854
Senado,centro,0.1134
Senado,centro,0.0499
Senado,centro,0.1988
Senado,centro,-0.0819
Senado,centro,0.4478
Senado,centro,-0.0141
Senado,centro,0.036
Senado,centro,-0.353
Senado,centro,-0.2752
Senado,centro,0.1194
Senado,centro,0.1095
Senado,centro,-0.7447
Senado,centro,-0.0937
Senado,centro,-0.525
Senado,centro,0.2484
Senado,centro,0.0613
Senado,esquerda,0.1055
Senado,esquerda,-0.1568
Senado,esquerda,-0.0846
Senado,esquerda,0.1029
Senado,esquerda,-0.0248
Senado,esquerda,0.0113
Senado,esquerda,0.1333
Senado,esquerda,0.0118
Senado,esquerda,-0.1164
Senado,esquerda,-0.1041
Senado,esquerda,-0.124
Senado,esquerda,0.0833
Senado,esquerda,-0.1032
Senado,esquerda,-0.0659
Senado,esquerda,-0.1007
Senado,esquerda,-0.0819
Senado,esquerda,-0.1707
Senado,esquerda,0.0761
Senado,esquerda,-4e-04
Senado,esquerda,-0.1473
Senado,esquerda,0.0397
Senado,esquerda,-0.0209
Senado,esquerda,0.1471
Senado,centro,-0.2422
Senado,centro,-0.2276
Senado,centro,-0.289
Senado,centro,0.3036
Senado,esquerda,0.2815
Senado,esquerda,-0.3288
Senado,esquerda,-0.1714
Senado,esquerda,0.1425
Senado,esquerda,0.0839
Senado,esquerda,-0.1383
Senado,esquerda,-0.1711
Senado,centro,0.0624
Senado,centro,7e-04
Senado,centro,0.0088
Senado,centro,-0.0899
Senado,centro,0.2119
Senado,centro,-0.5235
Senado,centro,-0.0235
Senado,centro,-0.3666
Senado,centro,-0.3371
Senado,centro,-0.0442
Senado,centro,0.3767
Senado,centro,0.3673
Senado,centro,0.0182
Senado,centro,0.2869
Senado,centro,-0.1031
Senado,centro,0.1677
Senado,centro,-0.3421
Senado,centro,0.1612
Senado,centro,0.0181
Senado,centro,-0.241
Senado,centro,0.1332
Senado,centro,0.1523
Senado,centro,-0.2041
Senado,centro,-0.1931
Senado,centro,0.0499
Senado,centro,0.1939
Senado,centro,0.4332
Senado,centro,-0.0558
Senado,centro,0.1528
Senado,centro,-0.1446
Senado,centro,0.0643
Senado,centro,0.0094
Senado,centro,0.0098
Senado,centro,-0.038
Senado,centro,0.5142
Senado,centro,0.1541
Senado,centro,0.1691
Senado,centro,0.0081
Senado,centro,0.319
Senado,centro,0.151
Senado,centro,-0.1567
Senado,centro,0.063
Senado,centro,-0.1389
Senado,centro,-0.0581
Senado,centro,-0.2466
Senado,centro,0.4404
Senado,centro,0.23
Senado,centro,-0.2108
Senado,centro,0.2449
Senado,direita,-0.0888
Senado,direita,-0.0131
Senado,direita,0.3006
Senado,centro,0.1253
Senado,centro-esquerda,0.0436
Senado,centro-esquerda,-0.0681
Senado,centro-esquerda,0.1523
Senado,centro-esquerda,-0.0317
Senado,centro-esquerda,0.0177
Senado,centro-esquerda,0.1957
Senado,centro-esquerda,-0.4767
Senado,centro-esquerda,-0.2483
Senado,centro-esquerda,0.5233
Senado,direita,-0.1155
Senado,direita,0.2701
Senado,direita,0.0018
Senado,direita,0.1228
Senado,direita,0.2766
Senado,direita,0.1227
Senado,direita,-0.3409
Senado,direita,0.0602
Senado,direita,-0.1916
Senado,direita,-0.1687
Senado,direita,0.1209
Senado,direita,0.0487
Senado,direita,0.16
Senado,direita,0.0254
Senado,direita,-0.1978
Senado,direita,-0.2368
Senado,direita,-0.0756
Senado,direita,0.2653
Senado,direita,0.1983
Senado,direita,0.0211
Senado,direita,0.1804
Senado,direita,0.0788
Senado,direita,0.129
Senado,direita,0.0277
Senado,direita,-0.2568
Senado,direita,0.1312
Senado,direita,-0.0925
Senado,direita,0.2
Senado,direita,-0.0729
Senado,centro,-0.0612
Senado,centro,0.5853
Senado,centro,-0.1883
Senado,centro,0.0026
Senado,centro,-0.1139
Senado,centro,0.1344
Senado,centro,-0.22
Senado,centro,-0.2866
Senado,centro,-0.0264
Senado,centro,0.1849
Senado,centro,0.0504
Senado,centro,0.0372
Senado,centro,-0.0253
Senado,centro,0.0352
Senado,centro,0.0505
Senado,centro,0.0241
Senado,centro,0.2232
Senado,centro,0.3247
Senado,centro,-0.2786
Senado,centro,-0.0033
Senado,centro,-0.1861
Senado,centro,0.0756
Senado,centro,-0.1138
Senado,centro,0.0363
Senado,centro,0.1049
Senado,centro,0.0325
Senado,centro,0.1031
Senado,centro,0.035
Senado,centro,0.4212
Senado,centro,0.1432
Senado,centro-esquerda,-0.1409
Senado,centro-esquerda,-0.4953
Senado,centro-esquerda,0.1518
Senado,centro-esquerda,-0.4572
Senado,centro-esquerda,-0.3182
Senado,centro-esquerda,-0.0137
Senado,centro-esquerda,0.3197
Senado,centro-esquerda,0.4809
Senado,centro,-0.1729
Senado,centro,-0.0077
Senado,centro,0.0985
Senado,centro,-0.1415
Senado,centro,0.0442
Senado,centro,0.0694
Senado,centro,0.1168
Senado,centro,0.0031
Senado,centro,0.0277
Senado,centro,-0.1816
Senado,centro,0.129
Senado,centro,-0.0542
Senado,centro,-0.1212
Senado,centro,-0.5965
Senado,centro,0.0351
Senado,centro,-0.8493
Senado,centro,-0.0591
Senado,centro,0.0725
Senado,centro,0.1029
Senado,centro,0.0609
Senado,centro,0.2097
Senado,centro,-0.1048
Senado,centro,0.4402
Senado,centro,-0.0248
Senado,centro,0.0598
Senado,centro,-0.3492
Senado,centro,-0.2507
Senado,centro,0.1208
Senado,centro,0.1192
Senado,centro,-0.7299
Senado,centro,-0.0801
Senado,centro,-0.5462
Senado,centro,0.2426
Senado,centro,0.0673
Senado,esquerda,0.1326
Senado,esquerda,-0.1395
Senado,esquerda,-0.1122
Senado,esquerda,0.1123
Senado,esquerda,-0.064
Senado,esquerda,0.0157
Senado,esquerda,0.1059
Senado,esquerda,0.0102
Senado,esquerda,-0.1137
Senado,esquerda,-0.0845
Senado,esquerda,-0.1006
Senado,esquerda,0.0881
Senado,esquerda,-0.0855
Senado,esquerda,-0.0743
Senado,esquerda,-0.0965
Senado,esquerda,-0.0683
Senado,esquerda,-0.1763
Senado,esquerda,0.0832
Senado,esquerda,-0.0023
Senado,esquerda,-0.137
Senado,esquerda,0.0102
Senado,esquerda,-0.0162
Senado,esquerda,0.1407
Senado,centro,-0.2484
Senado,centro,-0.2346
Senado,centro,-0.2538
Senado,centro,0.31
Senado,esquerda,0.319
Senado,esquerda,-0.3115
Senado,esquerda,-0.2154
Senado,esquerda,0.1428
Senado,esquerda,0.0733
Senado,esquerda,-0.1239
Senado,esquerda,-0.1759
Senado,centro,0.0541
Senado,centro,0.0173
Senado,centro,-4e-04
Senado,centro,-0.0933
Senado,centro,0.2206
Senado,centro,-0.5242
Senado,centro,-0.0173
Senado,centro,-0.3462
Senado,centro,-0.3475
Senado,centro,-0.0448
Senado,centro,0.4074
Senado,centro,0.3792
Senado,centro,0.0139
Senado,centro,0.2796
Senado,centro,-0.1015
Senado,centro,0.1492
Senado,centro,-0.3511
Senado,centro,0.1355
Senado,centro,0.0024
Senado,centro,-0.2466
Senado,centro,0.128
Senado,centro,0.1398
Senado,centro,-0.2029
Senado,centro,-0.2209
Senado,centro,0.067
Senado,centro,0.2134
Senado,centro,0.4506
Senado,centro,-0.065
Senado,centro,0.1454
Senado,centro,-0.1433
Senado,centro,0.0463
Senado,centro,-0.0031
Senado,centro,0.0449
Senado,centro,-0.0333
Senado,centro,0.5161
Senado,centro,0.1576
Senado,centro,0.1496
Senado,centro,0.0169
Senado,centro,0.3258
Senado,centro,0.1438
Senado,centro,-0.1555
Senado,centro,0.0447
Senado,centro,-0.1483
Senado,centro,-0.0544
Senado,centro,-0.2309
Senado,centro,0.4391
Senado,centro,0.243
Senado,centro,-0.2224
Senado,centro,0.2536
Senado,direita,-0.1558
Senado,direita,-0.033
Senado,direita,0.3151
Senado,centro,0.1424
Senado,centro-esquerda,0.0879
Senado,centro-esquerda,-0.0821
Senado,centro-esquerda,0.1433
Senado,centro-esquerda,-0.0225
Senado,centro-esquerda,0.0277
Senado,centro-esquerda,0.2023
Senado,centro-esquerda,-0.4752
Senado,centro-esquerda,-0.2715
Senado,centro-esquerda,0.5321
Senado,direita,-0.1171
Senado,direita,0.2653
Senado,direita,0.008
Senado,direita,0.1352
Senado,direita,0.2847
Senado,direita,0.1279
Senado,direita,-0.342
Senado,direita,0.0672
Senado,direita,-0.2016
Senado,direita,-0.1601
Senado,direita,0.1239
Senado,direita,0.0474
Senado,direita,0.1549
Senado,direita,0.0334
Senado,direita,-0.196
Senado,direita,-0.2328
Senado,direita,-0.0854
Senado,direita,0.2459
Senado,direita,0.2196
Senado,direita,-0.0198
Senado,direita,0.1896
Senado,direita,0.085
Senado,direita,0.1442
Senado,direita,0.0117
Senado,direita,-0.2349
Senado,direita,0.1136
Senado,direita,-0.0879
Senado,direita,0.2003
Senado,direita,-0.0848
Senado,centro,-0.0542
Senado,centro,0.5739
Senado,centro,-0.2002
Senado,centro,0.0426
Senado,centro,-0.1397
Senado,centro,0.1202
Senado,centro,-0.2365
Senado,centro,-0.2541
Senado,centro,-0.0437
Senado,centro,0.2092
Senado,centro,0.0151
Senado,centro,0.0298
Senado,centro,-0.0337
Senado,centro,0.016
Senado,centro,0.0633
Senado,centro,0.0283
Senado,centro,0.2039
Senado,centro,0.3122
Senado,centro,-0.2801
Senado,centro,-0.0231
Senado,centro,-0.1823
Senado,centro,0.0885
Senado,centro,-0.1446
Senado,centro,0.0264
Senado,centro,0.0848
Senado,centro,0.0378
Senado,centro,0.1408
Senado,centro,0.0212
Senado,centro,0.414
Senado,centro,0.0785
Senado,centro-esquerda,-0.1245
Senado,centro-esquerda,-0.5373
Senado,centro-esquerda,0.1525
Senado,centro-esquerda,-0.5062
Senado,centro-esquerda,-0.3531
Senado,centro-esquerda,-0.0025
Senado,centro-esquerda,0.3195
Senado,centro-esquerda,0.4807
Senado,centro,-0.1594
Senado,centro,0.0201
Senado,centro,0.1978
Senado,centro,-0.1309
Senado,centro,0.0617
Senado,centro,0.0878
Senado,centro,0.0902
Senado,centro,0.0236
Senado,centro,0.0411
Senado,centro,-0.176
Senado,centro,0.114
Senado,centro,-0.0529
Senado,centro,-0.1153
Senado,centro,-0.5818
Senado,centro,0.0395
Senado,centro,-0.8433
Senado,centro,-0.0436
Senado,centro,0.0978
Senado,centro,0.1162
Senado,centro,0.0558
Senado,centro,0.1866
Senado,centro,-0.0762
Senado,centro,0.4756
Senado,centro,-0.019
Senado,centro,0.0712
Senado,centro,-0.3356
Senado,centro,-0.2731
Senado,centro,0.1158
Senado,centro,0.1158
Senado,centro,-0.7602
Senado,centro,-0.0516
Senado,centro,-0.557
Senado,centro,0.2569
Senado,centro,0.0689
Senado,esquerda,0.0649
Senado,esquerda,-0.1036
Senado,esquerda,-0.1105
Senado,esquerda,0.1292
Senado,esquerda,-0.035
Senado,esquerda,-0.0041
Senado,esquerda,0.1311
Senado,esquerda,0.0138
Senado,esquerda,-0.1192
Senado,esquerda,-0.0645
Senado,esquerda,-0.1332
Senado,esquerda,0.084
Senado,esquerda,-0.1048
Senado,esquerda,-0.0879
Senado,esquerda,-0.0919
Senado,esquerda,-0.0594
Senado,esquerda,-0.1764
Senado,esquerda,0.1006
Senado,esquerda,7e-04
Senado,esquerda,-0.1513
Senado,esquerda,0.0263
Senado,esquerda,-0.0391
Senado,esquerda,0.141
Senado,centro,-0.2406
Senado,centro,-0.2462
Senado,centro,-0.2931
Senado,centro,0.2896
Senado,esquerda,0.2699
Senado,esquerda,-0.3351
Senado,esquerda,-0.1768
Senado,esquerda,0.1418
Senado,esquerda,0.0639
Senado,esquerda,-0.1499
Senado,esquerda,-0.171
Senado,centro,0.0595
Senado,centro,0.0111
Senado,centro,0.0014
Senado,centro,-0.0868
Senado,centro,0.2115
Senado,centro,-0.4984
Senado,centro,-0.0562
Senado,centro,-0.3815
Senado,centro,-0.3325
Senado,centro,-0.0473
Senado,centro,0.3917
Senado,centro,0.3876
Senado,centro,0.0211
Senado,centro,0.2889
Senado,centro,-0.0977
Senado,centro,0.1701
Senado,centro,-0.3648
Senado,centro,0.1496
Senado,centro,-0.0158
Senado,centro,-0.252
Senado,centro,0.1189
Senado,centro,0.1527
Senado,centro,-0.1985
Senado,centro,-0.2019
Senado,centro,0.0709
Senado,centro,0.1877
Senado,centro,0.4636
Senado,centro,-0.0633
Senado,centro,0.1523
Senado,centro,-0.1465
Senado,centro,0.0611
Senado,centro,0.0069
Senado,centro,0.0209
Senado,centro,-0.0181
Senado,centro,0.502
Senado,centro,0.1555
Senado,centro,0.1274
Senado,centro,0.0049
Senado,centro,0.3178
Senado,centro,0.1514
Senado,centro,-0.1586
Senado,centro,0.0591
Senado,centro,-0.1574
Senado,centro,-0.0739
Senado,centro,-0.2511
Senado,centro,0.4387
Senado,centro,0.2273
Senado,centro,-0.2281
Senado,centro,0.2623
Senado,direita,-0.1123
Senado,direita,-0.0494
Senado,direita,0.297
Senado,centro,0.136
Senado,centro-esquerda,0.0577
Senado,centro-esquerda,-0.0442
Senado,centro-esquerda,0.1427
Senado,centro-esquerda,-0.0168
Senado,centro-esquerda,0.028
Senado,centro-esquerda,0.2065
Senado,centro-esquerda,-0.4756
Senado,centro-esquerda,-0.2406
Senado,centro-esquerda,0.5099
Senado,direita,-0.1497
Senado,direita,0.2657
Senado,direita,-0.0011
Senado,direita,0.1014
Senado,direita,0.3117
Senado,direita,0.1392
Senado,direita,-0.354
Senado,direita,0.0834
Senado,direita,-0.1709
Senado,direita,-0.1529
Senado,direita,0.1379
Senado,direita,0.0373
Senado,direita,0.1547
Senado,direita,0.0508
Senado,direita,-0.2041
Senado,direita,-0.2511
Senado,direita,-0.0692
Senado,direita,0.2322
Senado,direita,0.2216
Senado,direita,0.0076
Senado,direita,0.1681
Senado,direita,0.0966
Senado,direita,0.1437
Senado,direita,0.0057
Senado,direita,-0.2355
Senado,direita,0.1195
Senado,direita,-0.0733
Senado,direita,0.2176
Senado,direita,-0.0869
Senado,centro,-0.0494
Senado,centro,0.5851
Senado,centro,-0.2081
Senado,centro,0.0275
Senado,centro,-0.1279
Senado,centro,0.1325
Senado,centro,-0.2282
Senado,centro,-0.2831
Senado,centro,-0.0536
Senado,centro,0.212
Senado,centro,0.0214
Senado,centro,0.0368
Senado,centro,-0.0315
Senado,centro,0.0243
Senado,centro,0.0485
Senado,centro,0.0288
Senado,centro,0.2328
Senado,centro,0.3066
Senado,centro,-0.273
Senado,centro,-0.035
Senado,centro,-0.1714
Senado,centro,0.0895
Senado,centro,-0.112
Senado,centro,0.031
Senado,centro,0.0984
Senado,centro,0.0389
Senado,centro,0.1175
Senado,centro,0.0419
Senado,centro,0.4283
Senado,centro,0.1376
Senado,centro-esquerda,-0.1459
Senado,centro-esquerda,-0.5279
Senado,centro-esquerda,0.1423
Senado,centro-esquerda,-0.4686
Senado,centro-esquerda,-0.3132
Senado,centro-esquerda,-0.0116
Senado,centro-esquerda,0.3144
Senado,centro-esquerda,0.4838
Senado,centro,-0.1767
Senado,centro,0.0132
Senado,centro,0.0055
Senado,centro,-0.1415
Senado,centro,0.0456
Senado,centro,0.1008
Senado,centro,0.06
Senado,centro,0.0304
Senado,centro,0.0567
Senado,centro,-0.1688
Senado,centro,0.1311
Senado,centro,-0.0459
Senado,centro,-0.1053
Senado,centro,-0.6046
Senado,centro,0.053
Senado,centro,-0.8643
Senado,centro,-0.0622
Senado,centro,0.078
Senado,centro,0.1158
Senado,centro,0.0586
Senado,centro,0.1969
Senado,centro,-0.0704
Senado,centro,0.4499
Senado,centro,-0.0047
Senado,centro,0.0521
Senado,centro,-0.3266
Senado,centro,-0.2706
Senado,centro,0.1303
Senado,centro,0.1243
Senado,centro,-0.7358
Senado,centro,-0.0718
Senado,centro,-0.5319
Senado,centro,0.2547
Senado,centro,0.0805
Senado,esquerda,0.138
Senado,esquerda,-0.1181
Senado,esquerda,-0.1037
Senado,esquerda,0.1256
Senado,esquerda,-0.0609
Senado,esquerda,-0.0119
Senado,esquerda,0.1387
Senado,esquerda,0.0284
Senado,esquerda,-0.1107
Senado,esquerda,-0.1055
Senado,esquerda,-0.1199
Senado,esquerda,0.0859
Senado,esquerda,-0.0876
Senado,esquerda,-0.0798
Senado,esquerda,-0.085
Senado,esquerda,-0.0696
Senado,esquerda,-0.1728
Senado,esquerda,0.0974
Senado,esquerda,0.0141
Senado,esquerda,-0.1479
Senado,esquerda,0.0097
Senado,esquerda,-0.0458
Senado,esquerda,0.1708
Senado,centro,-0.2403
Senado,centro,-0.2379
Senado,centro,-0.2599
Senado,centro,0.298
Senado,esquerda,0.2745
Senado,esquerda,-0.3294
Senado,esquerda,-0.2093
Senado,esquerda,0.1402
Senado,esquerda,0.038
Senado,esquerda,-0.1355
Senado,esquerda,-0.1762
Senado,centro,0.0701
Senado,centro,-0.0061
Senado,centro,0.0197
Senado,centro,-0.0714
Senado,centro,0.1972
Senado,centro,-0.5003
Senado,centro,-0.0168
Senado,centro,-0.3466
Senado,centro,-0.3514
Senado,centro,-0.0627
Senado,centro,0.4067
Senado,centro,0.3791
Senado,centro,0.021
Senado,centro,0.2799
Senado,centro,-0.0888
Senado,centro,0.1689
Senado,centro,-0.3724
Senado,centro,0.1681
Senado,centro,0.0273
Senado,centro,-0.2546
Senado,centro,0.1246
Senado,centro,0.1402
Senado,centro,-0.1923
Senado,centro,-0.2024
Senado,centro,0.0672
Senado,centro,0.1636
Senado,centro,0.4341
Senado,centro,-0.0736
Senado,centro,0.1558
Senado,centro,-0.1489
Senado,centro,0.0604
Senado,centro,0.0047
Senado,centro,0.0392
Senado,centro,-0.0244
Senado,centro,0.493
Senado,centro,0.1608
Senado,centro,0.1574
Senado,centro,0.0197
Senado,centro,0.315
Senado,centro,0.1533
Senado,centro,-0.1607
Senado,centro,0.0587
Senado,centro,-0.1378
Senado,centro,-0.052
Senado,centro,-0.2258
Senado,centro,0.4339
Senado,centro,0.2296
Senado,centro,-0.2276
Senado,centro,0.2474
Senado,direita,-0.1022
Senado,direita,-0.028
Senado,direita,0.2908
Senado,centro,0.144
Senado,centro-esquerda,0.0652
Senado,centro-esquerda,-0.0903
Senado,centro-esquerda,0.1496
Senado,centro-esquerda,-0.0176
Senado,centro-esquerda,0.0564
Senado,centro-esquerda,0.1966
Senado,centro-esquerda,-0.491
Senado,centro-esquerda,-0.2569
Senado,centro-esquerda,0.491
Senado,direita,-0.1378
Senado,direita,0.2598
Senado,direita,0.0104
Senado,direita,0.1024
Senado,direita,0.2884
Senado,direita,0.1261
Senado,direita,-0.3363
Senado,direita,0.0459
Senado,direita,-0.1818
Senado,direita,-0.1595
Senado,direita,0.1322
Senado,direita,0.0453
Senado,direita,0.1463
Senado,direita,0.0308
Senado,direita,-0.1874
Senado,direita,-0.2478
Senado,direita,-0.0794
Senado,direita,0.2526
Senado,direita,0.2014
Senado,direita,0.0174
Senado,direita,0.1789
Senado,direita,0.0807
Senado,direita,0.1277
Senado,direita,0.0153
Senado,direita,-0.2343
Senado,direita,0.1081
Senado,direita,-0.0843
Senado,direita,0.2089
Senado,direita,-0.0959
Senado,centro,-0.0517
Senado,centro,0.5823
Senado,centro,-0.2014
Senado,centro,0.0256
Senado,centro,-0.1482
Senado,centro,0.1531
Senado,centro,-0.2083
Senado,centro,-0.2644
Senado,centro,-0.03
Senado,centro,0.183
Senado,centro,0.0403
Senado,centro,0.0387
Senado,centro,-0.0227
Senado,centro,0.0366
Senado,centro,0.052
Senado,centro,0.0465
Senado,centro,0.2492
Senado,centro,0.316
Senado,centro,-0.2675
Senado,centro,-0.0154
Senado,centro,-0.1752
Senado,centro,0.0763
Senado,centro,-0.1259
Senado,centro,0.03
Senado,centro,0.0893
Senado,centro,0.0174
Senado,centro,0.1122
Senado,centro,0.0089
Senado,centro,0.48
Senado,centro,0.2002
Senado,centro-esquerda,-0.1164
Senado,centro-esquerda,-0.4992
Senado,centro-esquerda,0.1652
Senado,centro-esquerda,-0.462
Senado,centro-esquerda,-0.3305
Senado,centro-esquerda,-0.0351
Senado,centro-esquerda,0.338
Senado,centro-esquerda,0.4879
Senado,centro,-0.1474
Senado,centro,0.0116
Senado,centro,0.0954
Senado,centro,-0.1301
Senado,centro,0.0524
Senado,centro,0.0921
Senado,centro,0.101
Senado,centro,0.0015
Senado,centro,0.0443
Senado,centro,-0.1791
Senado,centro,0.1108
Senado,centro,-0.0496
Senado,centro,-0.0955
Senado,centro,-0.5876
Senado,centro,0.0497
Senado,centro,-0.8453
Senado,centro,-0.0385
Senado,centro,0.0833
Senado,centro,0.1176
Senado,centro,0.0598
Senado,centro,0.1946
Senado,centro,-0.0671
Senado,centro,0.4578
Senado,centro,0.0245
Senado,centro,0.0625
Senado,centro,-0.3125
Senado,centro,-0.2552
Senado,centro,0.1225
Senado,centro,0.1118
Senado,centro,-0.7333
Senado,centro,-0.0569
Senado,centro,-0.5144
Senado,centro,0.2472
Senado,centro,0.0645
Senado,esquerda,0.1089
Senado,esquerda,-0.1352
Senado,esquerda,-0.1028
Senado,esquerda,0.1245
Senado,esquerda,-0.0626
Senado,esquerda,0.0143
Senado,esquerda,0.1021
Senado,esquerda,0.0233
Senado,esquerda,-0.1211
Senado,esquerda,-0.1083
Senado,esquerda,-0.1322
Senado,esquerda,0.0809
Senado,esquerda,-0.0926
Senado,esquerda,-0.075
Senado,esquerda,-0.0924
Senado,esquerda,-0.054
Senado,esquerda,-0.1779
Senado,esquerda,0.0944
Senado,esquerda,0.0105
Senado,esquerda,-0.1378
Senado,esquerda,0.0272
Senado,esquerda,-0.0183
Senado,esquerda,0.1746
Senado,centro,-0.2577
Senado,centro,-0.2243
Senado,centro,-0.2451
Senado,centro,0.3162
Senado,esquerda,0.2344
Senado,esquerda,-0.374
Senado,esquerda,-0.1841
Senado,esquerda,0.1769
Senado,esquerda,0.0328
Senado,esquerda,-0.1569
Senado,esquerda,-0.1564
Senado,centro,0.0628
Senado,centro,0.0151
Senado,centro,0.0025
Senado,centro,-0.1094
Senado,centro,0.207
Senado,centro,-0.5033
Senado,centro,-0.029
Senado,centro,-0.3639
Senado,centro,-0.3278
Senado,centro,-0.0716
Senado,centro,0.4072
Senado,centro,0.3731
Senado,centro,0.0152
Senado,centro,0.2744
Senado,centro,-0.1009
Senado,centro,0.1608
Senado,centro,-0.3768
Senado,centro,0.1544
Senado,centro,0.0144
Senado,centro,-0.2649
Senado,centro,0.1237
Senado,centro,0.1448
Senado,centro,-0.2262
Senado,centro,-0.1939
Senado,centro,0.0899
Senado,centro,0.1854
Senado,centro,0.4398
Senado,centro,-0.0457
Senado,centro,0.1487
Senado,centro,-0.1291
Senado,centro,0.0615
Senado,centro,0.0029
Senado,centro,0.0393
Senado,centro,-0.0257
Senado,centro,0.5215
Senado,centro,0.1517
Senado,centro,0.1667
Senado,centro,-0.0017
Senado,centro,0.314
Senado,centro,0.1466
Senado,centro,-0.1425
Senado,centro,0.0599
Senado,centro,-0.1185
Senado,centro,-0.0648
Senado,centro,-0.2238
Senado,centro,0.4315
Senado,centro,0.231
Senado,centro,-0.2181
Senado,centro,0.2454
Senado,direita,-0.1245
Senado,direita,-0.0596
Senado,direita,0.2955
Senado,centro,0.1464
Senado,centro-esquerda,0.0671
Senado,centro-esquerda,-0.0593
Senado,centro-esquerda,0.1401
Senado,centro-esquerda,-0.022
Senado,centro-esquerda,0.0388
Senado,centro-esquerda,0.1979
Senado,centro-esquerda,-0.4943
Senado,centro-esquerda,-0.257
Senado,centro-esquerda,0.5142
Senado,direita,-0.1465
Senado,direita,0.2614
Senado,direita,0.0275
Senado,direita,0.119
Senado,direita,0.2794
Senado,direita,0.1324
Senado,direita,-0.3624
Senado,direita,0.07
Senado,direita,-0.198
Senado,direita,-0.1534
Senado,direita,0.1219
Senado,direita,0.042
Senado,direita,0.1522
Senado,direita,0.0152
Senado,direita,-0.1887
Senado,direita,-0.2352
Senado,direita,-0.0988
Senado,direita,0.2685
Senado,direita,0.2086
Senado,direita,0.0253
Senado,direita,0.1931
Senado,direita,0.0638
Senado,direita,0.1408
Senado,direita,0.019
Senado,direita,-0.2439
Senado,direita,0.1214
Senado,direita,-0.1053
Senado,direita,0.2222
Senado,direita,-0.0956
Senado,centro,-0.06
Senado,centro,0.5969
Senado,centro,-0.2017
Senado,centro,0.0312
Senado,centro,-0.131
Senado,centro,0.1395
Senado,centro,-0.2219
Senado,centro,-0.2796
Senado,centro,-0.0349
Senado,centro,0.2039
Senado,centro,0.0466
Senado,centro,0.0428
Senado,centro,-0.0214
Senado,centro,0.0375
Senado,centro,0.0476
Senado,centro,0.0083
Senado,centro,0.2366
Senado,centro,0.3118
Senado,centro,-0.2764
Senado,centro,-0.0182
Senado,centro,-0.1602
Senado,centro,0.0965
Senado,centro,-0.1009
Senado,centro,0.0393
Senado,centro,0.0874
Senado,centro,0.0287
Senado,centro,0.1593
Senado,centro,0.0826
Senado,centro,0.4731
Senado,centro,0.1466
Senado,centro-esquerda,-0.1173
Senado,centro-esquerda,-0.5407
Senado,centro-esquerda,0.1256
Senado,centro-esquerda,-0.442
Senado,centro-esquerda,-0.334
Senado,centro-esquerda,-0.0338
Senado,centro-esquerda,0.3057
Senado,centro-esquerda,0.5168
Senado,centro,-0.1854
Senado,centro,0.0303
Senado,centro,0.1059
Senado,centro,-0.1043
Senado,centro,0.0364
Senado,centro,0.0903
Senado,centro,0.0919
Senado,centro,0.0142
Senado,centro,0.0528
Senado,centro,-0.1714
Senado,centro,0.12
Senado,centro,-0.0615
Senado,centro,-0.1035
Senado,centro,-0.5925
Senado,centro,0.0388
Senado,centro,-0.8513
Senado,centro,-0.0246
Senado,centro,0.0825
Senado,centro,0.1137
Senado,centro,0.0538
Senado,centro,0.1828
Senado,centro,-0.0723
Senado,centro,0.4609
Senado,centro,-0.0177
Senado,centro,0.047
Senado,centro,-0.3646
Senado,centro,-0.2654
Senado,centro,0.1213
Senado,centro,0.1165
Senado,centro,-0.7396
Senado,centro,-0.0557
Senado,centro,-0.5303
Senado,centro,0.2597
Senado,centro,0.072
Senado,esquerda,0.2123
Senado,esquerda,-0.1148
Senado,esquerda,-0.0871
Senado,esquerda,0.117
Senado,esquerda,-0.0378
Senado,esquerda,-0.0095
Senado,esquerda,0.1303
Senado,esquerda,0.0429
Senado,esquerda,-0.1174
Senado,esquerda,-0.0674
Senado,esquerda,-0.1069
Senado,esquerda,0.0916
Senado,esquerda,-0.102
Senado,esquerda,-0.0568
Senado,esquerda,-0.1117
Senado,esquerda,-0.0573
Senado,esquerda,-0.1464
Senado,esquerda,0.0874
Senado,esquerda,0.0297
Senado,esquerda,-0.1408
Senado,esquerda,0.0483
Senado,esquerda,-0.0465
Senado,esquerda,0.1595
Senado,centro,-0.2591
Senado,centro,-0.2352
Senado,centro,-0.2316
Senado,centro,0.2955
Senado,esquerda,0.2882
Senado,esquerda,-0.3299
Senado,esquerda,-0.2047
Senado,esquerda,0.1377
Senado,esquerda,0.0703
Senado,esquerda,-0.1566
Senado,esquerda,-0.163
Senado,centro,0.0619
Senado,centro,0.0313
Senado,centro,-0.0057
Senado,centro,-0.1047
Senado,centro,0.2345
Senado,centro,-0.5195
Senado,centro,-0.0259
Senado,centro,-0.3473
Senado,centro,-0.3335
Senado,centro,-0.0743
Senado,centro,0.3841
Senado,centro,0.3958
Senado,centro,0.0179
Senado,centro,0.2557
Senado,centro,-0.1039
Senado,centro,0.1533
Senado,centro,-0.361
Senado,centro,0.1677
Senado,centro,0.0111
Senado,centro,-0.2512
Senado,centro,0.1233
Senado,centro,0.1463
Senado,centro,-0.2032
Senado,centro,-0.2161
Senado,centro,0.0585
Senado,centro,0.1889
Senado,centro,0.4496
Senado,centro,-0.0563
Senado,centro,0.1601
Senado,centro,-0.1335
Senado,centro,0.0569
Senado,centro,0.0145
Senado,centro,0.0281
Senado,centro,-0.0287
Senado,centro,0.5087
Senado,centro,0.1445
Senado,centro,0.1767
Senado,centro,0.0185
Senado,centro,0.3158
Senado,centro,0.1593
Senado,centro,-0.1451
Senado,centro,0.0555
Senado,centro,-0.1264
Senado,centro,-0.0544
Senado,centro,-0.2298
Senado,centro,0.4208
Senado,centro,0.2264
Senado,centro,-0.2215
Senado,centro,0.267
Senado,direita,-0.1296
Senado,direita,-0.0108
Senado,direita,0.282
Senado,centro,0.1462
Senado,centro-esquerda,0.0591
Senado,centro-esquerda,-0.0324
Senado,centro-esquerda,0.1528
Senado,centro-esquerda,-0.0242
Senado,centro-esquerda,0.0313
Senado,centro-esquerda,0.1956
Senado,centro-esquerda,-0.4895
Senado,centro-esquerda,-0.241
Senado,centro-esquerda,0.5177
Senado,direita,-0.1526
Senado,direita,0.2593
Senado,direita,-0.0111
Senado,direita,0.1003
Senado,direita,0.2958
Senado,direita,0.1211
Senado,direita,-0.3435
Senado,direita,0.0718
Senado,direita,-0.2078
Senado,direita,-0.1643
Senado,direita,0.114
Senado,direita,0.0412
Senado,direita,0.1472
Senado,direita,0.0347
Senado,direita,-0.206
Senado,direita,-0.2249
Senado,direita,-0.0929
Senado,direita,0.2655
Senado,direita,0.2112
Senado,direita,0.0193
Senado,direita,0.1668
Senado,direita,0.0915
Senado,direita,0.1423
Senado,direita,0.0084
Senado,direita,-0.2329
Senado,direita,0.1192
Senado,direita,-0.086
Senado,direita,0.1974
Senado,direita,-0.0863
Senado,centro,-0.0447
Senado,centro,0.5857
Senado,centro,-0.2115
Senado,centro,0.0341
Senado,centro,-0.1337
Senado,centro,0.1603
Senado,centro,-0.2356
Senado,centro,-0.2819
Senado,centro,-0.0211
Senado,centro,0.2
Senado,centro,0.0506
Senado,centro,0.0279
Senado,centro,-0.0354
Senado,centro,0.0059
Senado,centro,0.0203
Senado,centro,0.007
Senado,centro,0.2312
Senado,centro,0.335
Senado,centro,-0.282
Senado,centro,7e-04
Senado,centro,-0.1609
Senado,centro,0.0802
Senado,centro,-0.1279
Senado,centro,0.0287
Senado,centro,0.0969
Senado,centro,0.0374
Senado,centro,0.1314
Senado,centro,-0.0095
Senado,centro,0.4312
Senado,centro,0.1572
Senado,centro-esquerda,-0.1225
Senado,centro-esquerda,-0.5482
Senado,centro-esquerda,0.1254
Senado,centro-esquerda,-0.4595
Senado,centro-esquerda,-0.3117
Senado,centro-esquerda,0.0025
Senado,centro-esquerda,0.3081
Senado,centro-esquerda,0.4753
Senado,centro,-0.166
Senado,centro,0.0112
Senado,centro,0.0782
Senado,centro,-0.149
Senado,centro,0.0468
Senado,centro,0.0902
Senado,centro,0.1095
Senado,centro,0.0336
Senado,centro,0.0464
Senado,centro,-0.1755
Senado,centro,0.1208
Senado,centro,-0.0382
Senado,centro,-0.1011
Senado,centro,-0.5937
Senado,centro,0.0634
Senado,centro,-0.8523
Senado,centro,-0.0334
Senado,centro,0.0893
Senado,centro,0.1164
Senado,centro,0.0539
Senado,centro,0.1898
Senado,centro,-0.0789
Senado,centro,0.4511
Senado,centro,-0.0223
Senado,centro,0.0629
Senado,centro,-0.3536
Senado,centro,-0.2741
Senado,centro,0.1194
Senado,centro,0.1209
Senado,centro,-0.7328
Senado,centro,-0.1166
Senado,centro,-0.5318
Senado,centro,0.2311
Senado,centro,0.0592
Senado,esquerda,0.1215
Senado,esquerda,-0.1301
Senado,esquerda,-0.0967
Senado,esquerda,0.128
Senado,esquerda,-0.0154
Senado,esquerda,0.0172
Senado,esquerda,0.1187
Senado,esquerda,0.0166
Senado,esquerda,-0.1406
Senado,esquerda,-0.1082
Senado,esquerda,-0.1232
Senado,esquerda,0.0797
Senado,esquerda,-0.0984
Senado,esquerda,-0.0735
Senado,esquerda,-0.0934
Senado,esquerda,-0.0651
Senado,esquerda,-0.1699
Senado,esquerda,0.0954
Senado,esquerda,0.003
Senado,esquerda,-0.1391
Senado,esquerda,0.0202
Senado,esquerda,-0.0233
Senado,esquerda,0.1561
Senado,centro,-0.2638
Senado,centro,-0.2401
Senado,centro,-0.2618
Senado,centro,0.2943
Senado,esquerda,0.2717
Senado,esquerda,-0.3184
Senado,esquerda,-0.2252
Senado,esquerda,0.1384
Senado,esquerda,0.0609
Senado,esquerda,-0.1323
Senado,esquerda,-0.1582
Senado,centro,0.0793
Senado,centro,0.0165
Senado,centro,0.0082
Senado,centro,-0.0916
Senado,centro,0.2107
Senado,centro,-0.5206
Senado,centro,-0.0229
Senado,centro,-0.3622
Senado,centro,-0.3328
Senado,centro,-0.0506
Senado,centro,0.4025
Senado,centro,0.3863
Senado,centro,0.0355
Senado,centro,0.2692
Senado,centro,-0.0988
Senado,centro,0.1546
Senado,centro,-0.3579
Senado,centro,0.1644
Senado,centro,-0.0125
Senado,centro,-0.2502
Senado,centro,0.1267
Senado,centro,0.1274
Senado,centro,-0.1975
Senado,centro,-0.2001
Senado,centro,0.0705
Senado,centro,0.1414
Senado,centro,0.4583
Senado,centro,-0.0571
Senado,centro,0.1745
Senado,centro,-0.1486
Senado,centro,0.053
Senado,centro,0.0201
Senado,centro,0.0331
Senado,centro,-0.0192
Senado,centro,0.4991
Senado,centro,0.1485
Senado,centro,0.1581
Senado,centro,0.0149
Senado,centro,0.314
Senado,centro,0.1734
Senado,centro,-0.1597
Senado,centro,0.0509
Senado,centro,-0.1246
Senado,centro,-0.0563
Senado,centro,-0.2377
Senado,centro,0.4321
Senado,centro,0.2308
Senado,centro,-0.2086
Senado,centro,0.2567
Senado,direita,-0.1166
Senado,direita,-0.0316
Senado,direita,0.2917
Senado,centro,0.1382
Senado,centro-esquerda,0.1258
Senado,centro-esquerda,-0.0543
Senado,centro-esquerda,0.13
Senado,centro-esquerda,-0.0157
Senado,centro-esquerda,0.0257
Senado,centro-esquerda,0.1971
Senado,centro-esquerda,-0.4729
Senado,centro-esquerda,-0.2533
Senado,centro-esquerda,0.5138
Senado,direita,-0.1408
Senado,direita,0.2444
Senado,direita,-0.0023
Senado,direita,0.1208
Senado,direita,0.2803
Senado,direita,0.1282
Senado,direita,-0.3354
Senado,direita,0.0702
Senado,direita,-0.1968
Senado,direita,-0.151
Senado,direita,0.1241
Senado,direita,0.0458
Senado,direita,0.1473
Senado,direita,0.0272
Senado,direita,-0.1954
Senado,direita,-0.2428
Senado,direita,-0.0889
Senado,direita,0.2442
Senado,direita,0.1935
Senado,direita,0.0156
Senado,direita,0.1737
Senado,direita,0.0739
Senado,direita,0.1326
Senado,direita,0.0169
Senado,direita,-0.2348
Senado,direita,0.1249
Senado,direita,-0.0978
Senado,direita,0.2172
Senado,direita,-0.0684
Senado,centro,-0.0629
Senado,centro,0.5846
Senado,centro,-0.2051
Senado,centro,0.0245
Senado,centro,-0.1367
Senado,centro,0.1513
Senado,centro,-0.2124
Senado,centro,-0.2718
Senado,centro,-0.0322
Senado,centro,0.2124
Senado,centro,0.0414
Senado,centro,0.0373
Senado,centro,-0.0307
Senado,centro,0.0262
Senado,centro,0.0592
Senado,centro,0.0386
Senado,centro,0.23
Senado,centro,0.328
Senado,centro,-0.2749
Senado,centro,-0.0181
Senado,centro,-0.1847
Senado,centro,0.09
Senado,centro,-0.1395
Senado,centro,0.0256
Senado,centro,0.1099
Senado,centro,0.0323
Senado,centro,0.1331
Senado,centro,0.0557
Senado,centro,0.4402
Senado,centro,0.1194
Senado,centro-esquerda,-0.1285
Senado,centro-esquerda,-0.579
Senado,centro-esquerda,0.1441
Senado,centro-esquerda,-0.4341
Senado,centro-esquerda,-0.3242
Senado,centro-esquerda,-0.0116
Senado,centro-esquerda,0.3247
Senado,centro-esquerda,0.4807
Senado,centro,-0.181
Senado,centro,0.0174
Senado,centro,0.1308
Senado,centro,-0.1258
Senado,centro,0.0477
Senado,centro,0.0835
Senado,centro,0.1256
Senado,centro,0.0119
Senado,centro,0.0238
Senado,centro,-0.1856
Senado,centro,0.114
Senado,centro,-0.04
Senado,centro,-0.0965
Senado,centro,-0.5786
Senado,centro,0.044
Senado,centro,-0.8425
Senado,centro,-0.0376
Senado,centro,0.0913
Senado,centro,0.1217
Senado,centro,0.076
Senado,centro,0.1686
Senado,centro,-0.0686
Senado,centro,0.4439
Senado,centro,-0.0155
Senado,centro,0.0514
Senado,centro,-0.3435
Senado,centro,-0.271
Senado,centro,0.1177
Senado,centro,0.1106
Senado,centro,-0.7205
Senado,centro,-0.0618
Senado,centro,-0.527
Senado,centro,0.2315
Senado,centro,0.0701
Senado,esquerda,0.2725
Senado,esquerda,-0.1426
Senado,esquerda,-0.0938
Senado,esquerda,0.1026
Senado,esquerda,-0.0333
Senado,esquerda,-0.0059
Senado,esquerda,0.1348
Senado,esquerda,0.02
Senado,esquerda,-0.1359
Senado,esquerda,-0.0929
Senado,esquerda,-0.1146
Senado,esquerda,0.0556
Senado,esquerda,-0.106
Senado,esquerda,-0.0602
Senado,esquerda,-0.0901
Senado,esquerda,-0.0638
Senado,esquerda,-0.1778
Senado,esquerda,0.0726
Senado,esquerda,0.0076
Senado,esquerda,-0.1486
Senado,esquerda,0.0245
Senado,esquerda,-0.0375
Senado,esquerda,0.1957
Senado,centro,-0.2643
Senado,centro,-0.2177
Senado,centro,-0.264
Senado,centro,0.2966
Senado,esquerda,0.2666
Senado,esquerda,-0.3565
Senado,esquerda,-0.1971
Senado,esquerda,0.142
Senado,esquerda,0.1132
Senado,esquerda,-0.1536
Senado,esquerda,-0.1699
Senado,centro,0.0582
Senado,centro,0.011
Senado,centro,-0.0035
Senado,centro,-0.1196
Senado,centro,0.2212
Senado,centro,-0.4974
Senado,centro,-0.0088
Senado,centro,-0.3819
Senado,centro,-0.3513
Senado,centro,-0.0841
Senado,centro,0.396
Senado,centro,0.3797
Senado,centro,0.0186
Senado,centro,0.3101
Senado,centro,-0.1097
Senado,centro,0.1431
Senado,centro,-0.3808
Senado,centro,0.1622
Senado,centro,0.006
Senado,centro,-0.229
Senado,centro,0.1227
Senado,centro,0.1421
Senado,centro,-0.21
Senado,centro,-0.2149
Senado,centro,0.0687
Senado,centro,0.1915
Senado,centro,0.4534
Senado,centro,-0.0602
Senado,centro,0.158
Senado,centro,-0.1395
Senado,centro,0.0612
Senado,centro,-0.0216
Senado,centro,0.0155
Senado,centro,-0.0222
Senado,centro,0.5122
Senado,centro,0.1531
Senado,centro,0.156
Senado,centro,0.016
Senado,centro,0.3043
Senado,centro,0.1548
Senado,centro,-0.1529
Senado,centro,0.0586
Senado,centro,-0.1172
Senado,centro,-0.0551
Senado,centro,-0.2346
Senado,centro,0.4281
Senado,centro,0.2254
Senado,centro,-0.2204
Senado,centro,0.2543
Senado,direita,-0.1179
Senado,direita,-0.0336
Senado,direita,0.2989
Senado,centro,0.1366
Senado,centro-esquerda,0.0559
Senado,centro-esquerda,-0.0666
Senado,centro-esquerda,0.1429
Senado,centro-esquerda,-0.0509
Senado,centro-esquerda,0.0167
Senado,centro-esquerda,0.2082
Senado,centro-esquerda,-0.4953
Senado,centro-esquerda,-0.2529
Senado,centro-esquerda,0.5227
Senado,direita,-0.1196
Senado,direita,0.2639
Senado,direita,-0.0055
Senado,direita,0.1301
Senado,direita,0.2932
Senado,direita,0.1316
Senado,direita,-0.3565
Senado,direita,0.0607
Senado,direita,-0.2163
Senado,direita,-0.1635
Senado,direita,0.1303
Senado,direita,0.0462
Senado,direita,0.1209
Senado,direita,0.0372
Senado,direita,-0.2134
Senado,direita,-0.2462
Senado,direita,-0.0907
Senado,direita,0.2614
Senado,direita,0.2146
Senado,direita,0.0205
Senado,direita,0.161
Senado,direita,0.0841
Senado,direita,0.1211
Senado,direita,0.0168
Senado,direita,-0.2148
Senado,direita,0.1127
Senado,direita,-0.1009
Senado,direita,0.2164
Senado,direita,-0.0686
Senado,centro,-0.0376
Senado,centro,0.5783
Senado,centro,-0.2019
Senado,centro,0.0476
Senado,centro,-0.1204
Senado,centro,0.1491
Senado,centro,-0.221
Senado,centro,-0.2591
Senado,centro,-0.0528
Senado,centro,0.2119
Senado,centro,0.038
Senado,centro,0.0519
Senado,centro,-0.0347
Senado,centro,0.0245
Senado,centro,0.0328
Senado,centro,-4e-04
Senado,centro,0.2563
Senado,centro,0.3248
Senado,centro,-0.274
Senado,centro,-0.0352
Senado,centro,-0.1604
Senado,centro,0.0882
Senado,centro,-0.1383
Senado,centro,0.0432
Senado,centro,0.0907
Senado,centro,0.033
Senado,centro,0.0874
Senado,centro,0.0374
Senado,centro,0.4242
Senado,centro,0.1259
Senado,centro-esquerda,-0.1306
Senado,centro-esquerda,-0.5019
Senado,centro-esquerda,0.1709
Senado,centro-esquerda,-0.4723
Senado,centro-esquerda,-0.3227
Senado,centro-esquerda,-0.0022
Senado,centro-esquerda,0.2912
Senado,centro-esquerda,0.4785
Senado,centro,-0.1605
Senado,centro,0.0244
Senado,centro,0.1372
Senado,centro,-0.1426
Senado,centro,0.0281
Senado,centro,0.0906
Senado,centro,0.1177
Senado,centro,0.0421
Senado,centro,0.0115
Senado,centro,-0.1674
Senado,centro,0.1175
Senado,centro,-0.0506
Senado,centro,-0.0821
Senado,centro,-0.6019
Senado,centro,0.033
Senado,centro,-0.8619
Senado,centro,-0.0277
Senado,centro,0.0827
Senado,centro,0.1254
Senado,centro,0.056
Senado,centro,0.1567
Senado,centro,-0.0512
Senado,centro,0.4257
Senado,centro,0.0371
Senado,centro,0.0583
Senado,centro,-0.3504
Senado,centro,-0.2792
Senado,centro,0.1229
Senado,centro,0.1028
Senado,centro,-0.7562
Senado,centro,-0.0497
Senado,centro,-0.5315
Senado,centro,0.2502
Senado,centro,0.0737
Senado,esquerda,0.1812
Senado,esquerda,-0.1229
Senado,esquerda,-0.1215
Senado,esquerda,0.1144
Senado,esquerda,-0.0861
Senado,esquerda,0.0112
Senado,esquerda,0.125
Senado,esquerda,0.0317
Senado,esquerda,-0.1146
Senado,esquerda,-0.0755
Senado,esquerda,-0.091
Senado,esquerda,0.0967
Senado,esquerda,-0.092
Senado,esquerda,-0.0436
Senado,esquerda,-0.091
Senado,esquerda,-0.0775
Senado,esquerda,-0.2012
Senado,esquerda,0.0857
Senado,esquerda,0.02
Senado,esquerda,-0.158
Senado,esquerda,0.0301
Senado,esquerda,-0.0289
Senado,esquerda,0.1821
Senado,centro,-0.2776
Senado,centro,-0.2328
Senado,centro,-0.2608
Senado,centro,0.3231
Senado,esquerda,0.304
Senado,esquerda,-0.342
Senado,esquerda,-0.1962
Senado,esquerda,0.1399
Senado,esquerda,0.0543
Senado,esquerda,-0.1599
Senado,esquerda,-0.1949
Senado,centro,0.0648
Senado,centro,0.0193
Senado,centro,0.0175
Senado,centro,-0.103
Senado,centro,0.1955
Senado,centro,-0.5036
Senado,centro,-0.0383
Senado,centro,-0.3697
Senado,centro,-0.3244
Senado,centro,-0.0932
Senado,centro,0.3891
Senado,centro,0.3887
Senado,centro,0.0094
Senado,centro,0.2991
Senado,centro,-0.1159
Senado,centro,0.134
Senado,centro,-0.3643
Senado,centro,0.1572
Senado,centro,0.0107
Senado,centro,-0.2395
Senado,centro,0.1332
Senado,centro,0.1437
Senado,centro,-0.1835
Senado,centro,-0.2016
Senado,centro,0.0556
Senado,centro,0.1911
Senado,centro,0.4571
Senado,centro,-0.0736
Senado,centro,0.1557
Senado,centro,-0.1488
Senado,centro,0.0604
Senado,centro,0.0071
Senado,centro,0.0287
Senado,centro,-0.0206
Senado,centro,0.5074
Senado,centro,0.147
Senado,centro,0.1842
Senado,centro,0.0055
Senado,centro,0.3076
Senado,centro,0.1536
Senado,centro,-0.1618
Senado,centro,0.0584
Senado,centro,-0.1349
Senado,centro,-0.0602
Senado,centro,-0.247
Senado,centro,0.4353
Senado,centro,0.2304
Senado,centro,-0.2345
Senado,centro,0.2498
Senado,direita,-0.1072
Senado,direita,-0.0351
Senado,direita,0.303
Senado,centro,0.1239
Senado,centro-esquerda,0.0892
Senado,centro-esquerda,-0.0636
Senado,centro-esquerda,0.116
Senado,centro-esquerda,-0.0282
Senado,centro-esquerda,0.0428
Senado,centro-esquerda,0.1917
Senado,centro-esquerda,-0.4872
Senado,centro-esquerda,-0.258
Senado,centro-esquerda,0.5206
Senado,direita,-0.1658
Senado,direita,0.2798
Senado,direita,0.0152
Senado,direita,0.1461
Senado,direita,0.2894
Senado,direita,0.1196
Senado,direita,-0.3373
Senado,direita,0.0684
Senado,direita,-0.1809
Senado,direita,-0.1607
Senado,direita,0.1467
Senado,direita,0.0207
Senado,direita,0.1571
Senado,direita,0.0073
Senado,direita,-0.2006
Senado,direita,-0.2643
Senado,direita,-0.0677
Senado,direita,0.2615
Senado,direita,0.2128
Senado,direita,0.0426
Senado,direita,0.1429
Senado,direita,0.0883
Senado,direita,0.136
Senado,direita,-0.006
Senado,direita,-0.256
Senado,direita,0.1303
Senado,direita,-0.0934
Senado,direita,0.1788
Senado,direita,-0.0698
Senado,centro,-0.0552
Senado,centro,0.5774
Senado,centro,-0.1955
Senado,centro,0.0383
Senado,centro,-0.1261
Senado,centro,0.1305
Senado,centro,-0.2254
Senado,centro,-0.2669
Senado,centro,-0.0284
Senado,centro,0.2327
Senado,centro,0.046
Senado,centro,0.0112
Senado,centro,-0.0323
Senado,centro,0.0341
Senado,centro,0.0754
Senado,centro,0.0616
Senado,centro,0.2572
Senado,centro,0.3221
Senado,centro,-0.2804
Senado,centro,-0.0036
Senado,centro,-0.1615
Senado,centro,0.0965
Senado,centro,-0.1158
Senado,centro,0.0203
Senado,centro,0.1101
Senado,centro,0.0137
Senado,centro,0.0749
Senado,centro,0.0435
Senado,centro,0.4256
Senado,centro,0.1501
Senado,centro-esquerda,-0.1401
Senado,centro-esquerda,-0.4549
Senado,centro-esquerda,0.1447
Senado,centro-esquerda,-0.4413
Senado,centro-esquerda,-0.3394
Senado,centro-esquerda,0.0126
Senado,centro-esquerda,0.3135
Senado,centro-esquerda,0.495
Senado,centro,-0.1559
Senado,centro,0.0259
Senado,centro,0.0548
Senado,centro,-0.1397
Senado,centro,0.0568
Senado,centro,0.0963
Senado,centro,0.0809
Senado,centro,0.0406
Senado,centro,0.0503
Senado,centro,-0.1734
Senado,centro,0.1027
Senado,centro,-0.0557
Senado,centro,-0.1087
Senado,centro,-0.5825
Senado,centro,0.0494
Senado,centro,-0.8516
Senado,centro,-0.0317
Senado,centro,0.0953
Senado,centro,0.1169
Senado,centro,0.0562
Senado,centro,0.2095
Senado,centro,-0.0695
Senado,centro,0.4479
Senado,centro,-0.0229
Senado,centro,0.0545
Senado,centro,-0.3456
Senado,centro,-0.2797
Senado,centro,0.1264
Senado,centro,0.1227
Senado,centro,-0.7532
Senado,centro,-0.0789
Senado,centro,-0.5363
Senado,centro,0.2654
Senado,centro,0.0547
Senado,esquerda,0.1304
Senado,esquerda,-0.1344
Senado,esquerda,-0.0894
Senado,esquerda,0.1177
Senado,esquerda,-0.0218
Senado,esquerda,0.0082
Senado,esquerda,0.1199
Senado,esquerda,0.0176
Senado,esquerda,-0.1141
Senado,esquerda,-0.0916
Senado,esquerda,-0.106
Senado,esquerda,0.0615
Senado,esquerda,-0.1156
Senado,esquerda,-0.0678
Senado,esquerda,-0.094
Senado,esquerda,-0.064
Senado,esquerda,-0.1751
Senado,esquerda,0.0924
Senado,esquerda,0.004
Senado,esquerda,-0.1403
Senado,esquerda,0.0216
Senado,esquerda,-0.0266
Senado,esquerda,0.1622
Senado,centro,-0.2689
Senado,centro,-0.238
Senado,centro,-0.2679
Senado,centro,0.317
Senado,esquerda,0.2943
Senado,esquerda,-0.3238
Senado,esquerda,-0.2052
Senado,esquerda,0.1675
Senado,esquerda,0.0498
Senado,esquerda,-0.1667
Senado,esquerda,-0.167
Senado,centro,0.0675
Senado,centro,0.0378
Senado,centro,0.0062
Senado,centro,-0.1049
Senado,centro,0.2303
Senado,centro,-0.5111
Senado,centro,-0.001
Senado,centro,-0.3647
Senado,centro,-0.337
Senado,centro,-0.0541
Senado,centro,0.4114
Senado,centro,0.3505
Senado,centro,0.0331
Senado,centro,0.2733
Senado,centro,-0.089
Senado,centro,0.1599
Senado,centro,-0.3693
Senado,centro,0.1542
Senado,centro,0.0266
Senado,centro,-0.2237
Senado,centro,0.1293
Senado,centro,0.1463
Senado,centro,-0.2194
Senado,centro,-0.1894
Senado,centro,0.0747
Senado,centro,0.1999
Senado,centro,0.4501
Senado,centro,-0.0524
Senado,centro,0.1556
Senado,centro,-0.1483
Senado,centro,0.0664
Senado,centro,0.0064
Senado,centro,0.0222
Senado,centro,-0.0422
Senado,centro,0.5003
Senado,centro,0.1643
Senado,centro,0.1619
Senado,centro,0.0011
Senado,centro,0.3108
Senado,centro,0.155
Senado,centro,-0.1614
Senado,centro,0.0642
Senado,centro,-0.1323
Senado,centro,-0.071
Senado,centro,-0.243
Senado,centro,0.4583
Senado,centro,0.227
Senado,centro,-0.2277
Senado,centro,0.2401
Senado,direita,-0.1127
Senado,direita,-0.0609
Senado,direita,0.3118
Senado,centro,0.1625
Senado,centro-esquerda,0.0448
Senado,centro-esquerda,-0.0749
Senado,centro-esquerda,0.1148
Senado,centro-esquerda,-0.0353
Senado,centro-esquerda,0.0241
Senado,centro-esquerda,0.2092
Senado,centro-esquerda,-0.4776
Senado,centro-esquerda,-0.25
Senado,centro-esquerda,0.535
Senado,direita,-0.133
Senado,direita,0.2552
Senado,direita,0.0037
Senado,direita,0.1137
Senado,direita,0.2851
Senado,direita,0.1206
Senado,direita,-0.3447
Senado,direita,0.0627
Senado,direita,-0.1828
Senado,direita,-0.1407
Senado,direita,0.1243
Senado,direita,0.0449
Senado,direita,0.1415
Senado,direita,0.0341
Senado,direita,-0.1991
Senado,direita,-0.2374
Senado,direita,-0.0786
Senado,direita,0.2471
Senado,direita,0.2071
Senado,direita,0.0182
Senado,direita,0.1725
Senado,direita,0.0858
Senado,direita,0.1388
Senado,direita,0.0018
Senado,direita,-0.233
Senado,direita,0.1262
Senado,direita,-0.0893
Senado,direita,0.1917
Senado,direita,-0.0967
Senado,centro,-0.0632
Senado,centro,0.5844
Senado,centro,-0.201
Senado,centro,0.0479
Senado,centro,-0.1268
Senado,centro,0.1302
Senado,centro,-0.19
Senado,centro,-0.2563
Senado,centro,-0.0482
Senado,centro,0.2005
Senado,centro,0.0254
Senado,centro,0.0311
Senado,centro,-0.0314
Senado,centro,0.022
Senado,centro,0.0645
Senado,centro,0.0556
Senado,centro,0.2175
Senado,centro,0.3306
Senado,centro,-0.2819
Senado,centro,-0.0302
Senado,centro,-0.1843
Senado,centro,0.0902
Senado,centro,-0.122
Senado,centro,0.0425
Senado,centro,0.0886
Senado,centro,0.0236
Senado,centro,0.1128
Senado,centro,0.0455
Senado,centro,0.4182
Senado,centro,0.1025
Senado,centro-esquerda,-0.1397
Senado,centro-esquerda,-0.5251
Senado,centro-esquerda,0.1633
Senado,centro-esquerda,-0.463
Senado,centro-esquerda,-0.3236
Senado,centro-esquerda,-2e-04
Senado,centro-esquerda,0.3174
Senado,centro-esquerda,0.4873
Senado,centro,-0.1553
Senado,centro,0.0166
Senado,centro,0.1206
Senado,centro,-0.153
Senado,centro,0.046
Senado,centro,0.1023
Senado,centro,0.1092
Senado,centro,0.0146
Senado,centro,0.0267
Senado,centro,-0.1817
Senado,centro,0.1281
Senado,centro,-0.0486
Senado,centro,-0.1029
Senado,centro,-0.5871
Senado,centro,0.055
Senado,centro,-0.8524
Senado,centro,-0.0561
Senado,centro,0.087
Senado,centro,0.1292
Senado,centro,0.0635
Senado,centro,0.1984
Senado,centro,-0.0642
Senado,centro,0.4512
Senado,centro,-0.0773
Senado,centro,0.0603
Senado,centro,-0.327
Senado,centro,-0.2853
Senado,centro,0.1313
Senado,centro,0.1143
Senado,centro,-0.7336
Senado,centro,-0.0676
Senado,centro,-0.5214
Senado,centro,0.2304
Senado,centro,0.0592
Senado,esquerda,0.0497
Senado,esquerda,-0.1465
Senado,esquerda,-0.0979
Senado,esquerda,0.135
Senado,esquerda,-0.032
Senado,esquerda,-0.0032
Senado,esquerda,0.1249
Senado,esquerda,0.003
Senado,esquerda,-0.1302
Senado,esquerda,-0.1075
Senado,esquerda,-0.1267
Senado,esquerda,0.0647
Senado,esquerda,-0.1002
Senado,esquerda,-0.059
Senado,esquerda,-0.1141
Senado,esquerda,-0.0493
Senado,esquerda,-0.1834
Senado,esquerda,0.1024
Senado,esquerda,-0.0084
Senado,esquerda,-0.1247
Senado,esquerda,0.0205
Senado,esquerda,-0.0365
Senado,esquerda,0.1612
Senado,centro,-0.2267
Senado,centro,-0.2407
Senado,centro,-0.2864
Senado,centro,0.3287
Senado,esquerda,0.2935
Senado,esquerda,-0.3389
Senado,esquerda,-0.203
Senado,esquerda,0.1468
Senado,esquerda,0.0472
Senado,esquerda,-0.1564
Senado,esquerda,-0.1713
Senado,centro,0.0642
Senado,centro,0.0093
Senado,centro,-0.0027
Senado,centro,-0.0832
Senado,centro,0.2132
Senado,centro,-0.521
Senado,centro,-0.0201
Senado,centro,-0.3783
Senado,centro,-0.3481
Senado,centro,-0.0561
Senado,centro,0.3838
Senado,centro,0.3871
Senado,centro,0.0253
Senado,centro,0.2736
Senado,centro,-0.0884
Senado,centro,0.1387
Senado,centro,-0.3723
Senado,centro,0.1415
Senado,centro,0.016
Senado,centro,-0.2283
Senado,centro,0.126
Senado,centro,0.1381
Senado,centro,-0.1812
Senado,centro,-0.1797
Senado,centro,0.0683
Senado,centro,0.1836
Senado,centro,0.4483
Senado,centro,-0.0821
Senado,centro,0.1562
Senado,centro,-0.1558
Senado,centro,0.0498
Senado,centro,-0.0021
Senado,centro,0.0123
Senado,centro,-0.043
Senado,centro,0.4943
Senado,centro,0.1622
Senado,centro,0.1715
Senado,centro,0.0119
Senado,centro,0.2951
Senado,centro,0.1549
Senado,centro,-0.1677
Senado,centro,0.0481
Senado,centro,-0.1274
Senado,centro,-0.0599
Senado,centro,-0.2344
Senado,centro,0.4423
Senado,centro,0.2366
Senado,centro,-0.2278
Senado,centro,0.2486
Senado,direita,-0.1179
Senado,direita,-0.0334
Senado,direita,0.3069
Senado,centro,0.1433
Senado,centro-esquerda,0.05
Senado,centro-esquerda,-0.069
Senado,centro-esquerda,0.1225
Senado,centro-esquerda,-0.0184
Senado,centro-esquerda,0.0438
Senado,centro-esquerda,0.1932
Senado,centro-esquerda,-0.4745
Senado,centro-esquerda,-0.2645
Senado,centro-esquerda,0.5213
Senado,direita,-0.1707
Senado,direita,0.266
Senado,direita,0.0186
Senado,direita,0.1263
Senado,direita,0.2982
Senado,direita,0.1376
Senado,direita,-0.3445
Senado,direita,0.0782
Senado,direita,-0.2026
Senado,direita,-0.1806
Senado,direita,0.1261
Senado,direita,0.0542
Senado,direita,0.1072
Senado,direita,0.0205
Senado,direita,-0.1856
Senado,direita,-0.2703
Senado,direita,-0.0685
Senado,direita,0.2592
Senado,direita,0.2104
Senado,direita,0.0181
Senado,direita,0.1675
Senado,direita,0.0921
Senado,direita,0.1403
Senado,direita,0.0259
Senado,direita,-0.2387
Senado,direita,0.0944
Senado,direita,-0.0738
Senado,direita,0.2127
Senado,direita,-0.0794
Senado,centro,-0.053
Senado,centro,0.5733
Senado,centro,-0.2062
Senado,centro,0.011
Senado,centro,-0.1153
Senado,centro,0.1528
Senado,centro,-0.229
Senado,centro,-0.2725
Senado,centro,-0.0328
Senado,centro,0.2232
Senado,centro,0.0568
Senado,centro,0.0314
Senado,centro,-0.033
Senado,centro,0.0391
Senado,centro,0.0405
Senado,centro,-0.0026
Senado,centro,0.2346
Senado,centro,0.3337
Senado,centro,-0.2789
Senado,centro,-0.0124
Senado,centro,-0.165
Senado,centro,0.0864
Senado,centro,-0.1233
Senado,centro,0.0249
Senado,centro,0.1103
Senado,centro,0.0304
Senado,centro,0.0887
Senado,centro,0.0346
Senado,centro,0.4264
Senado,centro,0.1385
Senado,centro-esquerda,-0.1293
Senado,centro-esquerda,-0.5219
Senado,centro-esquerda,0.1458
Senado,centro-esquerda,-0.4508
Senado,centro-esquerda,-0.334
Senado,centro-esquerda,-0.012
Senado,centro-esquerda,0.3053
Senado,centro-esquerda,0.4789
Senado,centro,-0.1685
Senado,centro,0.0122
Senado,centro,0.0886
Senado,centro,-0.1373
Senado,centro,0.041
Senado,centro,0.1127
Senado,centro,0.1274
Senado,centro,0.0136
Senado,centro,0.0407
Senado,centro,-0.2007
Senado,centro,0.125
Senado,centro,-0.0225
Senado,centro,-0.0966
Senado,centro,-0.5953
Senado,centro,0.0653
Senado,centro,-0.8483
Senado,centro,-0.0415
Senado,centro,0.0786
Senado,centro,0.1295
Senado,centro,0.0505
Senado,centro,0.187
Senado,centro,-0.0714
Senado,centro,0.4531
Senado,centro,-0.0319
Senado,centro,0.0719
Senado,centro,-0.2904
Senado,centro,-0.2654
Senado,centro,0.1185
Senado,centro,0.1021
Senado,centro,-0.7517
Senado,centro,-0.0383
Senado,centro,-0.5223
Senado,centro,0.2307
Senado,centro,0.0793
Senado,esquerda,0.1199
Senado,esquerda,-0.1444
Senado,esquerda,-0.1031
Senado,esquerda,0.1082
Senado,esquerda,-0.0215
Senado,esquerda,3e-04
Senado,esquerda,0.1206
Senado,esquerda,0.017
Senado,esquerda,-0.1263
Senado,esquerda,-0.095
Senado,esquerda,-0.1104
Senado,esquerda,0.0721
Senado,esquerda,-0.0809
Senado,esquerda,-0.0628
Senado,esquerda,-0.1034
Senado,esquerda,-0.078
Senado,esquerda,-0.1749
Senado,esquerda,0.0798
Senado,esquerda,0.005
Senado,esquerda,-0.1421
Senado,esquerda,0.0143
Senado,esquerda,-0.0315
Senado,esquerda,0.1604
Senado,centro,-0.2535
Senado,centro,-0.2378
Senado,centro,-0.26
Senado,centro,0.2931
Senado,esquerda,0.3116
Senado,esquerda,-0.3244
Senado,esquerda,-0.1798
Senado,esquerda,0.1428
Senado,esquerda,0.0698
Senado,esquerda,-0.1495
Senado,esquerda,-0.1699
Senado,centro,0.0763
Senado,centro,4e-04
Senado,centro,0.0149
Senado,centro,-0.092
Senado,centro,0.2028
Senado,centro,-0.5197
Senado,centro,-0.0195
Senado,centro,-0.3706
Senado,centro,-0.329
Senado,centro,-0.0637
Senado,centro,0.414
Senado,centro,0.3856
Senado,centro,0.0341
Senado,centro,0.2833
Senado,centro,-0.0989
Senado,centro,0.1605
Senado,centro,-0.3387
Senado,centro,0.1559
Senado,centro,-0.0106
Senado,centro,-0.2472
Senado,centro,0.1384
Senado,centro,0.1455
Senado,centro,-0.2159
Senado,centro,-0.1979
Senado,centro,0.0717
Senado,centro,0.1863
Senado,centro,0.4557
Senado,centro,-0.0607
Senado,centro,0.1606
Senado,centro,-0.148
Senado,centro,0.0542
Senado,centro,0.013
Senado,centro,0.0429
Senado,centro,-0.0431
Senado,centro,0.4954
Senado,centro,0.1413
Senado,centro,0.1748
Senado,centro,0.0221
Senado,centro,0.3134
Senado,centro,0.159
Senado,centro,-0.1603
Senado,centro,0.0525
Senado,centro,-0.1351
Senado,centro,-0.0531
Senado,centro,-0.2435
Senado,centro,0.4418
Senado,centro,0.2301
Senado,centro,-0.2125
Senado,centro,0.2535
Senado,direita,-0.1194
Senado,direita,-0.0251
Senado,direita,0.2897
Senado,centro,0.1444
Senado,centro-esquerda,0.0698
Senado,centro-esquerda,-0.0417
Senado,centro-esquerda,0.1398
Senado,centro-esquerda,-0.0048
Senado,centro-esquerda,0.0205
Senado,centro-esquerda,0.2172
Senado,centro-esquerda,-0.4869
Senado,centro-esquerda,-0.2662
Senado,centro-esquerda,0.5337
Senado,direita,-0.1283
Senado,direita,0.2599
Senado,direita,0.0111
Senado,direita,0.1303
Senado,direita,0.2909
Senado,direita,0.135
Senado,direita,-0.3533
Senado,direita,0.0721
Senado,direita,-0.1963
Senado,direita,-0.1733
Senado,direita,0.13
Senado,direita,0.0483
Senado,direita,0.1547
Senado,direita,0.0349
Senado,direita,-0.1907
Senado,direita,-0.2443
Senado,direita,-0.0898
Senado,direita,0.2575
Senado,direita,0.2115
Senado,direita,0.0071
Senado,direita,0.1714
Senado,direita,0.0714
Senado,direita,0.1032
Senado,direita,-0.0099
Senado,direita,-0.2383
Senado,direita,0.1279
Senado,direita,-0.0746
Senado,direita,0.2058
Senado,direita,-0.0999
Senado,centro,-0.062
Senado,centro,0.5771
Senado,centro,-0.2005
Senado,centro,0.0508
Senado,centro,-0.1223
Senado,centro,0.1427
Senado,centro,-0.2301
Senado,centro,-0.2708
Senado,centro,-0.0282
Senado,centro,0.2142
Senado,centro,0.0529
Senado,centro,-0.0076
Senado,centro,-0.0223
Senado,centro,0.0113
Senado,centro,0.0319
Senado,centro,0.0121
Senado,centro,0.1949
Senado,centro,0.3109
Senado,centro,-0.2818
Senado,centro,-0.0102
Senado,centro,-0.171
Senado,centro,0.0813
Senado,centro,-0.1339
Senado,centro,0.0356
Senado,centro,0.0951
Senado,centro,0.0194
Senado,centro,0.1071
Senado,centro,0.0269
Senado,centro,0.4306
Senado,centro,0.1545
Senado,centro-esquerda,-0.137
Senado,centro-esquerda,-0.5845
Senado,centro-esquerda,0.1619
Senado,centro-esquerda,-0.45
Senado,centro-esquerda,-0.3381
Senado,centro-esquerda,-0.0384
Senado,centro-esquerda,0.3275
Senado,centro-esquerda,0.4973
Senado,centro,-0.1663
Senado,centro,0.0076
Senado,centro,-0.0755
Senado,centro,-0.139
Senado,centro,0.0507
Senado,centro,0.0965
Senado,centro,0.0861
Senado,centro,0.0071
Senado,centro,0.0296
Senado,centro,-0.1815
Senado,centro,0.1248
Senado,centro,-0.0354
Senado,centro,-0.0892
Senado,centro,-0.5829
Senado,centro,0.0464
Senado,centro,-0.8347
Senado,centro,-0.0478
Senado,centro,0.0968
Senado,centro,0.1021
Senado,centro,0.0476
Senado,centro,0.1977
Senado,centro,-0.0715
Senado,centro,0.4392
Senado,centro,0.006
Senado,centro,0.0467
Senado,centro,-0.3314
Senado,centro,-0.2603
Senado,centro,0.1127
Senado,centro,0.1111
Senado,centro,-0.7759
Senado,centro,-0.0506
Senado,centro,-0.5479
Senado,centro,0.242
Senado,centro,0.0759
Senado,esquerda,0.0754
Senado,esquerda,-0.1364
Senado,esquerda,-0.1089
Senado,esquerda,0.1028
Senado,esquerda,-0.0768
Senado,esquerda,-0.0083
Senado,esquerda,0.1141
Senado,esquerda,0.0294
Senado,esquerda,-0.1439
Senado,esquerda,-0.096
Senado,esquerda,-0.1223
Senado,esquerda,0.0836
Senado,esquerda,-0.1044
Senado,esquerda,-0.074
Senado,esquerda,-0.1076
Senado,esquerda,-0.0838
Senado,esquerda,-0.1899
Senado,esquerda,0.0725
Senado,esquerda,0.0171
Senado,esquerda,-0.143
Senado,esquerda,6e-04
Senado,esquerda,-0.0382
Senado,esquerda,0.1472
Senado,centro,-0.2571
Senado,centro,-0.2283
Senado,centro,-0.2544
Senado,centro,0.2944
Senado,esquerda,0.3043
Senado,esquerda,-0.3344
Senado,esquerda,-0.1869
Senado,esquerda,0.1199
Senado,esquerda,0.0956
Senado,esquerda,-0.1343
Senado,esquerda,-0.1715
Senado,centro,0.0721
Senado,centro,0.0237
Senado,centro,0.0132
Senado,centro,-0.0914
Senado,centro,0.2114
Senado,centro,-0.506
Senado,centro,-0.011
Senado,centro,-0.3641
Senado,centro,-0.3434
Senado,centro,-0.0675
Senado,centro,0.3899
Senado,centro,0.3735
Senado,centro,0.0127
Senado,centro,0.3082
Senado,centro,-0.0994
Senado,centro,0.1512
Senado,centro,-0.3492
Senado,centro,0.1525
Senado,centro,0.015
Senado,centro,-0.2499
Senado,centro,0.1131
Senado,centro,0.1388
Senado,centro,-0.2084
Senado,centro,-0.2109
Senado,centro,0.0732
Senado,centro,0.1659
Senado,centro,0.4514
Senado,centro,-0.0699
Senado,centro,0.1445
Senado,centro,-0.1366
Senado,centro,0.0549
Senado,centro,-0.0016
Senado,centro,0.0297
Senado,centro,-0.0306
Senado,centro,0.5142
Senado,centro,0.1508
Senado,centro,0.1631
Senado,centro,0.0177
Senado,centro,0.3136
Senado,centro,0.1433
Senado,centro,-0.1491
Senado,centro,0.0532
Senado,centro,-0.1262
Senado,centro,-0.0511
Senado,centro,-0.2273
Senado,centro,0.4295
Senado,centro,0.2261
Senado,centro,-0.2119
Senado,centro,0.262
Senado,direita,-0.1247
Senado,direita,-0.0453
Senado,direita,0.3205
Senado,centro,0.1544
Senado,centro-esquerda,0.0647
Senado,centro-esquerda,-0.0514
Senado,centro-esquerda,0.1434
Senado,centro-esquerda,-0.0098
Senado,centro-esquerda,0.0172
Senado,centro-esquerda,0.1944
Senado,centro-esquerda,-0.4984
Senado,centro-esquerda,-0.2287
Senado,centro-esquerda,0.5194
Senado,direita,-0.1265
Senado,direita,0.2584
Senado,direita,0.0214
Senado,direita,0.1244
Senado,direita,0.2927
Senado,direita,0.1311
Senado,direita,-0.3664
Senado,direita,0.071
Senado,direita,-0.1781
Senado,direita,-0.155
Senado,direita,0.114
Senado,direita,0.0199
Senado,direita,0.1517
Senado,direita,0.0305
Senado,direita,-0.2007
Senado,direita,-0.2271
Senado,direita,-0.0743
Senado,direita,0.2542
Senado,direita,0.2185
Senado,direita,0.0331
Senado,direita,0.1887
Senado,direita,0.0849
Senado,direita,0.1331
Senado,direita,0.0185
Senado,direita,-0.2288
Senado,direita,0.1385
Senado,direita,-0.0738
Senado,direita,0.2027
Senado,direita,-0.0901
Senado,centro,-0.0618
Senado,centro,0.5702
Senado,centro,-0.1957
Senado,centro,0.0409
Senado,centro,-0.1336
Senado,centro,0.1371
Senado,centro,-0.2284
Senado,centro,-0.2839
Senado,centro,-0.0403
Senado,centro,0.2187
Senado,centro,0.0497
Senado,centro,0.0151
Senado,centro,-0.0266
Senado,centro,0.007
Senado,centro,0.0539
Senado,centro,0.017
Senado,centro,0.227
Senado,centro,0.3226
Senado,centro,-0.288
Senado,centro,-0.0238
Senado,centro,-0.1789
Senado,centro,0.0929
Senado,centro,-0.1096
Senado,centro,0.0361
Senado,centro,0.093
Senado,centro,0.0439
Senado,centro,0.0839
Senado,centro,0.0223
Senado,centro,0.4278
Senado,centro,0.1154
Senado,centro-esquerda,-0.1224
Senado,centro-esquerda,-0.5401
Senado,centro-esquerda,0.1316
Senado,centro-esquerda,-0.4491
Senado,centro-esquerda,-0.3068
Senado,centro-esquerda,-0.0086
Senado,centro-esquerda,0.3094
Senado,centro-esquerda,0.4725
Senado,centro,-0.1778
Senado,centro,0.0135
Senado,centro,0.0832
Senado,centro,-0.1292
Senado,centro,0.0493
Senado,centro,0.0975
Senado,centro,0.0987
Senado,centro,0.0034
Senado,centro,0.0522
Senado,centro,-0.1927
Senado,centro,0.122
Senado,centro,-0.0486
Senado,centro,-0.0899
Senado,centro,-0.5735
Senado,centro,0.0656
Senado,centro,-0.8494
Senado,centro,-0.0365
Senado,centro,0.0852
Senado,centro,0.1131
Senado,centro,0.0595
Senado,centro,0.1897
Senado,centro,-0.0597
Senado,centro,0.4506
Senado,centro,-0.0143
Senado,centro,0.0604
Senado,centro,-0.3294
Senado,centro,-0.2788
Senado,centro,0.1261
Senado,centro,0.1085
Senado,centro,-0.7443
Senado,centro,-0.0581
Senado,centro,-0.5288
Senado,centro,0.2435
Senado,centro,0.0706
Senado,esquerda,0.0842
Senado,esquerda,-0.1547
Senado,esquerda,-0.1382
Senado,esquerda,0.128
Senado,esquerda,-0.0623
Senado,esquerda,0.0017
Senado,esquerda,0.1189
Senado,esquerda,-0.0102
Senado,esquerda,-0.1164
Senado,esquerda,-0.127
Senado,esquerda,-0.0948
Senado,esquerda,0.0668
Senado,esquerda,-0.0997
Senado,esquerda,-0.0485
Senado,esquerda,-0.0822
Senado,esquerda,-0.0811
Senado,esquerda,-0.1748
Senado,esquerda,0.0975
Senado,esquerda,-0.0249
Senado,esquerda,-0.1743
Senado,esquerda,0.0205
Senado,esquerda,-0.0328
Senado,esquerda,0.1763
Senado,centro,-0.2237
Senado,centro,-0.2262
Senado,centro,-0.2659
Senado,centro,0.3249
Senado,esquerda,0.2888
Senado,esquerda,-0.3487
Senado,esquerda,-0.1875
Senado,esquerda,0.1537
Senado,esquerda,0.0737
Senado,esquerda,-0.1395
Senado,esquerda,-0.1474
Senado,centro,0.0685
Senado,centro,0.0053
Senado,centro,0.0082
Senado,centro,-0.0757
Senado,centro,0.2144
Senado,centro,-0.5094
Senado,centro,-0.0108
Senado,centro,-0.3663
Senado,centro,-0.3437
Senado,centro,-0.0578
Senado,centro,0.3899
Senado,centro,0.3733
Senado,centro,0.0236
Senado,centro,0.2521
Senado,centro,-0.1024
Senado,centro,0.1485
Senado,centro,-0.3723
Senado,centro,0.1634
Senado,centro,0.0143
Senado,centro,-0.2413
Senado,centro,0.1097
Senado,centro,0.1388
Senado,centro,-0.2062
Senado,centro,-0.2003
Senado,centro,0.0629
Senado,centro,0.19
Senado,centro,0.4574
Senado,centro,-0.0458
Senado,centro,0.1724
Senado,centro,-0.1636
Senado,centro,0.0588
Senado,centro,0.0039
Senado,centro,0.0725
Senado,centro,-0.0343
Senado,centro,0.5208
Senado,centro,0.1314
Senado,centro,0.1651
Senado,centro,0.0092
Senado,centro,0.3124
Senado,centro,0.1685
Senado,centro,-0.175
Senado,centro,0.0572
Senado,centro,-0.1302
Senado,centro,-0.0609
Senado,centro,-0.2264
Senado,centro,0.434
Senado,centro,0.2365
Senado,centro,-0.2174
Senado,centro,0.2557
Senado,direita,-0.1267
Senado,direita,-0.058
Senado,direita,0.3038
Senado,centro,0.1533
Senado,centro-esquerda,0.0679
Senado,centro-esquerda,-0.0434
Senado,centro-esquerda,0.1425
Senado,centro-esquerda,-0.0293
Senado,centro-esquerda,0.0099
Senado,centro-esquerda,0.1666
Senado,centro-esquerda,-0.5037
Senado,centro-esquerda,-0.2681
Senado,centro-esquerda,0.5322
Senado,direita,-0.1268
Senado,direita,0.2637
Senado,direita,0.0098
Senado,direita,0.1239
Senado,direita,0.289
Senado,direita,0.134
Senado,direita,-0.3511
Senado,direita,0.0592
Senado,direita,-0.191
Senado,direita,-0.1639
Senado,direita,0.1418
Senado,direita,0.0397
Senado,direita,0.1395
Senado,direita,0.0262
Senado,direita,-0.2019
Senado,direita,-0.2372
Senado,direita,-0.0704
Senado,direita,0.2553
Senado,direita,0.1983
Senado,direita,0.0119
Senado,direita,0.158
Senado,direita,0.0992
Senado,direita,0.1274
Senado,direita,0.0188
Senado,direita,-0.2341
Senado,direita,0.1299
Senado,direita,-0.0922
Senado,direita,0.1967
Senado,direita,-0.09
Senado,centro,-0.0607
Senado,centro,0.5761
Senado,centro,-0.225
Senado,centro,0.0325
Senado,centro,-0.1274
Senado,centro,0.1466
Senado,centro,-0.2159
Senado,centro,-0.271
Senado,centro,-0.0412
Senado,centro,0.2212
Senado,centro,0.0421
Senado,centro,0.016
Senado,centro,-0.0194
Senado,centro,0.0265
Senado,centro,0.0346
Senado,centro,0.0355
Senado,centro,0.2305
Senado,centro,0.327
Senado,centro,-0.2736
Senado,centro,-0.023
Senado,centro,-0.1736
Senado,centro,0.0848
Senado,centro,-0.1043
Senado,centro,0.0244
Senado,centro,0.0977
Senado,centro,0.0214
Senado,centro,0.1535
Senado,centro,0.0703
Senado,centro,0.4563
Senado,centro,0.1463
Senado,centro-esquerda,-0.1192
Senado,centro-esquerda,-0.5274
Senado,centro-esquerda,0.1374
Senado,centro-esquerda,-0.4197
Senado,centro-esquerda,-0.3468
Senado,centro-esquerda,-0.0193
Senado,centro-esquerda,0.306
Senado,centro-esquerda,0.4858
Senado,centro,-0.1782
Senado,centro,0.0427
Senado,centro,0.0381
Senado,centro,-0.1348
Senado,centro,0.0457
Senado,centro,0.0981
Senado,centro,0.1144
Senado,centro,0.0188
Senado,centro,0.0397
Senado,centro,-0.167
Senado,centro,0.1385
Senado,centro,-0.0466
Senado,centro,-0.0905
Senado,centro,-0.571
Senado,centro,0.0429
Senado,centro,-0.8554
Senado,centro,-0.045
Senado,centro,0.1001
Senado,centro,0.1211
Senado,centro,0.0502
Senado,centro,0.1971
Senado,centro,-0.0783
Senado,centro,0.4627
Senado,centro,-8e-04
Senado,centro,0.0567
Senado,centro,-0.3355
Senado,centro,-0.261
Senado,centro,0.1264
Senado,centro,0.1082
Senado,centro,-0.741
Senado,centro,-0.0538
Senado,centro,-0.5185
Senado,centro,0.2561
Senado,centro,0.0735
Senado,esquerda,0.2313
Senado,esquerda,-0.1502
Senado,esquerda,-0.1087
Senado,esquerda,0.126
Senado,esquerda,-0.0418
Senado,esquerda,0.0238
Senado,esquerda,0.1381
Senado,esquerda,0.035
Senado,esquerda,-0.119
Senado,esquerda,-0.0717
Senado,esquerda,-0.0962
Senado,esquerda,0.0576
Senado,esquerda,-0.0951
Senado,esquerda,-0.0622
Senado,esquerda,-0.1125
Senado,esquerda,-0.0783
Senado,esquerda,-0.1819
Senado,esquerda,0.0968
Senado,esquerda,0.0216
Senado,esquerda,-0.155
Senado,esquerda,0.0434
Senado,esquerda,-0.0082
Senado,esquerda,0.1572
Senado,centro,-0.2592
Senado,centro,-0.2445
Senado,centro,-0.2466
Senado,centro,0.308
Senado,esquerda,0.3067
Senado,esquerda,-0.3334
Senado,esquerda,-0.1601
Senado,esquerda,0.1677
Senado,esquerda,0.0867
Senado,esquerda,-0.1571
Senado,esquerda,-0.1757
Senado,centro,0.0625
Senado,centro,0.0076
Senado,centro,-0.0159
Senado,centro,-0.1176
Senado,centro,0.2295
Senado,centro,-0.4971
Senado,centro,-0.0097
Senado,centro,-0.3837
Senado,centro,-0.3219
Senado,centro,-0.0722
Senado,centro,0.4001
Senado,centro,0.3755
Senado,centro,0.017
Senado,centro,0.2789
Senado,centro,-0.0988
Senado,centro,0.1511
Senado,centro,-0.3535
Senado,centro,0.1667
Senado,centro,0.0205
Senado,centro,-0.2406
Senado,centro,0.1174
Senado (sem coattail),centro,0.1979
Senado (sem coattail),centro,-0.1457
Senado (sem coattail),centro,-0.158
Senado (sem coattail),centro,0.1026
Senado (sem coattail),centro,0.1983
Senado (sem coattail),centro,0.4504
Senado (sem coattail),centro,-0.1439
Senado (sem coattail),centro,0.0124
Senado (sem coattail),centro,-0.2466
Senado (sem coattail),centro,-0.0378
Senado (sem coattail),centro,-0.0426
Senado (sem coattail),centro,-0.0336
Senado (sem coattail),centro,-0.0533
Senado (sem coattail),centro,0.5424
Senado (sem coattail),centro,0.1779
Senado (sem coattail),centro,0.0212
Senado (sem coattail),centro,-0.0778
Senado (sem coattail),centro,0.3189
Senado (sem coattail),centro,0.0124
Senado (sem coattail),centro,-0.2466
Senado (sem coattail),centro,-0.0378
Senado (sem coattail),centro,-0.1946
Senado (sem coattail),centro,-0.0778
Senado (sem coattail),centro,-0.2628
Senado (sem coattail),centro,0.4374
Senado (sem coattail),centro,0.2384
Senado (sem coattail),centro,-0.1616
Senado (sem coattail),centro,0.2534
Senado (sem coattail),direita,-0.0187
Senado (sem coattail),direita,0.0157
Senado (sem coattail),direita,0.2762
Senado (sem coattail),centro,0.1434
Senado (sem coattail),centro-esquerda,-0.0994
Senado (sem coattail),centro-esquerda,-0.0771
Senado (sem coattail),centro-esquerda,0.119
Senado (sem coattail),centro-esquerda,-0.0955
Senado (sem coattail),centro-esquerda,0.0205
Senado (sem coattail),centro-esquerda,0.233
Senado (sem coattail),centro-esquerda,-0.4735
Senado (sem coattail),centro-esquerda,-0.2277
Senado (sem coattail),centro-esquerda,0.569
Senado (sem coattail),direita,-0.0787
Senado (sem coattail),direita,0.3084
Senado (sem coattail),direita,0.0286
Senado (sem coattail),direita,0.1259
Senado (sem coattail),direita,0.32
Senado (sem coattail),direita,0.1392
Senado (sem coattail),direita,-0.3702
Senado (sem coattail),direita,0.048
Senado (sem coattail),direita,-0.2459
Senado (sem coattail),direita,-0.2772
Senado (sem coattail),direita,0.1916
Senado (sem coattail),direita,0.1029
Senado (sem coattail),direita,0.2046
Senado (sem coattail),direita,0.094
Senado (sem coattail),direita,-0.138
Senado (sem coattail),direita,-0.1796
Senado (sem coattail),direita,-0.0392
Senado (sem coattail),direita,0.2928
Senado (sem coattail),direita,0.2461
Senado (sem coattail),direita,0.0548
Senado (sem coattail),direita,0.2058
Senado (sem coattail),direita,0.1272
Senado (sem coattail),direita,0.184
Senado (sem coattail),direita,0.0418
Senado (sem coattail),direita,-0.2032
Senado (sem coattail),direita,0.1252
Senado (sem coattail),direita,-0.0718
Senado (sem coattail),direita,0.2001
Senado (sem coattail),direita,-0.2291
Senado (sem coattail),centro,0.0677
Senado (sem coattail),centro,0.608
Senado (sem coattail),centro,-0.3222
Senado (sem coattail),centro,0.2107
Senado (sem coattail),centro,-0.0472
Senado (sem coattail),centro,0.2148
Senado (sem coattail),centro,-0.1785
Senado (sem coattail),centro,-0.2541
Senado (sem coattail),centro,-0.0175
Senado (sem coattail),centro,0.0649
Senado (sem coattail),centro,0.0847
Senado (sem coattail),centro,0.03
Senado (sem coattail),centro,-0.0712
Senado (sem coattail),centro,-0.034
Senado (sem coattail),centro,-0.0374
Senado (sem coattail),centro,-0.113
Senado (sem coattail),centro,-0.0153
Senado (sem coattail),centro,0.4705
Senado (sem coattail),centro,-0.3292
Senado (sem coattail),centro,-0.0175
Senado (sem coattail),centro,-0.2022
Senado (sem coattail),centro,0.0649
Senado (sem coattail),centro,-0.1949
Senado (sem coattail),centro,-0.0315
Senado (sem coattail),centro,0.0198
Senado (sem coattail),centro,-0.0886
Senado (sem coattail),centro,0.2736
Senado (sem coattail),centro,0.1296
Senado (sem coattail),centro,0.4796
Senado (sem coattail),centro,0.1666
Senado (sem coattail),centro-esquerda,-0.1766
Senado (sem coattail),centro-esquerda,-0.3272
Senado (sem coattail),centro-esquerda,0.0785
Senado (sem coattail),centro-esquerda,-0.51
Senado (sem coattail),centro-esquerda,-0.3499
Senado (sem coattail),centro-esquerda,-0.0538
Senado (sem coattail),centro-esquerda,0.3942
Senado (sem coattail),centro-esquerda,0.393
Senado (sem coattail),centro,-0.1356
Senado (sem coattail),centro,0.1159
Senado (sem coattail),centro,0.2789
Senado (sem coattail),centro,-0.0628
Senado (sem coattail),centro,0.0338
Senado (sem coattail),centro,-0.0222
Senado (sem coattail),centro,-0.0617
Senado (sem coattail),centro,-0.1492
Senado (sem coattail),centro,-0.1077
Senado (sem coattail),centro,-0.2991
Senado (sem coattail),centro,0.0418
Senado (sem coattail),centro,-0.1716
Senado (sem coattail),centro,0.0118
Senado (sem coattail),centro,-0.6727
Senado (sem coattail),centro,0.1498
Senado (sem coattail),centro,-0.8922
Senado (sem coattail),centro,-0.0628
Senado (sem coattail),centro,0.0393
Senado (sem coattail),centro,0.0568
Senado (sem coattail),centro,-0.0121
Senado (sem coattail),centro,0.0338
Senado (sem coattail),centro,0.1112
Senado (sem coattail),centro,0.5966
Senado (sem coattail),centro,0.1235
Senado (sem coattail),centro,0.0128
Senado (sem coattail),centro,-0.3111
Senado (sem coattail),centro,-0.1167
Senado (sem coattail),centro,0.1112
Senado (sem coattail),centro,0.0587
Senado (sem coattail),centro,-0.67
Senado (sem coattail),centro,0.0296
Senado (sem coattail),centro,-0.4971
Senado (sem coattail),centro,0.2521
Senado (sem coattail),centro,0.0574
Senado (sem coattail),esquerda,0.0075
Senado (sem coattail),esquerda,-0.0114
Senado (sem coattail),esquerda,-0.0406
Senado (sem coattail),esquerda,0.094
Senado (sem coattail),esquerda,-0.0132
Senado (sem coattail),esquerda,0.015
Senado (sem coattail),esquerda,0.1187
Senado (sem coattail),esquerda,0.0267
Senado (sem coattail),esquerda,-0.1578
Senado (sem coattail),esquerda,-0.1128
Senado (sem coattail),esquerda,-0.1474
Senado (sem coattail),esquerda,0.1337
Senado (sem coattail),esquerda,-0.1357
Senado (sem coattail),esquerda,-0.1012
Senado (sem coattail),esquerda,-0.1003
Senado (sem coattail),esquerda,-0.0612
Senado (sem coattail),esquerda,-0.1922
Senado (sem coattail),esquerda,0.094
Senado (sem coattail),esquerda,0.0267
Senado (sem coattail),esquerda,-0.1428
Senado (sem coattail),esquerda,0.0233
Senado (sem coattail),esquerda,0.015
Senado (sem coattail),esquerda,0.3068
Senado (sem coattail),centro,-0.2802
Senado (sem coattail),centro,-0.2826
Senado (sem coattail),centro,-0.1683
Senado (sem coattail),centro,0.3203
Senado (sem coattail),esquerda,0.5471
Senado (sem coattail),esquerda,-0.2847
Senado (sem coattail),esquerda,-0.1466
Senado (sem coattail),esquerda,0.2617
Senado (sem coattail),esquerda,0.3348
Senado (sem coattail),esquerda,-0.2095
Senado (sem coattail),esquerda,-0.1967
Senado (sem coattail),centro,0.137
Senado (sem coattail),centro,0.042
Senado (sem coattail),centro,-0.079
Senado (sem coattail),centro,-0.269
Senado (sem coattail),centro,0.3453
Senado (sem coattail),centro,-0.4009
Senado (sem coattail),centro,0.0551
Senado (sem coattail),centro,-0.3325
Senado (sem coattail),centro,-0.3229
Senado (sem coattail),centro,-0.2291
Senado (sem coattail),centro,0.3632
Senado (sem coattail),centro,0.4512
Senado (sem coattail),centro,0.0973
Senado (sem coattail),centro,0.3159
Senado (sem coattail),centro,-0.1031
Senado (sem coattail),centro,0.1249
Senado (sem coattail),centro,-0.2828
Senado (sem coattail),centro,0.0901
Senado (sem coattail),centro,-0.0628
Senado (sem coattail),centro,-0.1038
Senado (sem coattail),centro,0.0512
Senado (sem coattail),centro,0.2065
Senado (sem coattail),centro,-0.1655
Senado (sem coattail),centro,-0.1589
Senado (sem coattail),centro,0.1119
Senado (sem coattail),centro,0.2265
Senado (sem coattail),centro,0.4261
Senado (sem coattail),centro,-0.1501
Senado (sem coattail),centro,0.0026
Senado (sem coattail),centro,-0.2626
Senado (sem coattail),centro,-0.0295
Senado (sem coattail),centro,-0.0451
Senado (sem coattail),centro,-0.0434
Senado (sem coattail),centro,-0.0457
Senado (sem coattail),centro,0.5421
Senado (sem coattail),centro,0.1849
Senado (sem coattail),centro,0.0528
Senado (sem coattail),centro,-0.0714
Senado (sem coattail),centro,0.3096
Senado (sem coattail),centro,0.0026
Senado (sem coattail),centro,-0.2626
Senado (sem coattail),centro,-0.0295
Senado (sem coattail),centro,-0.2036
Senado (sem coattail),centro,-0.0714
Senado (sem coattail),centro,-0.2587
Senado (sem coattail),centro,0.4461
Senado (sem coattail),centro,0.2401
Senado (sem coattail),centro,-0.1641
Senado (sem coattail),centro,0.2404
Senado (sem coattail),direita,0.0075
Senado (sem coattail),direita,0.031
Senado (sem coattail),direita,0.2486
Senado (sem coattail),centro,0.1569
Senado (sem coattail),centro-esquerda,-0.0818
Senado (sem coattail),centro-esquerda,-0.0809
Senado (sem coattail),centro-esquerda,0.0988
Senado (sem coattail),centro-esquerda,-0.0957
Senado (sem coattail),centro-esquerda,0.0543
Senado (sem coattail),centro-esquerda,0.2083
Senado (sem coattail),centro-esquerda,-0.4793
Senado (sem coattail),centro-esquerda,-0.2087
Senado (sem coattail),centro-esquerda,0.5583
Senado (sem coattail),direita,-0.0589
Senado (sem coattail),direita,0.3132
Senado (sem coattail),direita,0.0317
Senado (sem coattail),direita,0.1337
Senado (sem coattail),direita,0.3148
Senado (sem coattail),direita,0.1422
Senado (sem coattail),direita,-0.366
Senado (sem coattail),direita,0.0391
Senado (sem coattail),direita,-0.2541
Senado (sem coattail),direita,-0.2582
Senado (sem coattail),direita,0.1901
Senado (sem coattail),direita,0.1061
Senado (sem coattail),direita,0.2077
Senado (sem coattail),direita,0.0837
Senado (sem coattail),direita,-0.1432
Senado (sem coattail),direita,-0.1914
Senado (sem coattail),direita,-0.0371
Senado (sem coattail),direita,0.3127
Senado (sem coattail),direita,0.2488
Senado (sem coattail),direita,0.0569
Senado (sem coattail),direita,0.21
Senado (sem coattail),direita,0.121
Senado (sem coattail),direita,0.1788
Senado (sem coattail),direita,0.0557
Senado (sem coattail),direita,-0.2024
Senado (sem coattail),direita,0.115
Senado (sem coattail),direita,-0.0769
Senado (sem coattail),direita,0.2028
Senado (sem coattail),direita,-0.227
Senado (sem coattail),centro,0.0739
Senado (sem coattail),centro,0.6121
Senado (sem coattail),centro,-0.3154
Senado (sem coattail),centro,0.2168
Senado (sem coattail),centro,-0.0351
Senado (sem coattail),centro,0.2158
Senado (sem coattail),centro,-0.1994
Senado (sem coattail),centro,-0.2399
Senado (sem coattail),centro,-0.0219
Senado (sem coattail),centro,0.0451
Senado (sem coattail),centro,0.0649
Senado (sem coattail),centro,0.0321
Senado (sem coattail),centro,-0.066
Senado (sem coattail),centro,-0.0488
Senado (sem coattail),centro,-0.0259
Senado (sem coattail),centro,-0.1246
Senado (sem coattail),centro,-0.0025
Senado (sem coattail),centro,0.4446
Senado (sem coattail),centro,-0.3404
Senado (sem coattail),centro,-0.0219
Senado (sem coattail),centro,-0.1892
Senado (sem coattail),centro,0.0451
Senado (sem coattail),centro,-0.1849
Senado (sem coattail),centro,-0.0388
Senado (sem coattail),centro,0.0261
Senado (sem coattail),centro,-0.0845
Senado (sem coattail),centro,0.296
Senado (sem coattail),centro,0.0548
Senado (sem coattail),centro,0.4398
Senado (sem coattail),centro,0.1043
Senado (sem coattail),centro-esquerda,-0.1727
Senado (sem coattail),centro-esquerda,-0.3257
Senado (sem coattail),centro-esquerda,0.0861
Senado (sem coattail),centro-esquerda,-0.5146
Senado (sem coattail),centro-esquerda,-0.3292
Senado (sem coattail),centro-esquerda,-0.0984
Senado (sem coattail),centro-esquerda,0.3501
Senado (sem coattail),centro-esquerda,0.4016
Senado (sem coattail),centro,-0.1387
Senado (sem coattail),centro,0.128
Senado (sem coattail),centro,0.2771
Senado (sem coattail),centro,-0.0572
Senado (sem coattail),centro,0.0401
Senado (sem coattail),centro,-0.0169
Senado (sem coattail),centro,-0.0542
Senado (sem coattail),centro,-0.1584
Senado (sem coattail),centro,-0.086
Senado (sem coattail),centro,-0.293
Senado (sem coattail),centro,0.039
Senado (sem coattail),centro,-0.183
Senado (sem coattail),centro,0.01
Senado (sem coattail),centro,-0.6734
Senado (sem coattail),centro,0.1524
Senado (sem coattail),centro,-0.8981
Senado (sem coattail),centro,-0.0572
Senado (sem coattail),centro,0.0361
Senado (sem coattail),centro,0.0316
Senado (sem coattail),centro,-0.0332
Senado (sem coattail),centro,0.0401
Senado (sem coattail),centro,0.0901
Senado (sem coattail),centro,0.6004
Senado (sem coattail),centro,0.1343
Senado (sem coattail),centro,0.0164
Senado (sem coattail),centro,-0.2933
Senado (sem coattail),centro,-0.1106
Senado (sem coattail),centro,0.0901
Senado (sem coattail),centro,0.0723
Senado (sem coattail),centro,-0.6453
Senado (sem coattail),centro,0.0174
Senado (sem coattail),centro,-0.4969
Senado (sem coattail),centro,0.2477
Senado (sem coattail),centro,0.0601
Senado (sem coattail),esquerda,0.0291
Senado (sem coattail),esquerda,0.0351
Senado (sem coattail),esquerda,-0.0587
Senado (sem coattail),esquerda,0.0971
Senado (sem coattail),esquerda,-0.009
Senado (sem coattail),esquerda,-0.0049
Senado (sem coattail),esquerda,0.0804
Senado (sem coattail),esquerda,0.022
Senado (sem coattail),esquerda,-0.1234
Senado (sem coattail),esquerda,-0.1009
Senado (sem coattail),esquerda,-0.1239
Senado (sem coattail),esquerda,0.1319
Senado (sem coattail),esquerda,-0.1302
Senado (sem coattail),esquerda,-0.102
Senado (sem coattail),esquerda,-0.1174
Senado (sem coattail),esquerda,-0.0781
Senado (sem coattail),esquerda,-0.2019
Senado (sem coattail),esquerda,0.0971
Senado (sem coattail),esquerda,0.022
Senado (sem coattail),esquerda,-0.116
Senado (sem coattail),esquerda,0.0129
Senado (sem coattail),esquerda,-0.0049
Senado (sem coattail),esquerda,0.282
Senado (sem coattail),centro,-0.3198
Senado (sem coattail),centro,-0.2906
Senado (sem coattail),centro,-0.1676
Senado (sem coattail),centro,0.3296
Senado (sem coattail),esquerda,0.5527
Senado (sem coattail),esquerda,-0.3054
Senado (sem coattail),esquerda,-0.1525
Senado (sem coattail),esquerda,0.3011
Senado (sem coattail),esquerda,0.3336
Senado (sem coattail),esquerda,-0.1895
Senado (sem coattail),esquerda,-0.1757
Senado (sem coattail),centro,0.1257
Senado (sem coattail),centro,0.0354
Senado (sem coattail),centro,-0.0879
Senado (sem coattail),centro,-0.2674
Senado (sem coattail),centro,0.3281
Senado (sem coattail),centro,-0.3856
Senado (sem coattail),centro,0.0494
Senado (sem coattail),centro,-0.3617
Senado (sem coattail),centro,-0.331
Senado (sem coattail),centro,-0.2196
Senado (sem coattail),centro,0.3467
Senado (sem coattail),centro,0.458
Senado (sem coattail),centro,0.0941
Senado (sem coattail),centro,0.3323
Senado (sem coattail),centro,-0.1006
Senado (sem coattail),centro,0.1203
Senado (sem coattail),centro,-0.2728
Senado (sem coattail),centro,0.0906
Senado (sem coattail),centro,-0.0664
Senado (sem coattail),centro,-0.0763
Senado (sem coattail),centro,0.0305
Senado (sem coattail),centro,0.181
Senado (sem coattail),centro,-0.1659
Senado (sem coattail),centro,-0.1708
Senado (sem coattail),centro,0.1072
Senado (sem coattail),centro,0.2031
Senado (sem coattail),centro,0.4464
Senado (sem coattail),centro,-0.1435
Senado (sem coattail),centro,0.0168
Senado (sem coattail),centro,-0.2726
Senado (sem coattail),centro,-0.0194
Senado (sem coattail),centro,-0.0448
Senado (sem coattail),centro,-0.0268
Senado (sem coattail),centro,-0.0402
Senado (sem coattail),centro,0.5402
Senado (sem coattail),centro,0.1757
Senado (sem coattail),centro,0.0353
Senado (sem coattail),centro,-0.0662
Senado (sem coattail),centro,0.3015
Senado (sem coattail),centro,0.0168
Senado (sem coattail),centro,-0.2726
Senado (sem coattail),centro,-0.0194
Senado (sem coattail),centro,-0.1878
Senado (sem coattail),centro,-0.0662
Senado (sem coattail),centro,-0.2532
Senado (sem coattail),centro,0.4338
Senado (sem coattail),centro,0.2268
Senado (sem coattail),centro,-0.1755
Senado (sem coattail),centro,0.2488
Senado (sem coattail),direita,-0.0243
Senado (sem coattail),direita,0.0231
Senado (sem coattail),direita,0.2623
Senado (sem coattail),centro,0.1681
Senado (sem coattail),centro-esquerda,-0.0816
Senado (sem coattail),centro-esquerda,-0.0686
Senado (sem coattail),centro-esquerda,0.114
Senado (sem coattail),centro-esquerda,-0.0832
Senado (sem coattail),centro-esquerda,0.0448
Senado (sem coattail),centro-esquerda,0.2229
Senado (sem coattail),centro-esquerda,-0.4856
Senado (sem coattail),centro-esquerda,-0.2326
Senado (sem coattail),centro-esquerda,0.5554
Senado (sem coattail),direita,-0.063
Senado (sem coattail),direita,0.3173
Senado (sem coattail),direita,0.0323
Senado (sem coattail),direita,0.1341
Senado (sem coattail),direita,0.3161
Senado (sem coattail),direita,0.1282
Senado (sem coattail),direita,-0.3788
Senado (sem coattail),direita,0.0212
Senado (sem coattail),direita,-0.2613
Senado (sem coattail),direita,-0.2798
Senado (sem coattail),direita,0.1953
Senado (sem coattail),direita,0.1189
Senado (sem coattail),direita,0.2159
Senado (sem coattail),direita,0.0973
Senado (sem coattail),direita,-0.1419
Senado (sem coattail),direita,-0.1939
Senado (sem coattail),direita,-0.0352
Senado (sem coattail),direita,0.3022
Senado (sem coattail),direita,0.2307
Senado (sem coattail),direita,0.06
Senado (sem coattail),direita,0.2041
Senado (sem coattail),direita,0.1271
Senado (sem coattail),direita,0.1879
Senado (sem coattail),direita,0.0639
Senado (sem coattail),direita,-0.1811
Senado (sem coattail),direita,0.1329
Senado (sem coattail),direita,-0.081
Senado (sem coattail),direita,0.2113
Senado (sem coattail),direita,-0.2209
Senado (sem coattail),centro,0.0571
Senado (sem coattail),centro,0.6123
Senado (sem coattail),centro,-0.3072
Senado (sem coattail),centro,0.2165
Senado (sem coattail),centro,-0.0508
Senado (sem coattail),centro,0.2278
Senado (sem coattail),centro,-0.1741
Senado (sem coattail),centro,-0.2578
Senado (sem coattail),centro,-0.0329
Senado (sem coattail),centro,0.045
Senado (sem coattail),centro,0.0799
Senado (sem coattail),centro,0.0056
Senado (sem coattail),centro,-0.0635
Senado (sem coattail),centro,-0.0584
Senado (sem coattail),centro,-0.0183
Senado (sem coattail),centro,-0.0971
Senado (sem coattail),centro,-0.0324
Senado (sem coattail),centro,0.4749
Senado (sem coattail),centro,-0.3439
Senado (sem coattail),centro,-0.0329
Senado (sem coattail),centro,-0.2089
Senado (sem coattail),centro,0.045
Senado (sem coattail),centro,-0.1811
Senado (sem coattail),centro,-0.0407
Senado (sem coattail),centro,0.0339
Senado (sem coattail),centro,-0.0777
Senado (sem coattail),centro,0.2493
Senado (sem coattail),centro,0.0694
Senado (sem coattail),centro,0.456
Senado (sem coattail),centro,0.1053
Senado (sem coattail),centro-esquerda,-0.1677
Senado (sem coattail),centro-esquerda,-0.3167
Senado (sem coattail),centro-esquerda,0.0705
Senado (sem coattail),centro-esquerda,-0.5165
Senado (sem coattail),centro-esquerda,-0.3577
Senado (sem coattail),centro-esquerda,-0.1046
Senado (sem coattail),centro-esquerda,0.3508
Senado (sem coattail),centro-esquerda,0.4098
Senado (sem coattail),centro,-0.1443
Senado (sem coattail),centro,0.1311
Senado (sem coattail),centro,0.2643
Senado (sem coattail),centro,-0.0419
Senado (sem coattail),centro,0.0403
Senado (sem coattail),centro,-0.0174
Senado (sem coattail),centro,-0.0607
Senado (sem coattail),centro,-0.1437
Senado (sem coattail),centro,-0.0905
Senado (sem coattail),centro,-0.3014
Senado (sem coattail),centro,0.0345
Senado (sem coattail),centro,-0.1757
Senado (sem coattail),centro,0.0174
Senado (sem coattail),centro,-0.6717
Senado (sem coattail),centro,0.1263
Senado (sem coattail),centro,-0.9112
Senado (sem coattail),centro,-0.0419
Senado (sem coattail),centro,0.0208
Senado (sem coattail),centro,0.0551
Senado (sem coattail),centro,-0.0207
Senado (sem coattail),centro,0.0403
Senado (sem coattail),centro,0.0976
Senado (sem coattail),centro,0.6014
Senado (sem coattail),centro,0.1444
Senado (sem coattail),centro,-0.0044
Senado (sem coattail),centro,-0.2942
Senado (sem coattail),centro,-0.1329
Senado (sem coattail),centro,0.0976
Senado (sem coattail),centro,0.0848
Senado (sem coattail),centro,-0.6534
Senado (sem coattail),centro,0.0299
Senado (sem coattail),centro,-0.4938
Senado (sem coattail),centro,0.2566
Senado (sem coattail),centro,0.0496
Senado (sem coattail),esquerda,-0.0135
Senado (sem coattail),esquerda,0.0119
Senado (sem coattail),esquerda,-0.0535
Senado (sem coattail),esquerda,0.0882
Senado (sem coattail),esquerda,-0.0325
Senado (sem coattail),esquerda,0.0202
Senado (sem coattail),esquerda,0.1042
Senado (sem coattail),esquerda,0.0559
Senado (sem coattail),esquerda,-0.139
Senado (sem coattail),esquerda,-0.0733
Senado (sem coattail),esquerda,-0.1505
Senado (sem coattail),esquerda,0.1629
Senado (sem coattail),esquerda,-0.0951
Senado (sem coattail),esquerda,-0.1084
Senado (sem coattail),esquerda,-0.1314
Senado (sem coattail),esquerda,-0.0934
Senado (sem coattail),esquerda,-0.183
Senado (sem coattail),esquerda,0.0882
Senado (sem coattail),esquerda,0.0559
Senado (sem coattail),esquerda,-0.1234
Senado (sem coattail),esquerda,0.0242
Senado (sem coattail),esquerda,0.0202
Senado (sem coattail),esquerda,0.3209
Senado (sem coattail),centro,-0.3041
Senado (sem coattail),centro,-0.2767
Senado (sem coattail),centro,-0.161
Senado (sem coattail),centro,0.3173
Senado (sem coattail),esquerda,0.5681
Senado (sem coattail),esquerda,-0.2983
Senado (sem coattail),esquerda,-0.1449
Senado (sem coattail),esquerda,0.3421
Senado (sem coattail),esquerda,0.3064
Senado (sem coattail),esquerda,-0.2006
Senado (sem coattail),esquerda,-0.1787
Senado (sem coattail),centro,0.1359
Senado (sem coattail),centro,0.0532
Senado (sem coattail),centro,-0.0881
Senado (sem coattail),centro,-0.2738
Senado (sem coattail),centro,0.345
Senado (sem coattail),centro,-0.393
Senado (sem coattail),centro,0.0356
Senado (sem coattail),centro,-0.3735
Senado (sem coattail),centro,-0.3354
Senado (sem coattail),centro,-0.2445
Senado (sem coattail),centro,0.3524
Senado (sem coattail),centro,0.4505
Senado (sem coattail),centro,0.1013
Senado (sem coattail),centro,0.3163
Senado (sem coattail),centro,-0.1185
Senado (sem coattail),centro,0.1335
Senado (sem coattail),centro,-0.27
Senado (sem coattail),centro,0.1013
Senado (sem coattail),centro,-0.0697
Senado (sem coattail),centro,-0.1045
Senado (sem coattail),centro,0.0443
Senado (sem coattail),centro,0.2073
Senado (sem coattail),centro,-0.1698
Senado (sem coattail),centro,-0.1421
Senado (sem coattail),centro,0.1072
Senado (sem coattail),centro,0.2141
Senado (sem coattail),centro,0.4489
Senado (sem coattail),centro,-0.1549
Senado (sem coattail),centro,0.0171
Senado (sem coattail),centro,-0.2592
Senado (sem coattail),centro,-0.038
Senado (sem coattail),centro,-0.0502
Senado (sem coattail),centro,-0.048
Senado (sem coattail),centro,-0.0345
Senado (sem coattail),centro,0.5482
Senado (sem coattail),centro,0.1795
Senado (sem coattail),centro,0.0388
Senado (sem coattail),centro,-0.076
Senado (sem coattail),centro,0.2987
Senado (sem coattail),centro,0.0171
Senado (sem coattail),centro,-0.2592
Senado (sem coattail),centro,-0.038
Senado (sem coattail),centro,-0.1941
Senado (sem coattail),centro,-0.076
Senado (sem coattail),centro,-0.2577
Senado (sem coattail),centro,0.4379
Senado (sem coattail),centro,0.2462
Senado (sem coattail),centro,-0.1692
Senado (sem coattail),centro,0.23
Senado (sem coattail),direita,-0.0085
Senado (sem coattail),direita,0.0427
Senado (sem coattail),direita,0.2413
Senado (sem coattail),centro,0.1639
Senado (sem coattail),centro-esquerda,-0.085
Senado (sem coattail),centro-esquerda,-0.0704
Senado (sem coattail),centro-esquerda,0.1134
Senado (sem coattail),centro-esquerda,-0.079
Senado (sem coattail),centro-esquerda,0.0388
Senado (sem coattail),centro-esquerda,0.2297
Senado (sem coattail),centro-esquerda,-0.4819
Senado (sem coattail),centro-esquerda,-0.192
Senado (sem coattail),centro-esquerda,0.5561
Senado (sem coattail),direita,-0.0466
Senado (sem coattail),direita,0.3105
Senado (sem coattail),direita,0.0216
Senado (sem coattail),direita,0.1414
Senado (sem coattail),direita,0.3199
Senado (sem coattail),direita,0.1464
Senado (sem coattail),direita,-0.4047
Senado (sem coattail),direita,0.0514
Senado (sem coattail),direita,-0.2472
Senado (sem coattail),direita,-0.3057
Senado (sem coattail),direita,0.1955
Senado (sem coattail),direita,0.1115
Senado (sem coattail),direita,0.1593
Senado (sem coattail),direita,0.0848
Senado (sem coattail),direita,-0.1529
Senado (sem coattail),direita,-0.1865
Senado (sem coattail),direita,-0.02
Senado (sem coattail),direita,0.3078
Senado (sem coattail),direita,0.255
Senado (sem coattail),direita,0.0638
Senado (sem coattail),direita,0.225
Senado (sem coattail),direita,0.1309
Senado (sem coattail),direita,0.1839
Senado (sem coattail),direita,0.0599
Senado (sem coattail),direita,-0.1966
Senado (sem coattail),direita,0.1174
Senado (sem coattail),direita,-0.0772
Senado (sem coattail),direita,0.209
Senado (sem coattail),direita,-0.2314
Senado (sem coattail),centro,0.0494
Senado (sem coattail),centro,0.6208
Senado (sem coattail),centro,-0.3041
Senado (sem coattail),centro,0.2225
Senado (sem coattail),centro,-0.0352
Senado (sem coattail),centro,0.2314
Senado (sem coattail),centro,-0.2039
Senado (sem coattail),centro,-0.2402
Senado (sem coattail),centro,-0.0232
Senado (sem coattail),centro,0.0507
Senado (sem coattail),centro,0.0737
Senado (sem coattail),centro,0.0257
Senado (sem coattail),centro,-0.0527
Senado (sem coattail),centro,-0.0267
Senado (sem coattail),centro,-0.0714
Senado (sem coattail),centro,-0.1017
Senado (sem coattail),centro,-7e-04
Senado (sem coattail),centro,0.4724
Senado (sem coattail),centro,-0.3267
Senado (sem coattail),centro,-0.0232
Senado (sem coattail),centro,-0.1876
Senado (sem coattail),centro,0.0507
Senado (sem coattail),centro,-0.1833
Senado (sem coattail),centro,-0.0437
Senado (sem coattail),centro,0.0041
Senado (sem coattail),centro,-0.0807
Senado (sem coattail),centro,0.2858
Senado (sem coattail),centro,0.0377
Senado (sem coattail),centro,0.4416
Senado (sem coattail),centro,0.0747
Senado (sem coattail),centro-esquerda,-0.1675
Senado (sem coattail),centro-esquerda,-0.3309
Senado (sem coattail),centro-esquerda,0.1039
Senado (sem coattail),centro-esquerda,-0.5284
Senado (sem coattail),centro-esquerda,-0.3162
Senado (sem coattail),centro-esquerda,-0.1254
Senado (sem coattail),centro-esquerda,0.3578
Senado (sem coattail),centro-esquerda,0.4098
Senado (sem coattail),centro,-0.1387
Senado (sem coattail),centro,0.1167
Senado (sem coattail),centro,0.2833
Senado (sem coattail),centro,-0.057
Senado (sem coattail),centro,0.0432
Senado (sem coattail),centro,-0.004
Senado (sem coattail),centro,-0.0455
Senado (sem coattail),centro,-0.1415
Senado (sem coattail),centro,-0.1115
Senado (sem coattail),centro,-0.307
Senado (sem coattail),centro,0.0335
Senado (sem coattail),centro,-0.182
Senado (sem coattail),centro,0.0157
Senado (sem coattail),centro,-0.6765
Senado (sem coattail),centro,0.1377
Senado (sem coattail),centro,-0.9145
Senado (sem coattail),centro,-0.057
Senado (sem coattail),centro,0.0337
Senado (sem coattail),centro,0.0285
Senado (sem coattail),centro,-0.01
Senado (sem coattail),centro,0.0432
Senado (sem coattail),centro,0.095
Senado (sem coattail),centro,0.6052
Senado (sem coattail),centro,0.131
Senado (sem coattail),centro,0.002
Senado (sem coattail),centro,-0.313
Senado (sem coattail),centro,-0.1124
Senado (sem coattail),centro,0.095
Senado (sem coattail),centro,0.0786
Senado (sem coattail),centro,-0.6935
Senado (sem coattail),centro,0.0242
Senado (sem coattail),centro,-0.5235
Senado (sem coattail),centro,0.2591
Senado (sem coattail),centro,0.0691
Senado (sem coattail),esquerda,-0.0133
Senado (sem coattail),esquerda,0.0132
Senado (sem coattail),esquerda,-0.0356
Senado (sem coattail),esquerda,0.0961
Senado (sem coattail),esquerda,-0.0074
Senado (sem coattail),esquerda,0.0087
Senado (sem coattail),esquerda,0.1001
Senado (sem coattail),esquerda,0.015
Senado (sem coattail),esquerda,-0.133
Senado (sem coattail),esquerda,-0.088
Senado (sem coattail),esquerda,-0.1254
Senado (sem coattail),esquerda,0.1287
Senado (sem coattail),esquerda,-0.1353
Senado (sem coattail),esquerda,-0.0973
Senado (sem coattail),esquerda,-0.135
Senado (sem coattail),esquerda,-0.0873
Senado (sem coattail),esquerda,-0.197
Senado (sem coattail),esquerda,0.0961
Senado (sem coattail),esquerda,0.015
Senado (sem coattail),esquerda,-0.1089
Senado (sem coattail),esquerda,0.0321
Senado (sem coattail),esquerda,0.0087
Senado (sem coattail),esquerda,0.2963
Senado (sem coattail),centro,-0.3075
Senado (sem coattail),centro,-0.281
Senado (sem coattail),centro,-0.1451
Senado (sem coattail),centro,0.311
Senado (sem coattail),esquerda,0.5491
Senado (sem coattail),esquerda,-0.2469
Senado (sem coattail),esquerda,-0.1059
Senado (sem coattail),esquerda,0.3095
Senado (sem coattail),esquerda,0.323
Senado (sem coattail),esquerda,-0.1864
Senado (sem coattail),esquerda,-0.1765
Senado (sem coattail),centro,0.1321
Senado (sem coattail),centro,-0.0014
Senado (sem coattail),centro,-0.0756
Senado (sem coattail),centro,-0.2656
Senado (sem coattail),centro,0.3169
Senado (sem coattail),centro,-0.3907
Senado (sem coattail),centro,0.0576
Senado (sem coattail),centro,-0.3527
Senado (sem coattail),centro,-0.3221
Senado (sem coattail),centro,-0.2201
Senado (sem coattail),centro,0.3564
Senado (sem coattail),centro,0.4378
Senado (sem coattail),centro,0.1032
Senado (sem coattail),centro,0.3157
Senado (sem coattail),centro,-0.1006
Senado (sem coattail),centro,0.1308
Senado (sem coattail),centro,-0.2698
Senado (sem coattail),centro,0.0817
Senado (sem coattail),centro,-0.0703
Senado (sem coattail),centro,-0.0832
Senado (sem coattail),centro,0.0603
Senado (sem coattail),centro,0.19
Senado (sem coattail),centro,-0.1544
Senado (sem coattail),centro,-0.1451
Senado (sem coattail),centro,0.1128
Senado (sem coattail),centro,0.214
Senado (sem coattail),centro,0.4358
Senado (sem coattail),centro,-0.1574
Senado (sem coattail),centro,0.0193
Senado (sem coattail),centro,-0.273
Senado (sem coattail),centro,-0.0271
Senado (sem coattail),centro,-0.0551
Senado (sem coattail),centro,-0.053
Senado (sem coattail),centro,-0.046
Senado (sem coattail),centro,0.5398
Senado (sem coattail),centro,0.174
Senado (sem coattail),centro,0.027
Senado (sem coattail),centro,-0.0679
Senado (sem coattail),centro,0.3263
Senado (sem coattail),centro,0.0193
Senado (sem coattail),centro,-0.273
Senado (sem coattail),centro,-0.0271
Senado (sem coattail),centro,-0.1877
Senado (sem coattail),centro,-0.0679
Senado (sem coattail),centro,-0.259
Senado (sem coattail),centro,0.427
Senado (sem coattail),centro,0.227
Senado (sem coattail),centro,-0.175
Senado (sem coattail),centro,0.225
Senado (sem coattail),direita,0.0061
Senado (sem coattail),direita,0.0416
Senado (sem coattail),direita,0.2606
Senado (sem coattail),centro,0.1491
Senado (sem coattail),centro-esquerda,-0.0793
Senado (sem coattail),centro-esquerda,-0.0872
Senado (sem coattail),centro-esquerda,0.111
Senado (sem coattail),centro-esquerda,-0.0793
Senado (sem coattail),centro-esquerda,0.0552
Senado (sem coattail),centro-esquerda,0.2137
Senado (sem coattail),centro-esquerda,-0.4831
Senado (sem coattail),centro-esquerda,-0.2301
Senado (sem coattail),centro-esquerda,0.5786
Senado (sem coattail),direita,-0.0609
Senado (sem coattail),direita,0.3035
Senado (sem coattail),direita,0.0356
Senado (sem coattail),direita,0.1216
Senado (sem coattail),direita,0.327
Senado (sem coattail),direita,0.1266
Senado (sem coattail),direita,-0.3702
Senado (sem coattail),direita,0.055
Senado (sem coattail),direita,-0.231
Senado (sem coattail),direita,-0.2692
Senado (sem coattail),direita,0.1861
Senado (sem coattail),direita,0.1041
Senado (sem coattail),direita,0.2116
Senado (sem coattail),direita,0.0831
Senado (sem coattail),direita,-0.1669
Senado (sem coattail),direita,-0.1902
Senado (sem coattail),direita,-0.0374
Senado (sem coattail),direita,0.324
Senado (sem coattail),direita,0.261
Senado (sem coattail),direita,0.0566
Senado (sem coattail),direita,0.2182
Senado (sem coattail),direita,0.1205
Senado (sem coattail),direita,0.191
Senado (sem coattail),direita,0.0436
Senado (sem coattail),direita,-0.2014
Senado (sem coattail),direita,0.1001
Senado (sem coattail),direita,-0.061
Senado (sem coattail),direita,0.1918
Senado (sem coattail),direita,-0.2299
Senado (sem coattail),centro,0.0506
Senado (sem coattail),centro,0.6143
Senado (sem coattail),centro,-0.3061
Senado (sem coattail),centro,0.2106
Senado (sem coattail),centro,-0.0551
Senado (sem coattail),centro,0.2163
Senado (sem coattail),centro,-0.1846
Senado (sem coattail),centro,-0.2398
Senado (sem coattail),centro,-0.0173
Senado (sem coattail),centro,0.0424
Senado (sem coattail),centro,0.0647
Senado (sem coattail),centro,0.027
Senado (sem coattail),centro,-0.0554
Senado (sem coattail),centro,-0.0467
Senado (sem coattail),centro,-0.0413
Senado (sem coattail),centro,-0.112
Senado (sem coattail),centro,-0.011
Senado (sem coattail),centro,0.4594
Senado (sem coattail),centro,-0.321
Senado (sem coattail),centro,-0.0173
Senado (sem coattail),centro,-0.1933
Senado (sem coattail),centro,0.0424
Senado (sem coattail),centro,-0.1888
Senado (sem coattail),centro,-0.0494
Senado (sem coattail),centro,0.0307
Senado (sem coattail),centro,-0.07
Senado (sem coattail),centro,0.3012
Senado (sem coattail),centro,0.02
Senado (sem coattail),centro,0.4439
Senado (sem coattail),centro,0.1368
Senado (sem coattail),centro-esquerda,-0.1718
Senado (sem coattail),centro-esquerda,-0.3248
Senado (sem coattail),centro-esquerda,0.0832
Senado (sem coattail),centro-esquerda,-0.5288
Senado (sem coattail),centro-esquerda,-0.3561
Senado (sem coattail),centro-esquerda,-0.1114
Senado (sem coattail),centro-esquerda,0.3697
Senado (sem coattail),centro-esquerda,0.4098
Senado (sem coattail),centro,-0.1392
Senado (sem coattail),centro,0.1195
Senado (sem coattail),centro,0.2801
Senado (sem coattail),centro,-0.0512
Senado (sem coattail),centro,0.0463
Senado (sem coattail),centro,-0.0139
Senado (sem coattail),centro,-0.0507
Senado (sem coattail),centro,-0.1331
Senado (sem coattail),centro,-0.1048
Senado (sem coattail),centro,-0.3118
Senado (sem coattail),centro,0.0202
Senado (sem coattail),centro,-0.1777
Senado (sem coattail),centro,0.0135
Senado (sem coattail),centro,-0.6636
Senado (sem coattail),centro,0.1463
Senado (sem coattail),centro,-0.8972
Senado (sem coattail),centro,-0.0512
Senado (sem coattail),centro,0.0348
Senado (sem coattail),centro,0.0458
Senado (sem coattail),centro,-0.0297
Senado (sem coattail),centro,0.0463
Senado (sem coattail),centro,0.0936
Senado (sem coattail),centro,0.6004
Senado (sem coattail),centro,0.1319
Senado (sem coattail),centro,0.0192
Senado (sem coattail),centro,-0.3114
Senado (sem coattail),centro,-0.1214
Senado (sem coattail),centro,0.0936
Senado (sem coattail),centro,0.0797
Senado (sem coattail),centro,-0.6714
Senado (sem coattail),centro,0.0177
Senado (sem coattail),centro,-0.4851
Senado (sem coattail),centro,0.2525
Senado (sem coattail),centro,0.0479
Senado (sem coattail),esquerda,-0.018
Senado (sem coattail),esquerda,0.0116
Senado (sem coattail),esquerda,-0.0269
Senado (sem coattail),esquerda,0.1024
Senado (sem coattail),esquerda,-0.0155
Senado (sem coattail),esquerda,-7e-04
Senado (sem coattail),esquerda,0.0925
Senado (sem coattail),esquerda,0.0332
Senado (sem coattail),esquerda,-0.129
Senado (sem coattail),esquerda,-0.0806
Senado (sem coattail),esquerda,-0.13
Senado (sem coattail),esquerda,0.105
Senado (sem coattail),esquerda,-0.132
Senado (sem coattail),esquerda,-0.1127
Senado (sem coattail),esquerda,-0.1276
Senado (sem coattail),esquerda,-0.084
Senado (sem coattail),esquerda,-0.1885
Senado (sem coattail),esquerda,0.1024
Senado (sem coattail),esquerda,0.0332
Senado (sem coattail),esquerda,-0.1247
Senado (sem coattail),esquerda,0.0304
Senado (sem coattail),esquerda,-7e-04
Senado (sem coattail),esquerda,0.284
Senado (sem coattail),centro,-0.309
Senado (sem coattail),centro,-0.294
Senado (sem coattail),centro,-0.171
Senado (sem coattail),centro,0.3213
Senado (sem coattail),esquerda,0.5398
Senado (sem coattail),esquerda,-0.2562
Senado (sem coattail),esquerda,-0.167
Senado (sem coattail),esquerda,0.3207
Senado (sem coattail),esquerda,0.3111
Senado (sem coattail),esquerda,-0.2038
Senado (sem coattail),esquerda,-0.1797
Senado (sem coattail),centro,0.1272
Senado (sem coattail),centro,0.0451
Senado (sem coattail),centro,-0.0952
Senado (sem coattail),centro,-0.2685
Senado (sem coattail),centro,0.3166
Senado (sem coattail),centro,-0.3911
Senado (sem coattail),centro,0.0601
Senado (sem coattail),centro,-0.3494
Senado (sem coattail),centro,-0.3224
Senado (sem coattail),centro,-0.2334
Senado (sem coattail),centro,0.3461
Senado (sem coattail),centro,0.4502
Senado (sem coattail),centro,0.1128
Senado (sem coattail),centro,0.3111
Senado (sem coattail),centro,-0.1099
Senado (sem coattail),centro,0.1294
Senado (sem coattail),centro,-0.2769
Senado (sem coattail),centro,0.0859
Senado (sem coattail),centro,-0.0625
Senado (sem coattail),centro,-0.0984
Senado (sem coattail),centro,0.0504
Senado (sem coattail),centro,0.1807
Senado (sem coattail),centro,-0.147
Senado (sem coattail),centro,-0.1448
Senado (sem coattail),centro,0.1064
Senado (sem coattail),centro,0.2232
Senado (sem coattail),centro,0.4402
Senado (sem coattail),centro,-0.165
Senado (sem coattail),centro,0.0139
Senado (sem coattail),centro,-0.2678
Senado (sem coattail),centro,-0.0167
Senado (sem coattail),centro,-0.0452
Senado (sem coattail),centro,-0.0357
Senado (sem coattail),centro,-0.0531
Senado (sem coattail),centro,0.5319
Senado (sem coattail),centro,0.1848
Senado (sem coattail),centro,0.0199
Senado (sem coattail),centro,-0.0674
Senado (sem coattail),centro,0.3209
Senado (sem coattail),centro,0.0139
Senado (sem coattail),centro,-0.2678
Senado (sem coattail),centro,-0.0167
Senado (sem coattail),centro,-0.2121
Senado (sem coattail),centro,-0.0674
Senado (sem coattail),centro,-0.2549
Senado (sem coattail),centro,0.4311
Senado (sem coattail),centro,0.2242
Senado (sem coattail),centro,-0.1769
Senado (sem coattail),centro,0.2372
Senado (sem coattail),direita,-0.014
Senado (sem coattail),direita,0.042
Senado (sem coattail),direita,0.2404
Senado (sem coattail),centro,0.1618
Senado (sem coattail),centro-esquerda,-0.0804
Senado (sem coattail),centro-esquerda,-0.0627
Senado (sem coattail),centro-esquerda,0.1113
Senado (sem coattail),centro-esquerda,-0.09
Senado (sem coattail),centro-esquerda,0.0364
Senado (sem coattail),centro-esquerda,0.2223
Senado (sem coattail),centro-esquerda,-0.461
Senado (sem coattail),centro-esquerda,-0.2117
Senado (sem coattail),centro-esquerda,0.5645
Senado (sem coattail),direita,-0.0603
Senado (sem coattail),direita,0.3037
Senado (sem coattail),direita,0.0373
Senado (sem coattail),direita,0.1238
Senado (sem coattail),direita,0.3044
Senado (sem coattail),direita,0.1371
Senado (sem coattail),direita,-0.3685
Senado (sem coattail),direita,0.0377
Senado (sem coattail),direita,-0.2629
Senado (sem coattail),direita,-0.2672
Senado (sem coattail),direita,0.1825
Senado (sem coattail),direita,0.1091
Senado (sem coattail),direita,0.1871
Senado (sem coattail),direita,0.0821
Senado (sem coattail),direita,-0.1439
Senado (sem coattail),direita,-0.1843
Senado (sem coattail),direita,-0.0269
Senado (sem coattail),direita,0.3143
Senado (sem coattail),direita,0.2553
Senado (sem coattail),direita,0.0703
Senado (sem coattail),direita,0.2253
Senado (sem coattail),direita,0.1154
Senado (sem coattail),direita,0.1591
Senado (sem coattail),direita,0.0435
Senado (sem coattail),direita,-0.2006
Senado (sem coattail),direita,0.1263
Senado (sem coattail),direita,-0.0739
Senado (sem coattail),direita,0.1961
Senado (sem coattail),direita,-0.2302
Senado (sem coattail),centro,0.0654
Senado (sem coattail),centro,0.6154
Senado (sem coattail),centro,-0.305
Senado (sem coattail),centro,0.2254
Senado (sem coattail),centro,-0.049
Senado (sem coattail),centro,0.2141
Senado (sem coattail),centro,-0.1801
Senado (sem coattail),centro,-0.2523
Senado (sem coattail),centro,-0.0286
Senado (sem coattail),centro,0.044
Senado (sem coattail),centro,0.0837
Senado (sem coattail),centro,0.0353
Senado (sem coattail),centro,-0.0662
Senado (sem coattail),centro,-0.0388
Senado (sem coattail),centro,-0.0344
Senado (sem coattail),centro,-0.1028
Senado (sem coattail),centro,-0.0128
Senado (sem coattail),centro,0.4711
Senado (sem coattail),centro,-0.3299
Senado (sem coattail),centro,-0.0286
Senado (sem coattail),centro,-0.2046
Senado (sem coattail),centro,0.044
Senado (sem coattail),centro,-0.19
Senado (sem coattail),centro,-0.0229
Senado (sem coattail),centro,0.0381
Senado (sem coattail),centro,-0.073
Senado (sem coattail),centro,0.2909
Senado (sem coattail),centro,0.062
Senado (sem coattail),centro,0.4152
Senado (sem coattail),centro,0.0624
Senado (sem coattail),centro-esquerda,-0.1636
Senado (sem coattail),centro-esquerda,-0.3289
Senado (sem coattail),centro-esquerda,0.0773
Senado (sem coattail),centro-esquerda,-0.5291
Senado (sem coattail),centro-esquerda,-0.3327
Senado (sem coattail),centro-esquerda,-0.1032
Senado (sem coattail),centro-esquerda,0.3413
Senado (sem coattail),centro-esquerda,0.4258
Senado (sem coattail),centro,-0.1455
Senado (sem coattail),centro,0.1349
Senado (sem coattail),centro,0.2893
Senado (sem coattail),centro,-0.0572
Senado (sem coattail),centro,0.0475
Senado (sem coattail),centro,-0.0165
Senado (sem coattail),centro,-0.0532
Senado (sem coattail),centro,-0.1492
Senado (sem coattail),centro,-0.1002
Senado (sem coattail),centro,-0.3038
Senado (sem coattail),centro,0.0433
Senado (sem coattail),centro,-0.1812
Senado (sem coattail),centro,0.0255
Senado (sem coattail),centro,-0.6715
Senado (sem coattail),centro,0.1394
Senado (sem coattail),centro,-0.9095
Senado (sem coattail),centro,-0.0572
Senado (sem coattail),centro,0.0298
Senado (sem coattail),centro,0.0464
Senado (sem coattail),centro,-0.0229
Senado (sem coattail),centro,0.0475
Senado (sem coattail),centro,0.0967
Senado (sem coattail),centro,0.5963
Senado (sem coattail),centro,0.1301
Senado (sem coattail),centro,-0.0042
Senado (sem coattail),centro,-0.299
Senado (sem coattail),centro,-0.1183
Senado (sem coattail),centro,0.0967
Senado (sem coattail),centro,0.0763
Senado (sem coattail),centro,-0.6665
Senado (sem coattail),centro,0.0065
Senado (sem coattail),centro,-0.4831
Senado (sem coattail),centro,0.2402
Senado (sem coattail),centro,0.0554
Senado (sem coattail),esquerda,-0.0043
Senado (sem coattail),esquerda,-0.0064
Senado (sem coattail),esquerda,-0.0338
Senado (sem coattail),esquerda,0.0875
Senado (sem coattail),esquerda,-0.0025
Senado (sem coattail),esquerda,0.0217
Senado (sem coattail),esquerda,0.105
Senado (sem coattail),esquerda,0.0071
Senado (sem coattail),esquerda,-0.1301
Senado (sem coattail),esquerda,-0.1025
Senado (sem coattail),esquerda,-0.1485
Senado (sem coattail),esquerda,0.1357
Senado (sem coattail),esquerda,-0.1478
Senado (sem coattail),esquerda,-0.1035
Senado (sem coattail),esquerda,-0.1294
Senado (sem coattail),esquerda,-0.1025
Senado (sem coattail),esquerda,-0.1914
Senado (sem coattail),esquerda,0.0875
Senado (sem coattail),esquerda,0.0071
Senado (sem coattail),esquerda,-0.1259
Senado (sem coattail),esquerda,0.036
Senado (sem coattail),esquerda,0.0217
Senado (sem coattail),esquerda,0.2776
Senado (sem coattail),centro,-0.3011
Senado (sem coattail),centro,-0.2768
Senado (sem coattail),centro,-0.1679
Senado (sem coattail),centro,0.3179
Senado (sem coattail),esquerda,0.5156
Senado (sem coattail),esquerda,-0.2804
Senado (sem coattail),esquerda,-0.1324
Senado (sem coattail),esquerda,0.3151
Senado (sem coattail),esquerda,0.3126
Senado (sem coattail),esquerda,-0.1808
Senado (sem coattail),esquerda,-0.196
Senado (sem coattail),centro,0.1415
Senado (sem coattail),centro,0.0315
Senado (sem coattail),centro,-0.0923
Senado (sem coattail),centro,-0.2744
Senado (sem coattail),centro,0.3328
Senado (sem coattail),centro,-0.3986
Senado (sem coattail),centro,0.0536
Senado (sem coattail),centro,-0.3332
Senado (sem coattail),centro,-0.3258
Senado (sem coattail),centro,-0.2019
Senado (sem coattail),centro,0.3381
Senado (sem coattail),centro,0.4261
Senado (sem coattail),centro,0.098
Senado (sem coattail),centro,0.3299
Senado (sem coattail),centro,-0.1073
Senado (sem coattail),centro,0.1369
Senado (sem coattail),centro,-0.2622
Senado (sem coattail),centro,0.0952
Senado (sem coattail),centro,-0.0756
Senado (sem coattail),centro,-0.1021
Senado (sem coattail),centro,0.0538
Senado (sem coattail),centro,0.2048
Senado (sem coattail),centro,-0.1548
Senado (sem coattail),centro,-0.1457
Senado (sem coattail),centro,0.1012
Senado (sem coattail),centro,0.2205
Senado (sem coattail),centro,0.4274
Senado (sem coattail),centro,-0.1455
Senado (sem coattail),centro,0.0218
Senado (sem coattail),centro,-0.2677
Senado (sem coattail),centro,-0.0142
Senado (sem coattail),centro,-0.0452
Senado (sem coattail),centro,-0.0475
Senado (sem coattail),centro,-0.0495
Senado (sem coattail),centro,0.543
Senado (sem coattail),centro,0.1846
Senado (sem coattail),centro,0.0288
Senado (sem coattail),centro,-0.0757
Senado (sem coattail),centro,0.329
Senado (sem coattail),centro,0.0218
Senado (sem coattail),centro,-0.2677
Senado (sem coattail),centro,-0.0142
Senado (sem coattail),centro,-0.2087
Senado (sem coattail),centro,-0.0757
Senado (sem coattail),centro,-0.2679
Senado (sem coattail),centro,0.4438
Senado (sem coattail),centro,0.2376
Senado (sem coattail),centro,-0.1644
Senado (sem coattail),centro,0.2379
Senado (sem coattail),direita,0.0069
Senado (sem coattail),direita,0.0571
Senado (sem coattail),direita,0.2569
Senado (sem coattail),centro,0.1483
Senado (sem coattail),centro-esquerda,-0.0942
Senado (sem coattail),centro-esquerda,-0.0665
Senado (sem coattail),centro-esquerda,0.1318
Senado (sem coattail),centro-esquerda,-0.0996
Senado (sem coattail),centro-esquerda,0.0284
Senado (sem coattail),centro-esquerda,0.2176
Senado (sem coattail),centro-esquerda,-0.4561
Senado (sem coattail),centro-esquerda,-0.2126
Senado (sem coattail),centro-esquerda,0.5611
Senado (sem coattail),direita,-0.0416
Senado (sem coattail),direita,0.3224
Senado (sem coattail),direita,0.0192
Senado (sem coattail),direita,0.1294
Senado (sem coattail),direita,0.3065
Senado (sem coattail),direita,0.1319
Senado (sem coattail),direita,-0.3631
Senado (sem coattail),direita,0.0345
Senado (sem coattail),direita,-0.2574
Senado (sem coattail),direita,-0.2698
Senado (sem coattail),direita,0.1796
Senado (sem coattail),direita,0.0999
Senado (sem coattail),direita,0.2204
Senado (sem coattail),direita,0.0805
Senado (sem coattail),direita,-0.1548
Senado (sem coattail),direita,-0.1934
Senado (sem coattail),direita,-0.0361
Senado (sem coattail),direita,0.3254
Senado (sem coattail),direita,0.2405
Senado (sem coattail),direita,0.0579
Senado (sem coattail),direita,0.2192
Senado (sem coattail),direita,0.1175
Senado (sem coattail),direita,0.1672
Senado (sem coattail),direita,0.0684
Senado (sem coattail),direita,-0.2148
Senado (sem coattail),direita,0.1242
Senado (sem coattail),direita,-0.0815
Senado (sem coattail),direita,0.1886
Senado (sem coattail),direita,-0.2321
Senado (sem coattail),centro,0.0483
Senado (sem coattail),centro,0.6161
Senado (sem coattail),centro,-0.3132
Senado (sem coattail),centro,0.2118
Senado (sem coattail),centro,-0.0415
Senado (sem coattail),centro,0.2166
Senado (sem coattail),centro,-0.1879
Senado (sem coattail),centro,-0.2573
Senado (sem coattail),centro,-0.0121
Senado (sem coattail),centro,0.0334
Senado (sem coattail),centro,0.0774
Senado (sem coattail),centro,0.0294
Senado (sem coattail),centro,-0.0606
Senado (sem coattail),centro,-0.0437
Senado (sem coattail),centro,-0.0377
Senado (sem coattail),centro,-0.1124
Senado (sem coattail),centro,-0.0177
Senado (sem coattail),centro,0.4631
Senado (sem coattail),centro,-0.3346
Senado (sem coattail),centro,-0.0121
Senado (sem coattail),centro,-0.2153
Senado (sem coattail),centro,0.0334
Senado (sem coattail),centro,-0.1934
Senado (sem coattail),centro,-0.0275
Senado (sem coattail),centro,0.0377
Senado (sem coattail),centro,-0.0764
Senado (sem coattail),centro,0.2628
Senado (sem coattail),centro,0.0868
Senado (sem coattail),centro,0.4368
Senado (sem coattail),centro,0.1205
Senado (sem coattail),centro-esquerda,-0.1773
Senado (sem coattail),centro-esquerda,-0.3175
Senado (sem coattail),centro-esquerda,0.0923
Senado (sem coattail),centro-esquerda,-0.5193
Senado (sem coattail),centro-esquerda,-0.3357
Senado (sem coattail),centro-esquerda,-0.0947
Senado (sem coattail),centro-esquerda,0.3623
Senado (sem coattail),centro-esquerda,0.4046
Senado (sem coattail),centro,-0.1533
Senado (sem coattail),centro,0.1137
Senado (sem coattail),centro,0.2767
Senado (sem coattail),centro,-0.066
Senado (sem coattail),centro,0.0344
Senado (sem coattail),centro,-0.032
Senado (sem coattail),centro,-0.0526
Senado (sem coattail),centro,-0.1516
Senado (sem coattail),centro,-0.1016
Senado (sem coattail),centro,-0.3031
Senado (sem coattail),centro,0.0264
Senado (sem coattail),centro,-0.1781
Senado (sem coattail),centro,0.0124
Senado (sem coattail),centro,-0.674
Senado (sem coattail),centro,0.124
Senado (sem coattail),centro,-0.9046
Senado (sem coattail),centro,-0.066
Senado (sem coattail),centro,0.0274
Senado (sem coattail),centro,0.0384
Senado (sem coattail),centro,-0.0167
Senado (sem coattail),centro,0.0344
Senado (sem coattail),centro,0.0917
Senado (sem coattail),centro,0.5847
Senado (sem coattail),centro,0.1203
Senado (sem coattail),centro,0.0194
Senado (sem coattail),centro,-0.3113
Senado (sem coattail),centro,-0.1076
Senado (sem coattail),centro,0.0917
Senado (sem coattail),centro,0.0826
Senado (sem coattail),centro,-0.6546
Senado (sem coattail),centro,0.0029
Senado (sem coattail),centro,-0.5001
Senado (sem coattail),centro,0.25
Senado (sem coattail),centro,0.0554
Senado (sem coattail),esquerda,0.0265
Senado (sem coattail),esquerda,-0.0036
Senado (sem coattail),esquerda,-0.0646
Senado (sem coattail),esquerda,0.0876
Senado (sem coattail),esquerda,-0.0234
Senado (sem coattail),esquerda,0.0237
Senado (sem coattail),esquerda,0.0774
Senado (sem coattail),esquerda,4e-04
Senado (sem coattail),esquerda,-0.1324
Senado (sem coattail),esquerda,-0.0792
Senado (sem coattail),esquerda,-0.1205
Senado (sem coattail),esquerda,0.1377
Senado (sem coattail),esquerda,-0.1203
Senado (sem coattail),esquerda,-0.1164
Senado (sem coattail),esquerda,-0.1264
Senado (sem coattail),esquerda,-0.0874
Senado (sem coattail),esquerda,-0.1928
Senado (sem coattail),esquerda,0.0876
Senado (sem coattail),esquerda,4e-04
Senado (sem coattail),esquerda,-0.1116
Senado (sem coattail),esquerda,0.0106
Senado (sem coattail),esquerda,0.0237
Senado (sem coattail),esquerda,0.2726
Senado (sem coattail),centro,-0.3031
Senado (sem coattail),centro,-0.2852
Senado (sem coattail),centro,-0.1438
Senado (sem coattail),centro,0.3291
Senado (sem coattail),esquerda,0.5491
Senado (sem coattail),esquerda,-0.2689
Senado (sem coattail),esquerda,-0.1609
Senado (sem coattail),esquerda,0.3011
Senado (sem coattail),esquerda,0.3192
Senado (sem coattail),esquerda,-0.1868
Senado (sem coattail),esquerda,-0.1996
Senado (sem coattail),centro,0.1299
Senado (sem coattail),centro,0.0343
Senado (sem coattail),centro,-0.1082
Senado (sem coattail),centro,-0.2816
Senado (sem coattail),centro,0.3324
Senado (sem coattail),centro,-0.3921
Senado (sem coattail),centro,0.0519
Senado (sem coattail),centro,-0.3313
Senado (sem coattail),centro,-0.3343
Senado (sem coattail),centro,-0.2046
Senado (sem coattail),centro,0.3621
Senado (sem coattail),centro,0.4501
Senado (sem coattail),centro,0.0999
Senado (sem coattail),centro,0.3284
Senado (sem coattail),centro,-0.1135
Senado (sem coattail),centro,0.1145
Senado (sem coattail),centro,-0.2595
Senado (sem coattail),centro,0.0731
Senado (sem coattail),centro,-0.0711
Senado (sem coattail),centro,-0.0921
Senado (sem coattail),centro,0.0534
Senado (sem coattail),centro,0.1953
Senado (sem coattail),centro,-0.1463
Senado (sem coattail),centro,-0.1646
Senado (sem coattail),centro,0.1107
Senado (sem coattail),centro,0.2169
Senado (sem coattail),centro,0.4478
Senado (sem coattail),centro,-0.1545
Senado (sem coattail),centro,-0.0059
Senado (sem coattail),centro,-0.268
Senado (sem coattail),centro,-0.038
Senado (sem coattail),centro,-0.0555
Senado (sem coattail),centro,-0.0192
Senado (sem coattail),centro,-0.05
Senado (sem coattail),centro,0.5478
Senado (sem coattail),centro,0.1744
Senado (sem coattail),centro,0.0334
Senado (sem coattail),centro,-0.0627
Senado (sem coattail),centro,0.3338
Senado (sem coattail),centro,-0.0059
Senado (sem coattail),centro,-0.268
Senado (sem coattail),centro,-0.038
Senado (sem coattail),centro,-0.2084
Senado (sem coattail),centro,-0.0627
Senado (sem coattail),centro,-0.2526
Senado (sem coattail),centro,0.4363
Senado (sem coattail),centro,0.2458
Senado (sem coattail),centro,-0.1754
Senado (sem coattail),centro,0.2404
Senado (sem coattail),direita,-0.0303
Senado (sem coattail),direita,0.0255
Senado (sem coattail),direita,0.2806
Senado (sem coattail),centro,0.1539
Senado (sem coattail),centro-esquerda,-0.0691
Senado (sem coattail),centro-esquerda,-0.0766
Senado (sem coattail),centro-esquerda,0.1219
Senado (sem coattail),centro-esquerda,-0.095
Senado (sem coattail),centro-esquerda,0.033
Senado (sem coattail),centro-esquerda,0.2214
Senado (sem coattail),centro-esquerda,-0.4572
Senado (sem coattail),centro-esquerda,-0.2337
Senado (sem coattail),centro-esquerda,0.5751
Senado (sem coattail),direita,-0.0421
Senado (sem coattail),direita,0.3173
Senado (sem coattail),direita,0.0135
Senado (sem coattail),direita,0.1459
Senado (sem coattail),direita,0.309
Senado (sem coattail),direita,0.1378
Senado (sem coattail),direita,-0.363
Senado (sem coattail),direita,0.0438
Senado (sem coattail),direita,-0.2605
Senado (sem coattail),direita,-0.2712
Senado (sem coattail),direita,0.1938
Senado (sem coattail),direita,0.1108
Senado (sem coattail),direita,0.2153
Senado (sem coattail),direita,0.0758
Senado (sem coattail),direita,-0.1482
Senado (sem coattail),direita,-0.1792
Senado (sem coattail),direita,-0.0364
Senado (sem coattail),direita,0.3068
Senado (sem coattail),direita,0.2619
Senado (sem coattail),direita,0.0345
Senado (sem coattail),direita,0.2319
Senado (sem coattail),direita,0.1128
Senado (sem coattail),direita,0.1873
Senado (sem coattail),direita,0.049
Senado (sem coattail),direita,-0.2004
Senado (sem coattail),direita,0.1136
Senado (sem coattail),direita,-0.0782
Senado (sem coattail),direita,0.2038
Senado (sem coattail),direita,-0.2352
Senado (sem coattail),centro,0.048
Senado (sem coattail),centro,0.5959
Senado (sem coattail),centro,-0.3198
Senado (sem coattail),centro,0.2178
Senado (sem coattail),centro,-0.0548
Senado (sem coattail),centro,0.2081
Senado (sem coattail),centro,-0.1949
Senado (sem coattail),centro,-0.2219
Senado (sem coattail),centro,-0.0342
Senado (sem coattail),centro,0.0399
Senado (sem coattail),centro,0.0545
Senado (sem coattail),centro,0.0255
Senado (sem coattail),centro,-0.0707
Senado (sem coattail),centro,-0.0575
Senado (sem coattail),centro,-0.0112
Senado (sem coattail),centro,-0.1039
Senado (sem coattail),centro,-0.025
Senado (sem coattail),centro,0.4644
Senado (sem coattail),centro,-0.3352
Senado (sem coattail),centro,-0.0342
Senado (sem coattail),centro,-0.2109
Senado (sem coattail),centro,0.0399
Senado (sem coattail),centro,-0.1877
Senado (sem coattail),centro,-0.0422
Senado (sem coattail),centro,0.0138
Senado (sem coattail),centro,-0.0771
Senado (sem coattail),centro,0.3043
Senado (sem coattail),centro,0.0588
Senado (sem coattail),centro,0.4274
Senado (sem coattail),centro,0.0552
Senado (sem coattail),centro-esquerda,-0.1631
Senado (sem coattail),centro-esquerda,-0.326
Senado (sem coattail),centro-esquerda,0.0884
Senado (sem coattail),centro-esquerda,-0.5362
Senado (sem coattail),centro-esquerda,-0.3592
Senado (sem coattail),centro-esquerda,-0.0972
Senado (sem coattail),centro-esquerda,0.3654
Senado (sem coattail),centro-esquerda,0.4028
Senado (sem coattail),centro,-0.1415
Senado (sem coattail),centro,0.116
Senado (sem coattail),centro,0.2854
Senado (sem coattail),centro,-0.0576
Senado (sem coattail),centro,0.0474
Senado (sem coattail),centro,-0.02
Senado (sem coattail),centro,-0.0495
Senado (sem coattail),centro,-0.1542
Senado (sem coattail),centro,-0.097
Senado (sem coattail),centro,-0.3112
Senado (sem coattail),centro,0.0295
Senado (sem coattail),centro,-0.1742
Senado (sem coattail),centro,0.015
Senado (sem coattail),centro,-0.6605
Senado (sem coattail),centro,0.1375
Senado (sem coattail),centro,-0.9036
Senado (sem coattail),centro,-0.0576
Senado (sem coattail),centro,0.052
Senado (sem coattail),centro,0.044
Senado (sem coattail),centro,-0.0372
Senado (sem coattail),centro,0.0474
Senado (sem coattail),centro,0.0948
Senado (sem coattail),centro,0.6007
Senado (sem coattail),centro,0.1441
Senado (sem coattail),centro,0.0254
Senado (sem coattail),centro,-0.3049
Senado (sem coattail),centro,-0.1217
Senado (sem coattail),centro,0.0948
Senado (sem coattail),centro,0.0811
Senado (sem coattail),centro,-0.6815
Senado (sem coattail),centro,0.0449
Senado (sem coattail),centro,-0.5115
Senado (sem coattail),centro,0.2649
Senado (sem coattail),centro,0.0604
Senado (sem coattail),esquerda,-0.0432
Senado (sem coattail),esquerda,0.027
Senado (sem coattail),esquerda,-0.0603
Senado (sem coattail),esquerda,0.101
Senado (sem coattail),esquerda,-0.011
Senado (sem coattail),esquerda,0.0028
Senado (sem coattail),esquerda,0.1052
Senado (sem coattail),esquerda,0.0098
Senado (sem coattail),esquerda,-0.128
Senado (sem coattail),esquerda,-0.0661
Senado (sem coattail),esquerda,-0.1556
Senado (sem coattail),esquerda,0.1352
Senado (sem coattail),esquerda,-0.1447
Senado (sem coattail),esquerda,-0.1256
Senado (sem coattail),esquerda,-0.1159
Senado (sem coattail),esquerda,-0.0748
Senado (sem coattail),esquerda,-0.1942
Senado (sem coattail),esquerda,0.101
Senado (sem coattail),esquerda,0.0098
Senado (sem coattail),esquerda,-0.1276
Senado (sem coattail),esquerda,0.016
Senado (sem coattail),esquerda,0.0028
Senado (sem coattail),esquerda,0.2584
Senado (sem coattail),centro,-0.3052
Senado (sem coattail),centro,-0.2926
Senado (sem coattail),centro,-0.1696
Senado (sem coattail),centro,0.3104
Senado (sem coattail),esquerda,0.5359
Senado (sem coattail),esquerda,-0.3048
Senado (sem coattail),esquerda,-0.15
Senado (sem coattail),esquerda,0.3153
Senado (sem coattail),esquerda,0.3147
Senado (sem coattail),esquerda,-0.2014
Senado (sem coattail),esquerda,-0.1908
Senado (sem coattail),centro,0.1216
Senado (sem coattail),centro,0.0402
Senado (sem coattail),centro,-0.1024
Senado (sem coattail),centro,-0.2854
Senado (sem coattail),centro,0.3204
Senado (sem coattail),centro,-0.3908
Senado (sem coattail),centro,0.0371
Senado (sem coattail),centro,-0.3449
Senado (sem coattail),centro,-0.3228
Senado (sem coattail),centro,-0.2208
Senado (sem coattail),centro,0.3418
Senado (sem coattail),centro,0.4573
Senado (sem coattail),centro,0.0974
Senado (sem coattail),centro,0.31
Senado (sem coattail),centro,-0.1013
Senado (sem coattail),centro,0.1401
Senado (sem coattail),centro,-0.2759
Senado (sem coattail),centro,0.0831
Senado (sem coattail),centro,-0.076
Senado (sem coattail),centro,-0.0949
Senado (sem coattail),centro,0.0404
Senado (sem coattail),centro,0.208
Senado (sem coattail),centro,-0.1401
Senado (sem coattail),centro,-0.1606
Senado (sem coattail),centro,0.1169
Senado (sem coattail),centro,0.2074
Senado (sem coattail),centro,0.4467
Senado (sem coattail),centro,-0.158
Senado (sem coattail),centro,0.0103
Senado (sem coattail),centro,-0.267
Senado (sem coattail),centro,-0.0254
Senado (sem coattail),centro,-0.0534
Senado (sem coattail),centro,-0.0476
Senado (sem coattail),centro,-0.0272
Senado (sem coattail),centro,0.5313
Senado (sem coattail),centro,0.1752
Senado (sem coattail),centro,0.0154
Senado (sem coattail),centro,-0.0687
Senado (sem coattail),centro,0.3228
Senado (sem coattail),centro,0.0103
Senado (sem coattail),centro,-0.267
Senado (sem coattail),centro,-0.0254
Senado (sem coattail),centro,-0.2166
Senado (sem coattail),centro,-0.0687
Senado (sem coattail),centro,-0.2706
Senado (sem coattail),centro,0.4408
Senado (sem coattail),centro,0.2282
Senado (sem coattail),centro,-0.1777
Senado (sem coattail),centro,0.2538
Senado (sem coattail),direita,-7e-04
Senado (sem coattail),direita,0.0206
Senado (sem coattail),direita,0.2353
Senado (sem coattail),centro,0.1477
Senado (sem coattail),centro-esquerda,-0.0809
Senado (sem coattail),centro-esquerda,-0.0549
Senado (sem coattail),centro-esquerda,0.1101
Senado (sem coattail),centro-esquerda,-0.0934
Senado (sem coattail),centro-esquerda,0.0357
Senado (sem coattail),centro-esquerda,0.2269
Senado (sem coattail),centro-esquerda,-0.4573
Senado (sem coattail),centro-esquerda,-0.2058
Senado (sem coattail),centro-esquerda,0.5472
Senado (sem coattail),direita,-0.0713
Senado (sem coattail),direita,0.3091
Senado (sem coattail),direita,0.0147
Senado (sem coattail),direita,0.1148
Senado (sem coattail),direita,0.3303
Senado (sem coattail),direita,0.1444
Senado (sem coattail),direita,-0.3733
Senado (sem coattail),direita,0.0583
Senado (sem coattail),direita,-0.2366
Senado (sem coattail),direita,-0.2662
Senado (sem coattail),direita,0.2004
Senado (sem coattail),direita,0.1018
Senado (sem coattail),direita,0.2071
Senado (sem coattail),direita,0.1043
Senado (sem coattail),direita,-0.157
Senado (sem coattail),direita,-0.1972
Senado (sem coattail),direita,-0.0259
Senado (sem coattail),direita,0.3036
Senado (sem coattail),direita,0.2643
Senado (sem coattail),direita,0.054
Senado (sem coattail),direita,0.2106
Senado (sem coattail),direita,0.1324
Senado (sem coattail),direita,0.1791
Senado (sem coattail),direita,0.042
Senado (sem coattail),direita,-0.203
Senado (sem coattail),direita,0.1158
Senado (sem coattail),direita,-0.0729
Senado (sem coattail),direita,0.2094
Senado (sem coattail),direita,-0.236
Senado (sem coattail),centro,0.0703
Senado (sem coattail),centro,0.6076
Senado (sem coattail),centro,-0.3144
Senado (sem coattail),centro,0.209
Senado (sem coattail),centro,-0.0399
Senado (sem coattail),centro,0.2017
Senado (sem coattail),centro,-0.1895
Senado (sem coattail),centro,-0.2475
Senado (sem coattail),centro,-0.0413
Senado (sem coattail),centro,0.0527
Senado (sem coattail),centro,0.0679
Senado (sem coattail),centro,0.0297
Senado (sem coattail),centro,-0.0629
Senado (sem coattail),centro,-0.0441
Senado (sem coattail),centro,-0.0283
Senado (sem coattail),centro,-0.1174
Senado (sem coattail),centro,-6e-04
Senado (sem coattail),centro,0.4427
Senado (sem coattail),centro,-0.3313
Senado (sem coattail),centro,-0.0413
Senado (sem coattail),centro,-0.2063
Senado (sem coattail),centro,0.0527
Senado (sem coattail),centro,-0.1966
Senado (sem coattail),centro,-0.0426
Senado (sem coattail),centro,0.0293
Senado (sem coattail),centro,-0.0693
Senado (sem coattail),centro,0.2743
Senado (sem coattail),centro,0.0898
Senado (sem coattail),centro,0.4355
Senado (sem coattail),centro,0.105
Senado (sem coattail),centro-esquerda,-0.1801
Senado (sem coattail),centro-esquerda,-0.3174
Senado (sem coattail),centro-esquerda,0.0837
Senado (sem coattail),centro-esquerda,-0.529
Senado (sem coattail),centro-esquerda,-0.3263
Senado (sem coattail),centro-esquerda,-0.0847
Senado (sem coattail),centro-esquerda,0.36
Senado (sem coattail),centro-esquerda,0.4219
Senado (sem coattail),centro,-0.1476
Senado (sem coattail),centro,0.1135
Senado (sem coattail),centro,0.2702
Senado (sem coattail),centro,-0.0684
Senado (sem coattail),centro,0.038
Senado (sem coattail),centro,-0.0102
Senado (sem coattail),centro,-0.0654
Senado (sem coattail),centro,-0.1372
Senado (sem coattail),centro,-0.0815
Senado (sem coattail),centro,-0.2942
Senado (sem coattail),centro,0.0435
Senado (sem coattail),centro,-0.1712
Senado (sem coattail),centro,0.016
Senado (sem coattail),centro,-0.6764
Senado (sem coattail),centro,0.1458
Senado (sem coattail),centro,-0.9144
Senado (sem coattail),centro,-0.0684
Senado (sem coattail),centro,0.0314
Senado (sem coattail),centro,0.045
Senado (sem coattail),centro,-0.0275
Senado (sem coattail),centro,0.038
Senado (sem coattail),centro,0.1088
Senado (sem coattail),centro,0.6067
Senado (sem coattail),centro,0.1344
Senado (sem coattail),centro,0.0037
Senado (sem coattail),centro,-0.302
Senado (sem coattail),centro,-0.1223
Senado (sem coattail),centro,0.1088
Senado (sem coattail),centro,0.0867
Senado (sem coattail),centro,-0.6519
Senado (sem coattail),centro,0.0133
Senado (sem coattail),centro,-0.4921
Senado (sem coattail),centro,0.2648
Senado (sem coattail),centro,0.0679
Senado (sem coattail),esquerda,-0.0298
Senado (sem coattail),esquerda,0.0116
Senado (sem coattail),esquerda,-0.0561
Senado (sem coattail),esquerda,0.0958
Senado (sem coattail),esquerda,-0.023
Senado (sem coattail),esquerda,-0.0055
Senado (sem coattail),esquerda,0.1112
Senado (sem coattail),esquerda,0.0186
Senado (sem coattail),esquerda,-0.1155
Senado (sem coattail),esquerda,-0.1015
Senado (sem coattail),esquerda,-0.141
Senado (sem coattail),esquerda,0.1395
Senado (sem coattail),esquerda,-0.1324
Senado (sem coattail),esquerda,-0.1175
Senado (sem coattail),esquerda,-0.1095
Senado (sem coattail),esquerda,-0.0855
Senado (sem coattail),esquerda,-0.1922
Senado (sem coattail),esquerda,0.0958
Senado (sem coattail),esquerda,0.0186
Senado (sem coattail),esquerda,-0.125
Senado (sem coattail),esquerda,0.0095
Senado (sem coattail),esquerda,-0.0055
Senado (sem coattail),esquerda,0.2975
Senado (sem coattail),centro,-0.3103
Senado (sem coattail),centro,-0.286
Senado (sem coattail),centro,-0.1473
Senado (sem coattail),centro,0.3237
Senado (sem coattail),esquerda,0.54
Senado (sem coattail),esquerda,-0.2938
Senado (sem coattail),esquerda,-0.165
Senado (sem coattail),esquerda,0.2764
Senado (sem coattail),esquerda,0.3117
Senado (sem coattail),esquerda,-0.1851
Senado (sem coattail),esquerda,-0.1993
Senado (sem coattail),centro,0.1353
Senado (sem coattail),centro,0.0257
Senado (sem coattail),centro,-0.0703
Senado (sem coattail),centro,-0.2642
Senado (sem coattail),centro,0.3029
Senado (sem coattail),centro,-0.4031
Senado (sem coattail),centro,0.0559
Senado (sem coattail),centro,-0.3524
Senado (sem coattail),centro,-0.3361
Senado (sem coattail),centro,-0.2259
Senado (sem coattail),centro,0.3585
Senado (sem coattail),centro,0.4421
Senado (sem coattail),centro,0.1138
Senado (sem coattail),centro,0.313
Senado (sem coattail),centro,-0.0977
Senado (sem coattail),centro,0.1394
Senado (sem coattail),centro,-0.2765
Senado (sem coattail),centro,0.1034
Senado (sem coattail),centro,-0.0536
Senado (sem coattail),centro,-0.0922
Senado (sem coattail),centro,0.0428
Senado (sem coattail),centro,0.1856
Senado (sem coattail),centro,-0.1395
Senado (sem coattail),centro,-0.1554
Senado (sem coattail),centro,0.1029
Senado (sem coattail),centro,0.2105
Senado (sem coattail),centro,0.4229
Senado (sem coattail),centro,-0.1601
Senado (sem coattail),centro,0.0165
Senado (sem coattail),centro,-0.2694
Senado (sem coattail),centro,-0.0249
Senado (sem coattail),centro,-0.0529
Senado (sem coattail),centro,-0.0295
Senado (sem coattail),centro,-0.0369
Senado (sem coattail),centro,0.5375
Senado (sem coattail),centro,0.1821
Senado (sem coattail),centro,0.0355
Senado (sem coattail),centro,-0.0635
Senado (sem coattail),centro,0.315
Senado (sem coattail),centro,0.0165
Senado (sem coattail),centro,-0.2694
Senado (sem coattail),centro,-0.0249
Senado (sem coattail),centro,-0.2027
Senado (sem coattail),centro,-0.0635
Senado (sem coattail),centro,-0.253
Senado (sem coattail),centro,0.4361
Senado (sem coattail),centro,0.2301
Senado (sem coattail),centro,-0.1665
Senado (sem coattail),centro,0.2286
Senado (sem coattail),direita,-5e-04
Senado (sem coattail),direita,0.0221
Senado (sem coattail),direita,0.2476
Senado (sem coattail),centro,0.16
Senado (sem coattail),centro-esquerda,-0.0768
Senado (sem coattail),centro-esquerda,-0.0953
Senado (sem coattail),centro-esquerda,0.1334
Senado (sem coattail),centro-esquerda,-0.0993
Senado (sem coattail),centro-esquerda,0.0684
Senado (sem coattail),centro-esquerda,0.2141
Senado (sem coattail),centro-esquerda,-0.4723
Senado (sem coattail),centro-esquerda,-0.222
Senado (sem coattail),centro-esquerda,0.5337
Senado (sem coattail),direita,-0.066
Senado (sem coattail),direita,0.3149
Senado (sem coattail),direita,0.0203
Senado (sem coattail),direita,0.1122
Senado (sem coattail),direita,0.3168
Senado (sem coattail),direita,0.1344
Senado (sem coattail),direita,-0.3591
Senado (sem coattail),direita,0.0222
Senado (sem coattail),direita,-0.2466
Senado (sem coattail),direita,-0.269
Senado (sem coattail),direita,0.1974
Senado (sem coattail),direita,0.1064
Senado (sem coattail),direita,0.2088
Senado (sem coattail),direita,0.0854
Senado (sem coattail),direita,-0.1371
Senado (sem coattail),direita,-0.1998
Senado (sem coattail),direita,-0.0354
Senado (sem coattail),direita,0.3099
Senado (sem coattail),direita,0.2469
Senado (sem coattail),direita,0.0586
Senado (sem coattail),direita,0.2249
Senado (sem coattail),direita,0.1166
Senado (sem coattail),direita,0.168
Senado (sem coattail),direita,0.0443
Senado (sem coattail),direita,-0.2066
Senado (sem coattail),direita,0.1032
Senado (sem coattail),direita,-0.0837
Senado (sem coattail),direita,0.2048
Senado (sem coattail),direita,-0.2314
Senado (sem coattail),centro,0.0643
Senado (sem coattail),centro,0.6113
Senado (sem coattail),centro,-0.3121
Senado (sem coattail),centro,0.2098
Senado (sem coattail),centro,-0.0472
Senado (sem coattail),centro,0.2162
Senado (sem coattail),centro,-0.1843
Senado (sem coattail),centro,-0.2364
Senado (sem coattail),centro,-0.0245
Senado (sem coattail),centro,0.0402
Senado (sem coattail),centro,0.0709
Senado (sem coattail),centro,0.033
Senado (sem coattail),centro,-0.057
Senado (sem coattail),centro,-0.0308
Senado (sem coattail),centro,-0.0253
Senado (sem coattail),centro,-0.1103
Senado (sem coattail),centro,-0.0093
Senado (sem coattail),centro,0.4673
Senado (sem coattail),centro,-0.3177
Senado (sem coattail),centro,-0.0245
Senado (sem coattail),centro,-0.2072
Senado (sem coattail),centro,0.0402
Senado (sem coattail),centro,-0.1854
Senado (sem coattail),centro,-0.0375
Senado (sem coattail),centro,0.0196
Senado (sem coattail),centro,-0.0812
Senado (sem coattail),centro,0.2616
Senado (sem coattail),centro,0.0583
Senado (sem coattail),centro,0.489
Senado (sem coattail),centro,0.176
Senado (sem coattail),centro-esquerda,-0.1613
Senado (sem coattail),centro-esquerda,-0.3038
Senado (sem coattail),centro-esquerda,0.096
Senado (sem coattail),centro-esquerda,-0.5208
Senado (sem coattail),centro-esquerda,-0.3434
Senado (sem coattail),centro-esquerda,-0.1178
Senado (sem coattail),centro-esquerda,0.3883
Senado (sem coattail),centro-esquerda,0.412
Senado (sem coattail),centro,-0.1246
Senado (sem coattail),centro,0.1142
Senado (sem coattail),centro,0.2785
Senado (sem coattail),centro,-0.0474
Senado (sem coattail),centro,0.0469
Senado (sem coattail),centro,-0.0046
Senado (sem coattail),centro,-0.0494
Senado (sem coattail),centro,-0.1525
Senado (sem coattail),centro,-0.0971
Senado (sem coattail),centro,-0.3041
Senado (sem coattail),centro,0.0262
Senado (sem coattail),centro,-0.1636
Senado (sem coattail),centro,0.0206
Senado (sem coattail),centro,-0.6675
Senado (sem coattail),centro,0.1305
Senado (sem coattail),centro,-0.9018
Senado (sem coattail),centro,-0.0474
Senado (sem coattail),centro,0.0336
Senado (sem coattail),centro,0.0429
Senado (sem coattail),centro,-0.0191
Senado (sem coattail),centro,0.0469
Senado (sem coattail),centro,0.0932
Senado (sem coattail),centro,0.6048
Senado (sem coattail),centro,0.1478
Senado (sem coattail),centro,0.0162
Senado (sem coattail),centro,-0.3021
Senado (sem coattail),centro,-0.1108
Senado (sem coattail),centro,0.0932
Senado (sem coattail),centro,0.0739
Senado (sem coattail),centro,-0.6665
Senado (sem coattail),centro,0.0404
Senado (sem coattail),centro,-0.4728
Senado (sem coattail),centro,0.2524
Senado (sem coattail),centro,0.0543
Senado (sem coattail),esquerda,-0.021
Senado (sem coattail),esquerda,0.006
Senado (sem coattail),esquerda,-0.0512
Senado (sem coattail),esquerda,0.0992
Senado (sem coattail),esquerda,-0.0371
Senado (sem coattail),esquerda,0.0197
Senado (sem coattail),esquerda,0.0709
Senado (sem coattail),esquerda,0.021
Senado (sem coattail),esquerda,-0.1326
Senado (sem coattail),esquerda,-0.1091
Senado (sem coattail),esquerda,-0.1551
Senado (sem coattail),esquerda,0.1342
Senado (sem coattail),esquerda,-0.1318
Senado (sem coattail),esquerda,-0.1139
Senado (sem coattail),esquerda,-0.1153
Senado (sem coattail),esquerda,-0.0758
Senado (sem coattail),esquerda,-0.1989
Senado (sem coattail),esquerda,0.0992
Senado (sem coattail),esquerda,0.021
Senado (sem coattail),esquerda,-0.112
Senado (sem coattail),esquerda,0.0272
Senado (sem coattail),esquerda,0.0197
Senado (sem coattail),esquerda,0.2915
Senado (sem coattail),centro,-0.312
Senado (sem coattail),centro,-0.2745
Senado (sem coattail),centro,-0.1368
Senado (sem coattail),centro,0.3342
Senado (sem coattail),esquerda,0.5459
Senado (sem coattail),esquerda,-0.3281
Senado (sem coattail),esquerda,-0.1091
Senado (sem coattail),esquerda,0.3243
Senado (sem coattail),esquerda,0.3359
Senado (sem coattail),esquerda,-0.2035
Senado (sem coattail),esquerda,-0.1744
Senado (sem coattail),centro,0.1417
Senado (sem coattail),centro,0.0444
Senado (sem coattail),centro,-0.0939
Senado (sem coattail),centro,-0.2858
Senado (sem coattail),centro,0.3118
Senado (sem coattail),centro,-0.3917
Senado (sem coattail),centro,0.0507
Senado (sem coattail),centro,-0.346
Senado (sem coattail),centro,-0.3118
Senado (sem coattail),centro,-0.217
Senado (sem coattail),centro,0.3659
Senado (sem coattail),centro,0.435
Senado (sem coattail),centro,0.0999
Senado (sem coattail),centro,0.3276
Senado (sem coattail),centro,-0.103
Senado (sem coattail),centro,0.1318
Senado (sem coattail),centro,-0.2687
Senado (sem coattail),centro,0.0859
Senado (sem coattail),centro,-0.0584
Senado (sem coattail),centro,-0.0877
Senado (sem coattail),centro,0.0428
Senado (sem coattail),centro,0.1915
Senado (sem coattail),centro,-0.1676
Senado (sem coattail),centro,-0.1499
Senado (sem coattail),centro,0.128
Senado (sem coattail),centro,0.2181
Senado (sem coattail),centro,0.4285
Senado (sem coattail),centro,-0.1427
Senado (sem coattail),centro,-0.0017
Senado (sem coattail),centro,-0.2597
Senado (sem coattail),centro,-0.0213
Senado (sem coattail),centro,-0.0518
Senado (sem coattail),centro,-0.0313
Senado (sem coattail),centro,-0.0358
Senado (sem coattail),centro,0.5498
Senado (sem coattail),centro,0.1723
Senado (sem coattail),centro,0.0233
Senado (sem coattail),centro,-0.0767
Senado (sem coattail),centro,0.3217
Senado (sem coattail),centro,-0.0017
Senado (sem coattail),centro,-0.2597
Senado (sem coattail),centro,-0.0213
Senado (sem coattail),centro,-0.1782
Senado (sem coattail),centro,-0.0767
Senado (sem coattail),centro,-0.2463
Senado (sem coattail),centro,0.4233
Senado (sem coattail),centro,0.2312
Senado (sem coattail),centro,-0.1726
Senado (sem coattail),centro,0.2424
Senado (sem coattail),direita,-0.0069
Senado (sem coattail),direita,0.0144
Senado (sem coattail),direita,0.2475
Senado (sem coattail),centro,0.1592
Senado (sem coattail),centro-esquerda,-0.0816
Senado (sem coattail),centro-esquerda,-0.0708
Senado (sem coattail),centro-esquerda,0.1169
Senado (sem coattail),centro-esquerda,-0.0978
Senado (sem coattail),centro-esquerda,0.0465
Senado (sem coattail),centro-esquerda,0.2163
Senado (sem coattail),centro-esquerda,-0.4753
Senado (sem coattail),centro-esquerda,-0.2275
Senado (sem coattail),centro-esquerda,0.5499
Senado (sem coattail),direita,-0.0769
Senado (sem coattail),direita,0.2939
Senado (sem coattail),direita,0.0447
Senado (sem coattail),direita,0.1295
Senado (sem coattail),direita,0.3195
Senado (sem coattail),direita,0.1434
Senado (sem coattail),direita,-0.3789
Senado (sem coattail),direita,0.043
Senado (sem coattail),direita,-0.2641
Senado (sem coattail),direita,-0.2526
Senado (sem coattail),direita,0.1908
Senado (sem coattail),direita,0.11
Senado (sem coattail),direita,0.2124
Senado (sem coattail),direita,0.0671
Senado (sem coattail),direita,-0.1376
Senado (sem coattail),direita,-0.1822
Senado (sem coattail),direita,-0.0461
Senado (sem coattail),direita,0.3257
Senado (sem coattail),direita,0.2544
Senado (sem coattail),direita,0.0734
Senado (sem coattail),direita,0.2327
Senado (sem coattail),direita,0.1059
Senado (sem coattail),direita,0.1844
Senado (sem coattail),direita,0.0399
Senado (sem coattail),direita,-0.2119
Senado (sem coattail),direita,0.1208
Senado (sem coattail),direita,-0.0949
Senado (sem coattail),direita,0.2075
Senado (sem coattail),direita,-0.2371
Senado (sem coattail),centro,0.0616
Senado (sem coattail),centro,0.6243
Senado (sem coattail),centro,-0.307
Senado (sem coattail),centro,0.2165
Senado (sem coattail),centro,-0.0474
Senado (sem coattail),centro,0.2178
Senado (sem coattail),centro,-0.1914
Senado (sem coattail),centro,-0.2432
Senado (sem coattail),centro,-0.0294
Senado (sem coattail),centro,0.0643
Senado (sem coattail),centro,0.087
Senado (sem coattail),centro,0.0327
Senado (sem coattail),centro,-0.0481
Senado (sem coattail),centro,-0.0313
Senado (sem coattail),centro,-0.019
Senado (sem coattail),centro,-0.1252
Senado (sem coattail),centro,0.0024
Senado (sem coattail),centro,0.4683
Senado (sem coattail),centro,-0.3324
Senado (sem coattail),centro,-0.0294
Senado (sem coattail),centro,-0.1948
Senado (sem coattail),centro,0.0643
Senado (sem coattail),centro,-0.1777
Senado (sem coattail),centro,-0.0318
Senado (sem coattail),centro,0.0166
Senado (sem coattail),centro,-0.0752
Senado (sem coattail),centro,0.3353
Senado (sem coattail),centro,0.1463
Senado (sem coattail),centro,0.4963
Senado (sem coattail),centro,0.1224
Senado (sem coattail),centro-esquerda,-0.1554
Senado (sem coattail),centro-esquerda,-0.3108
Senado (sem coattail),centro-esquerda,0.0536
Senado (sem coattail),centro-esquerda,-0.5011
Senado (sem coattail),centro-esquerda,-0.3564
Senado (sem coattail),centro-esquerda,-0.119
Senado (sem coattail),centro-esquerda,0.3583
Senado (sem coattail),centro-esquerda,0.454
Senado (sem coattail),centro,-0.1562
Senado (sem coattail),centro,0.1161
Senado (sem coattail),centro,0.2806
Senado (sem coattail),centro,-0.03
Senado (sem coattail),centro,0.0223
Senado (sem coattail),centro,-0.0175
Senado (sem coattail),centro,-0.0647
Senado (sem coattail),centro,-0.1607
Senado (sem coattail),centro,-0.096
Senado (sem coattail),centro,-0.28
Senado (sem coattail),centro,0.0346
Senado (sem coattail),centro,-0.1765
Senado (sem coattail),centro,0.0155
Senado (sem coattail),centro,-0.6679
Senado (sem coattail),centro,0.1375
Senado (sem coattail),centro,-0.9137
Senado (sem coattail),centro,-0.03
Senado (sem coattail),centro,0.0374
Senado (sem coattail),centro,0.0499
Senado (sem coattail),centro,-0.0231
Senado (sem coattail),centro,0.0223
Senado (sem coattail),centro,0.0986
Senado (sem coattail),centro,0.6133
Senado (sem coattail),centro,0.1416
Senado (sem coattail),centro,0.0078
Senado (sem coattail),centro,-0.3234
Senado (sem coattail),centro,-0.1164
Senado (sem coattail),centro,0.0986
Senado (sem coattail),centro,0.0786
Senado (sem coattail),centro,-0.6654
Senado (sem coattail),centro,0.021
Senado (sem coattail),centro,-0.4908
Senado (sem coattail),centro,0.2638
Senado (sem coattail),centro,0.0629
Senado (sem coattail),esquerda,0.0114
Senado (sem coattail),esquerda,0.0402
Senado (sem coattail),esquerda,-0.0327
Senado (sem coattail),esquerda,0.0888
Senado (sem coattail),esquerda,-0.0185
Senado (sem coattail),esquerda,-0.0099
Senado (sem coattail),esquerda,0.0945
Senado (sem coattail),esquerda,0.0408
Senado (sem coattail),esquerda,-0.1196
Senado (sem coattail),esquerda,-0.0622
Senado (sem coattail),esquerda,-0.1322
Senado (sem coattail),esquerda,0.1478
Senado (sem coattail),esquerda,-0.1385
Senado (sem coattail),esquerda,-0.0978
Senado (sem coattail),esquerda,-0.1449
Senado (sem coattail),esquerda,-0.0746
Senado (sem coattail),esquerda,-0.1632
Senado (sem coattail),esquerda,0.0888
Senado (sem coattail),esquerda,0.0408
Senado (sem coattail),esquerda,-0.1212
Senado (sem coattail),esquerda,0.0488
Senado (sem coattail),esquerda,-0.0099
Senado (sem coattail),esquerda,0.2934
Senado (sem coattail),centro,-0.3086
Senado (sem coattail),centro,-0.2802
Senado (sem coattail),centro,-0.1347
Senado (sem coattail),centro,0.3104
Senado (sem coattail),esquerda,0.5534
Senado (sem coattail),esquerda,-0.2938
Senado (sem coattail),esquerda,-0.1766
Senado (sem coattail),esquerda,0.3031
Senado (sem coattail),esquerda,0.3251
Senado (sem coattail),esquerda,-0.2043
Senado (sem coattail),esquerda,-0.1839
Senado (sem coattail),centro,0.1405
Senado (sem coattail),centro,0.0523
Senado (sem coattail),centro,-0.1004
Senado (sem coattail),centro,-0.2834
Senado (sem coattail),centro,0.3416
Senado (sem coattail),centro,-0.4036
Senado (sem coattail),centro,0.0536
Senado (sem coattail),centro,-0.3551
Senado (sem coattail),centro,-0.3174
Senado (sem coattail),centro,-0.2207
Senado (sem coattail),centro,0.3407
Senado (sem coattail),centro,0.4598
Senado (sem coattail),centro,0.1062
Senado (sem coattail),centro,0.3158
Senado (sem coattail),centro,-0.1118
Senado (sem coattail),centro,0.1248
Senado (sem coattail),centro,-0.2722
Senado (sem coattail),centro,0.1092
Senado (sem coattail),centro,-0.0648
Senado (sem coattail),centro,-0.0912
Senado (sem coattail),centro,0.0438
Senado (sem coattail),centro,0.1933
Senado (sem coattail),centro,-0.1507
Senado (sem coattail),centro,-0.1669
Senado (sem coattail),centro,0.1009
Senado (sem coattail),centro,0.2165
Senado (sem coattail),centro,0.4394
Senado (sem coattail),centro,-0.1503
Senado (sem coattail),centro,0.0115
Senado (sem coattail),centro,-0.2486
Senado (sem coattail),centro,-0.0241
Senado (sem coattail),centro,-0.0478
Senado (sem coattail),centro,-0.0393
Senado (sem coattail),centro,-0.0413
Senado (sem coattail),centro,0.5329
Senado (sem coattail),centro,0.169
Senado (sem coattail),centro,0.0412
Senado (sem coattail),centro,-0.0673
Senado (sem coattail),centro,0.3189
Senado (sem coattail),centro,0.0115
Senado (sem coattail),centro,-0.2486
Senado (sem coattail),centro,-0.0241
Senado (sem coattail),centro,-0.1896
Senado (sem coattail),centro,-0.0673
Senado (sem coattail),centro,-0.2439
Senado (sem coattail),centro,0.4365
Senado (sem coattail),centro,0.2257
Senado (sem coattail),centro,-0.1715
Senado (sem coattail),centro,0.2482
Senado (sem coattail),direita,-0.0177
Senado (sem coattail),direita,0.0457
Senado (sem coattail),direita,0.2314
Senado (sem coattail),centro,0.1643
Senado (sem coattail),centro-esquerda,-0.0902
Senado (sem coattail),centro-esquerda,-0.053
Senado (sem coattail),centro-esquerda,0.123
Senado (sem coattail),centro-esquerda,-0.1031
Senado (sem coattail),centro-esquerda,0.0428
Senado (sem coattail),centro-esquerda,0.2188
Senado (sem coattail),centro-esquerda,-0.4693
Senado (sem coattail),centro-esquerda,-0.2161
Senado (sem coattail),centro-esquerda,0.5555
Senado (sem coattail),direita,-0.0712
Senado (sem coattail),direita,0.312
Senado (sem coattail),direita,0.0035
Senado (sem coattail),direita,0.1055
Senado (sem coattail),direita,0.3177
Senado (sem coattail),direita,0.131
Senado (sem coattail),direita,-0.364
Senado (sem coattail),direita,0.046
Senado (sem coattail),direita,-0.2705
Senado (sem coattail),direita,-0.2742
Senado (sem coattail),direita,0.1814
Senado (sem coattail),direita,0.1127
Senado (sem coattail),direita,0.2007
Senado (sem coattail),direita,0.092
Senado (sem coattail),direita,-0.1556
Senado (sem coattail),direita,-0.1758
Senado (sem coattail),direita,-0.0422
Senado (sem coattail),direita,0.3139
Senado (sem coattail),direita,0.2522
Senado (sem coattail),direita,0.0617
Senado (sem coattail),direita,0.212
Senado (sem coattail),direita,0.1292
Senado (sem coattail),direita,0.1822
Senado (sem coattail),direita,0.048
Senado (sem coattail),direita,-0.197
Senado (sem coattail),direita,0.117
Senado (sem coattail),direita,-0.0793
Senado (sem coattail),direita,0.1868
Senado (sem coattail),direita,-0.2283
Senado (sem coattail),centro,0.055
Senado (sem coattail),centro,0.6102
Senado (sem coattail),centro,-0.3169
Senado (sem coattail),centro,0.2227
Senado (sem coattail),centro,-0.0463
Senado (sem coattail),centro,0.2308
Senado (sem coattail),centro,-0.1976
Senado (sem coattail),centro,-0.2484
Senado (sem coattail),centro,-0.0122
Senado (sem coattail),centro,0.0413
Senado (sem coattail),centro,0.0898
Senado (sem coattail),centro,0.0211
Senado (sem coattail),centro,-0.0791
Senado (sem coattail),centro,-0.0595
Senado (sem coattail),centro,-0.0535
Senado (sem coattail),centro,-0.1098
Senado (sem coattail),centro,0.0038
Senado (sem coattail),centro,0.4648
Senado (sem coattail),centro,-0.3319
Senado (sem coattail),centro,-0.0122
Senado (sem coattail),centro,-0.1903
Senado (sem coattail),centro,0.0413
Senado (sem coattail),centro,-0.1853
Senado (sem coattail),centro,-0.0439
Senado (sem coattail),centro,0.0337
Senado (sem coattail),centro,-0.0699
Senado (sem coattail),centro,0.2895
Senado (sem coattail),centro,0.0295
Senado (sem coattail),centro,0.4403
Senado (sem coattail),centro,0.1375
Senado (sem coattail),centro-esquerda,-0.1506
Senado (sem coattail),centro-esquerda,-0.3247
Senado (sem coattail),centro-esquerda,0.0716
Senado (sem coattail),centro-esquerda,-0.5154
Senado (sem coattail),centro-esquerda,-0.3384
Senado (sem coattail),centro-esquerda,-0.0835
Senado (sem coattail),centro-esquerda,0.3496
Senado (sem coattail),centro-esquerda,0.3876
Senado (sem coattail),centro,-0.152
Senado (sem coattail),centro,0.1135
Senado (sem coattail),centro,0.2834
Senado (sem coattail),centro,-0.0549
Senado (sem coattail),centro,0.0351
Senado (sem coattail),centro,-0.02
Senado (sem coattail),centro,-0.0502
Senado (sem coattail),centro,-0.1376
Senado (sem coattail),centro,-0.0874
Senado (sem coattail),centro,-0.2944
Senado (sem coattail),centro,0.0291
Senado (sem coattail),centro,-0.1696
Senado (sem coattail),centro,0.014
Senado (sem coattail),centro,-0.6597
Senado (sem coattail),centro,0.1486
Senado (sem coattail),centro,-0.8977
Senado (sem coattail),centro,-0.0549
Senado (sem coattail),centro,0.0446
Senado (sem coattail),centro,0.0438
Senado (sem coattail),centro,-0.0309
Senado (sem coattail),centro,0.0351
Senado (sem coattail),centro,0.0923
Senado (sem coattail),centro,0.6019
Senado (sem coattail),centro,0.1333
Senado (sem coattail),centro,0.0148
Senado (sem coattail),centro,-0.3107
Senado (sem coattail),centro,-0.1207
Senado (sem coattail),centro,0.0923
Senado (sem coattail),centro,0.0787
Senado (sem coattail),centro,-0.6724
Senado (sem coattail),centro,0.0122
Senado (sem coattail),centro,-0.4908
Senado (sem coattail),centro,0.2322
Senado (sem coattail),centro,0.0498
Senado (sem coattail),esquerda,0.0108
Senado (sem coattail),esquerda,0.0346
Senado (sem coattail),esquerda,-0.0435
Senado (sem coattail),esquerda,0.1019
Senado (sem coattail),esquerda,-0.0011
Senado (sem coattail),esquerda,0.0229
Senado (sem coattail),esquerda,0.0943
Senado (sem coattail),esquerda,0.0085
Senado (sem coattail),esquerda,-0.1543
Senado (sem coattail),esquerda,-0.1093
Senado (sem coattail),esquerda,-0.1469
Senado (sem coattail),esquerda,0.127
Senado (sem coattail),esquerda,-0.1361
Senado (sem coattail),esquerda,-0.1169
Senado (sem coattail),esquerda,-0.1205
Senado (sem coattail),esquerda,-0.0815
Senado (sem coattail),esquerda,-0.1891
Senado (sem coattail),esquerda,0.1019
Senado (sem coattail),esquerda,0.0085
Senado (sem coattail),esquerda,-0.1181
Senado (sem coattail),esquerda,0.0253
Senado (sem coattail),esquerda,0.0229
Senado (sem coattail),esquerda,0.2865
Senado (sem coattail),centro,-0.321
Senado (sem coattail),centro,-0.2866
Senado (sem coattail),centro,-0.1545
Senado (sem coattail),centro,0.3111
Senado (sem coattail),esquerda,0.5445
Senado (sem coattail),esquerda,-0.2829
Senado (sem coattail),esquerda,-0.1639
Senado (sem coattail),esquerda,0.3185
Senado (sem coattail),esquerda,0.3377
Senado (sem coattail),esquerda,-0.183
Senado (sem coattail),esquerda,-0.1803
Senado (sem coattail),centro,0.1398
Senado (sem coattail),centro,0.0528
Senado (sem coattail),centro,-0.0941
Senado (sem coattail),centro,-0.2835
Senado (sem coattail),centro,0.3304
Senado (sem coattail),centro,-0.4048
Senado (sem coattail),centro,0.059
Senado (sem coattail),centro,-0.3509
Senado (sem coattail),centro,-0.3179
Senado (sem coattail),centro,-0.2066
Senado (sem coattail),centro,0.3555
Senado (sem coattail),centro,0.4485
Senado (sem coattail),centro,0.1117
Senado (sem coattail),centro,0.318
Senado (sem coattail),centro,-0.1041
Senado (sem coattail),centro,0.1276
Senado (sem coattail),centro,-0.2674
Senado (sem coattail),centro,0.0935
Senado (sem coattail),centro,-0.0766
Senado (sem coattail),centro,-0.0901
Senado (sem coattail),centro,0.0547
Senado (sem coattail),centro,0.1815
Senado (sem coattail),centro,-0.1546
Senado (sem coattail),centro,-0.1563
Senado (sem coattail),centro,0.1099
Senado (sem coattail),centro,0.2114
Senado (sem coattail),centro,0.4421
Senado (sem coattail),centro,-0.1485
Senado (sem coattail),centro,0.022
Senado (sem coattail),centro,-0.2571
Senado (sem coattail),centro,-0.0231
Senado (sem coattail),centro,-0.042
Senado (sem coattail),centro,-0.0346
Senado (sem coattail),centro,-0.0396
Senado (sem coattail),centro,0.5258
Senado (sem coattail),centro,0.1615
Senado (sem coattail),centro,0.0298
Senado (sem coattail),centro,-0.0611
Senado (sem coattail),centro,0.3159
Senado (sem coattail),centro,0.022
Senado (sem coattail),centro,-0.2571
Senado (sem coattail),centro,-0.0231
Senado (sem coattail),centro,-0.1986
Senado (sem coattail),centro,-0.0611
Senado (sem coattail),centro,-0.2623
Senado (sem coattail),centro,0.4389
Senado (sem coattail),centro,0.2329
Senado (sem coattail),centro,-0.1741
Senado (sem coattail),centro,0.2459
Senado (sem coattail),direita,-0.0161
Senado (sem coattail),direita,0.043
Senado (sem coattail),direita,0.254
Senado (sem coattail),centro,0.1555
Senado (sem coattail),centro-esquerda,-0.0781
Senado (sem coattail),centro-esquerda,-0.0708
Senado (sem coattail),centro-esquerda,0.1208
Senado (sem coattail),centro-esquerda,-0.0997
Senado (sem coattail),centro-esquerda,0.035
Senado (sem coattail),centro-esquerda,0.2145
Senado (sem coattail),centro-esquerda,-0.4657
Senado (sem coattail),centro-esquerda,-0.2147
Senado (sem coattail),centro-esquerda,0.555
Senado (sem coattail),direita,-0.062
Senado (sem coattail),direita,0.3004
Senado (sem coattail),direita,0.0224
Senado (sem coattail),direita,0.134
Senado (sem coattail),direita,0.3097
Senado (sem coattail),direita,0.1371
Senado (sem coattail),direita,-0.3579
Senado (sem coattail),direita,0.0436
Senado (sem coattail),direita,-0.261
Senado (sem coattail),direita,-0.2684
Senado (sem coattail),direita,0.1931
Senado (sem coattail),direita,0.1047
Senado (sem coattail),direita,0.1966
Senado (sem coattail),direita,0.09
Senado (sem coattail),direita,-0.1494
Senado (sem coattail),direita,-0.1876
Senado (sem coattail),direita,-0.0346
Senado (sem coattail),direita,0.3067
Senado (sem coattail),direita,0.2404
Senado (sem coattail),direita,0.05
Senado (sem coattail),direita,0.2181
Senado (sem coattail),direita,0.1174
Senado (sem coattail),direita,0.1726
Senado (sem coattail),direita,0.0446
Senado (sem coattail),direita,-0.197
Senado (sem coattail),direita,0.1246
Senado (sem coattail),direita,-0.0816
Senado (sem coattail),direita,0.1941
Senado (sem coattail),direita,-0.2309
Senado (sem coattail),centro,0.0699
Senado (sem coattail),centro,0.6169
Senado (sem coattail),centro,-0.3032
Senado (sem coattail),centro,0.2058
Senado (sem coattail),centro,-0.0496
Senado (sem coattail),centro,0.2225
Senado (sem coattail),centro,-0.1805
Senado (sem coattail),centro,-0.2435
Senado (sem coattail),centro,-0.0265
Senado (sem coattail),centro,0.0465
Senado (sem coattail),centro,0.0691
Senado (sem coattail),centro,0.0356
Senado (sem coattail),centro,-0.0657
Senado (sem coattail),centro,-0.0407
Senado (sem coattail),centro,-0.0238
Senado (sem coattail),centro,-0.1142
Senado (sem coattail),centro,-0.0132
Senado (sem coattail),centro,0.4714
Senado (sem coattail),centro,-0.3235
Senado (sem coattail),centro,-0.0265
Senado (sem coattail),centro,-0.2144
Senado (sem coattail),centro,0.0465
Senado (sem coattail),centro,-0.1961
Senado (sem coattail),centro,-0.0355
Senado (sem coattail),centro,0.0361
Senado (sem coattail),centro,-0.0755
Senado (sem coattail),centro,0.2627
Senado (sem coattail),centro,0.0999
Senado (sem coattail),centro,0.4499
Senado (sem coattail),centro,0.0923
Senado (sem coattail),centro-esquerda,-0.1705
Senado (sem coattail),centro-esquerda,-0.3146
Senado (sem coattail),centro-esquerda,0.0737
Senado (sem coattail),centro-esquerda,-0.491
Senado (sem coattail),centro-esquerda,-0.3365
Senado (sem coattail),centro-esquerda,-0.1103
Senado (sem coattail),centro-esquerda,0.3681
Senado (sem coattail),centro-esquerda,0.4092
Senado (sem coattail),centro,-0.163
Senado (sem coattail),centro,0.1314
Senado (sem coattail),centro,0.276
Senado (sem coattail),centro,-0.0465
Senado (sem coattail),centro,0.038
Senado (sem coattail),centro,-0.0229
Senado (sem coattail),centro,-0.0346
Senado (sem coattail),centro,-0.155
Senado (sem coattail),centro,-0.095
Senado (sem coattail),centro,-0.3033
Senado (sem coattail),centro,0.0251
Senado (sem coattail),centro,-0.1745
Senado (sem coattail),centro,0.0304
Senado (sem coattail),centro,-0.6545
Senado (sem coattail),centro,0.1367
Senado (sem coattail),centro,-0.8993
Senado (sem coattail),centro,-0.0465
Senado (sem coattail),centro,0.0348
Senado (sem coattail),centro,0.0475
Senado (sem coattail),centro,-0.0136
Senado (sem coattail),centro,0.038
Senado (sem coattail),centro,0.094
Senado (sem coattail),centro,0.5968
Senado (sem coattail),centro,0.1414
Senado (sem coattail),centro,0.0073
Senado (sem coattail),centro,-0.3127
Senado (sem coattail),centro,-0.1162
Senado (sem coattail),centro,0.094
Senado (sem coattail),centro,0.0768
Senado (sem coattail),centro,-0.6484
Senado (sem coattail),centro,0.0218
Senado (sem coattail),centro,-0.483
Senado (sem coattail),centro,0.2418
Senado (sem coattail),centro,0.0554
Senado (sem coattail),esquerda,-0.0041
Senado (sem coattail),esquerda,0.0171
Senado (sem coattail),esquerda,-0.0342
Senado (sem coattail),esquerda,0.081
Senado (sem coattail),esquerda,-0.0168
Senado (sem coattail),esquerda,-2e-04
Senado (sem coattail),esquerda,0.086
Senado (sem coattail),esquerda,0.0142
Senado (sem coattail),esquerda,-0.1457
Senado (sem coattail),esquerda,-0.0888
Senado (sem coattail),esquerda,-0.1348
Senado (sem coattail),esquerda,0.1093
Senado (sem coattail),esquerda,-0.1478
Senado (sem coattail),esquerda,-0.0945
Senado (sem coattail),esquerda,-0.1192
Senado (sem coattail),esquerda,-0.0842
Senado (sem coattail),esquerda,-0.1972
Senado (sem coattail),esquerda,0.081
Senado (sem coattail),esquerda,0.0142
Senado (sem coattail),esquerda,-0.1298
Senado (sem coattail),esquerda,0.0325
Senado (sem coattail),esquerda,-2e-04
Senado (sem coattail),esquerda,0.3097
Senado (sem coattail),centro,-0.3104
Senado (sem coattail),centro,-0.2674
Senado (sem coattail),centro,-0.1444
Senado (sem coattail),centro,0.3266
Senado (sem coattail),esquerda,0.5355
Senado (sem coattail),esquerda,-0.3157
Senado (sem coattail),esquerda,-0.1195
Senado (sem coattail),esquerda,0.3111
Senado (sem coattail),esquerda,0.3196
Senado (sem coattail),esquerda,-0.2035
Senado (sem coattail),esquerda,-0.1935
Senado (sem coattail),centro,0.1417
Senado (sem coattail),centro,0.0376
Senado (sem coattail),centro,-0.0914
Senado (sem coattail),centro,-0.2831
Senado (sem coattail),centro,0.3341
Senado (sem coattail),centro,-0.3744
Senado (sem coattail),centro,0.0661
Senado (sem coattail),centro,-0.3619
Senado (sem coattail),centro,-0.3349
Senado (sem coattail),centro,-0.2238
Senado (sem coattail),centro,0.3512
Senado (sem coattail),centro,0.4394
Senado (sem coattail),centro,0.1042
Senado (sem coattail),centro,0.3166
Senado (sem coattail),centro,-0.1158
Senado (sem coattail),centro,0.1122
Senado (sem coattail),centro,-0.2714
Senado (sem coattail),centro,0.0902
Senado (sem coattail),centro,-0.0612
Senado (sem coattail),centro,-0.0863
Senado (sem coattail),centro,0.0528
Senado (sem coattail),centro,0.1913
Senado (sem coattail),centro,-0.1536
Senado (sem coattail),centro,-0.1802
Senado (sem coattail),centro,0.1071
Senado (sem coattail),centro,0.2178
Senado (sem coattail),centro,0.4348
Senado (sem coattail),centro,-0.1536
Senado (sem coattail),centro,0.0176
Senado (sem coattail),centro,-0.2693
Senado (sem coattail),centro,-0.035
Senado (sem coattail),centro,-0.0752
Senado (sem coattail),centro,-0.0287
Senado (sem coattail),centro,-0.0366
Senado (sem coattail),centro,0.544
Senado (sem coattail),centro,0.1704
Senado (sem coattail),centro,0.0297
Senado (sem coattail),centro,-0.0696
Senado (sem coattail),centro,0.3117
Senado (sem coattail),centro,0.0176
Senado (sem coattail),centro,-0.2693
Senado (sem coattail),centro,-0.035
Senado (sem coattail),centro,-0.1956
Senado (sem coattail),centro,-0.0696
Senado (sem coattail),centro,-0.2563
Senado (sem coattail),centro,0.4364
Senado (sem coattail),centro,0.22
Senado (sem coattail),centro,-0.1783
Senado (sem coattail),centro,0.233
Senado (sem coattail),direita,0.0063
Senado (sem coattail),direita,0.0453
Senado (sem coattail),direita,0.2473
Senado (sem coattail),centro,0.1508
Senado (sem coattail),centro-esquerda,-0.085
Senado (sem coattail),centro-esquerda,-0.0814
Senado (sem coattail),centro-esquerda,0.1341
Senado (sem coattail),centro-esquerda,-0.1122
Senado (sem coattail),centro-esquerda,0.0275
Senado (sem coattail),centro-esquerda,0.2249
Senado (sem coattail),centro-esquerda,-0.4782
Senado (sem coattail),centro-esquerda,-0.2135
Senado (sem coattail),centro-esquerda,0.5572
Senado (sem coattail),direita,-0.0442
Senado (sem coattail),direita,0.3135
Senado (sem coattail),direita,0.0116
Senado (sem coattail),direita,0.1375
Senado (sem coattail),direita,0.3176
Senado (sem coattail),direita,0.143
Senado (sem coattail),direita,-0.3764
Senado (sem coattail),direita,0.0348
Senado (sem coattail),direita,-0.2732
Senado (sem coattail),direita,-0.2674
Senado (sem coattail),direita,0.199
Senado (sem coattail),direita,0.1126
Senado (sem coattail),direita,0.1768
Senado (sem coattail),direita,0.094
Senado (sem coattail),direita,-0.1732
Senado (sem coattail),direita,-0.1872
Senado (sem coattail),direita,-0.0342
Senado (sem coattail),direita,0.3228
Senado (sem coattail),direita,0.2598
Senado (sem coattail),direita,0.0706
Senado (sem coattail),direita,0.1996
Senado (sem coattail),direita,0.1154
Senado (sem coattail),direita,0.1596
Senado (sem coattail),direita,0.0576
Senado (sem coattail),direita,-0.1792
Senado (sem coattail),direita,0.1046
Senado (sem coattail),direita,-0.0924
Senado (sem coattail),direita,0.2138
Senado (sem coattail),direita,-0.2194
Senado (sem coattail),centro,0.0667
Senado (sem coattail),centro,0.6105
Senado (sem coattail),centro,-0.3111
Senado (sem coattail),centro,0.2235
Senado (sem coattail),centro,-0.0408
Senado (sem coattail),centro,0.2199
Senado (sem coattail),centro,-0.1786
Senado (sem coattail),centro,-0.2293
Senado (sem coattail),centro,-0.0496
Senado (sem coattail),centro,0.0458
Senado (sem coattail),centro,0.066
Senado (sem coattail),centro,0.0354
Senado (sem coattail),centro,-0.0685
Senado (sem coattail),centro,-0.0425
Senado (sem coattail),centro,-0.0378
Senado (sem coattail),centro,-0.139
Senado (sem coattail),centro,-0.0026
Senado (sem coattail),centro,0.4727
Senado (sem coattail),centro,-0.3243
Senado (sem coattail),centro,-0.0496
Senado (sem coattail),centro,-0.1888
Senado (sem coattail),centro,0.0458
Senado (sem coattail),centro,-0.1903
Senado (sem coattail),centro,-0.0243
Senado (sem coattail),centro,0.0265
Senado (sem coattail),centro,-0.0739
Senado (sem coattail),centro,0.2309
Senado (sem coattail),centro,0.0983
Senado (sem coattail),centro,0.4483
Senado (sem coattail),centro,0.1106
Senado (sem coattail),centro-esquerda,-0.1667
Senado (sem coattail),centro-esquerda,-0.3062
Senado (sem coattail),centro-esquerda,0.1076
Senado (sem coattail),centro-esquerda,-0.5248
Senado (sem coattail),centro-esquerda,-0.3331
Senado (sem coattail),centro-esquerda,-0.0915
Senado (sem coattail),centro-esquerda,0.3409
Senado (sem coattail),centro-esquerda,0.4066
Senado (sem coattail),centro,-0.149
Senado (sem coattail),centro,0.1186
Senado (sem coattail),centro,0.2835
Senado (sem coattail),centro,-0.0469
Senado (sem coattail),centro,0.0177
Senado (sem coattail),centro,-0.019
Senado (sem coattail),centro,-0.0439
Senado (sem coattail),centro,-0.1399
Senado (sem coattail),centro,-0.1153
Senado (sem coattail),centro,-0.3047
Senado (sem coattail),centro,0.0413
Senado (sem coattail),centro,-0.178
Senado (sem coattail),centro,0.0279
Senado (sem coattail),centro,-0.6803
Senado (sem coattail),centro,0.1308
Senado (sem coattail),centro,-0.9183
Senado (sem coattail),centro,-0.0469
Senado (sem coattail),centro,0.033
Senado (sem coattail),centro,0.0501
Senado (sem coattail),centro,-0.0161
Senado (sem coattail),centro,0.0177
Senado (sem coattail),centro,0.1066
Senado (sem coattail),centro,0.6026
Senado (sem coattail),centro,0.1419
Senado (sem coattail),centro,0.0149
Senado (sem coattail),centro,-0.3104
Senado (sem coattail),centro,-0.1269
Senado (sem coattail),centro,0.1066
Senado (sem coattail),centro,0.0641
Senado (sem coattail),centro,-0.6745
Senado (sem coattail),centro,0.0328
Senado (sem coattail),centro,-0.4972
Senado (sem coattail),centro,0.2599
Senado (sem coattail),centro,0.061
Senado (sem coattail),esquerda,-0.0048
Senado (sem coattail),esquerda,0.0239
Senado (sem coattail),esquerda,-0.0687
Senado (sem coattail),esquerda,0.0924
Senado (sem coattail),esquerda,-0.0376
Senado (sem coattail),esquerda,0.0082
Senado (sem coattail),esquerda,0.0922
Senado (sem coattail),esquerda,0.03
Senado (sem coattail),esquerda,-0.1271
Senado (sem coattail),esquerda,-0.0826
Senado (sem coattail),esquerda,-0.1093
Senado (sem coattail),esquerda,0.1467
Senado (sem coattail),esquerda,-0.1301
Senado (sem coattail),esquerda,-0.0793
Senado (sem coattail),esquerda,-0.1268
Senado (sem coattail),esquerda,-0.0967
Senado (sem coattail),esquerda,-0.2106
Senado (sem coattail),esquerda,0.0924
Senado (sem coattail),esquerda,0.03
Senado (sem coattail),esquerda,-0.1351
Senado (sem coattail),esquerda,0.0289
Senado (sem coattail),esquerda,0.0082
Senado (sem coattail),esquerda,0.295
Senado (sem coattail),centro,-0.331
Senado (sem coattail),centro,-0.2791
Senado (sem coattail),centro,-0.1571
Senado (sem coattail),centro,0.3282
Senado (sem coattail),esquerda,0.5529
Senado (sem coattail),esquerda,-0.2996
Senado (sem coattail),esquerda,-0.1427
Senado (sem coattail),esquerda,0.302
Senado (sem coattail),esquerda,0.3023
Senado (sem coattail),esquerda,-0.2106
Senado (sem coattail),esquerda,-0.2064
Senado (sem coattail),centro,0.1305
Senado (sem coattail),centro,0.0526
Senado (sem coattail),centro,-0.0742
Senado (sem coattail),centro,-0.2756
Senado (sem coattail),centro,0.3261
Senado (sem coattail),centro,-0.3799
Senado (sem coattail),centro,0.0245
Senado (sem coattail),centro,-0.34
Senado (sem coattail),centro,-0.3177
Senado (sem coattail),centro,-0.2445
Senado (sem coattail),centro,0.3405
Senado (sem coattail),centro,0.4488
Senado (sem coattail),centro,0.0796
Senado (sem coattail),centro,0.3276
Senado (sem coattail),centro,-0.1264
Senado (sem coattail),centro,0.1016
Senado (sem coattail),centro,-0.2774
Senado (sem coattail),centro,0.0986
Senado (sem coattail),centro,-0.0701
Senado (sem coattail),centro,-0.0911
Senado (sem coattail),centro,0.0564
Senado (sem coattail),centro,0.1922
Senado (sem coattail),centro,-0.1429
Senado (sem coattail),centro,-0.1506
Senado (sem coattail),centro,0.0976
Senado (sem coattail),centro,0.219
Senado (sem coattail),centro,0.4381
Senado (sem coattail),centro,-0.1532
Senado (sem coattail),centro,0.0114
Senado (sem coattail),centro,-0.2701
Senado (sem coattail),centro,-0.023
Senado (sem coattail),centro,-0.0526
Senado (sem coattail),centro,-0.0394
Senado (sem coattail),centro,-0.0366
Senado (sem coattail),centro,0.5324
Senado (sem coattail),centro,0.1707
Senado (sem coattail),centro,0.0393
Senado (sem coattail),centro,-0.0674
Senado (sem coattail),centro,0.3136
Senado (sem coattail),centro,0.0114
Senado (sem coattail),centro,-0.2701
Senado (sem coattail),centro,-0.023
Senado (sem coattail),centro,-0.2004
Senado (sem coattail),centro,-0.0674
Senado (sem coattail),centro,-0.2651
Senado (sem coattail),centro,0.4316
Senado (sem coattail),centro,0.232
Senado (sem coattail),centro,-0.1871
Senado (sem coattail),centro,0.2386
Senado (sem coattail),direita,0.0018
Senado (sem coattail),direita,0.0391
Senado (sem coattail),direita,0.2622
Senado (sem coattail),centro,0.1412
Senado (sem coattail),centro-esquerda,-0.0746
Senado (sem coattail),centro-esquerda,-0.0667
Senado (sem coattail),centro-esquerda,0.103
Senado (sem coattail),centro-esquerda,-0.1002
Senado (sem coattail),centro-esquerda,0.0481
Senado (sem coattail),centro-esquerda,0.2038
Senado (sem coattail),centro-esquerda,-0.468
Senado (sem coattail),centro-esquerda,-0.2269
Senado (sem coattail),centro-esquerda,0.5668
Senado (sem coattail),direita,-0.0795
Senado (sem coattail),direita,0.3252
Senado (sem coattail),direita,0.0363
Senado (sem coattail),direita,0.1492
Senado (sem coattail),direita,0.3147
Senado (sem coattail),direita,0.1311
Senado (sem coattail),direita,-0.3573
Senado (sem coattail),direita,0.0427
Senado (sem coattail),direita,-0.2377
Senado (sem coattail),direita,-0.272
Senado (sem coattail),direita,0.2102
Senado (sem coattail),direita,0.0893
Senado (sem coattail),direita,0.2123
Senado (sem coattail),direita,0.0683
Senado (sem coattail),direita,-0.1499
Senado (sem coattail),direita,-0.2035
Senado (sem coattail),direita,-0.0207
Senado (sem coattail),direita,0.3173
Senado (sem coattail),direita,0.2543
Senado (sem coattail),direita,0.0842
Senado (sem coattail),direita,0.1945
Senado (sem coattail),direita,0.1224
Senado (sem coattail),direita,0.1771
Senado (sem coattail),direita,0.0343
Senado (sem coattail),direita,-0.2145
Senado (sem coattail),direita,0.1237
Senado (sem coattail),direita,-0.0799
Senado (sem coattail),direita,0.1785
Senado (sem coattail),direita,-0.2427
Senado (sem coattail),centro,0.0601
Senado (sem coattail),centro,0.6102
Senado (sem coattail),centro,-0.3033
Senado (sem coattail),centro,0.2217
Senado (sem coattail),centro,-0.0537
Senado (sem coattail),centro,0.2009
Senado (sem coattail),centro,-0.194
Senado (sem coattail),centro,-0.2399
Senado (sem coattail),centro,-0.0155
Senado (sem coattail),centro,0.0514
Senado (sem coattail),centro,0.0818
Senado (sem coattail),centro,0.0116
Senado (sem coattail),centro,-0.0728
Senado (sem coattail),centro,-0.0302
Senado (sem coattail),centro,-0.014
Senado (sem coattail),centro,-0.095
Senado (sem coattail),centro,0.006
Senado (sem coattail),centro,0.4592
Senado (sem coattail),centro,-0.3252
Senado (sem coattail),centro,-0.0155
Senado (sem coattail),centro,-0.1915
Senado (sem coattail),centro,0.0514
Senado (sem coattail),centro,-0.1825
Senado (sem coattail),centro,-0.0378
Senado (sem coattail),centro,0.0332
Senado (sem coattail),centro,-0.0742
Senado (sem coattail),centro,0.2589
Senado (sem coattail),centro,0.0737
Senado (sem coattail),centro,0.4237
Senado (sem coattail),centro,0.1132
Senado (sem coattail),centro-esquerda,-0.173
Senado (sem coattail),centro-esquerda,-0.326
Senado (sem coattail),centro-esquerda,0.0717
Senado (sem coattail),centro-esquerda,-0.5153
Senado (sem coattail),centro-esquerda,-0.3525
Senado (sem coattail),centro-esquerda,-0.0882
Senado (sem coattail),centro-esquerda,0.3568
Senado (sem coattail),centro-esquerda,0.4118
Senado (sem coattail),centro,-0.1401
Senado (sem coattail),centro,0.1168
Senado (sem coattail),centro,0.2809
Senado (sem coattail),centro,-0.0439
Senado (sem coattail),centro,0.0434
Senado (sem coattail),centro,-0.0115
Senado (sem coattail),centro,-0.0621
Senado (sem coattail),centro,-0.1396
Senado (sem coattail),centro,-0.0995
Senado (sem coattail),centro,-0.3065
Senado (sem coattail),centro,0.0301
Senado (sem coattail),centro,-0.1761
Senado (sem coattail),centro,0.0115
Senado (sem coattail),centro,-0.657
Senado (sem coattail),centro,0.1389
Senado (sem coattail),centro,-0.8979
Senado (sem coattail),centro,-0.0439
Senado (sem coattail),centro,0.0394
Senado (sem coattail),centro,0.0405
Senado (sem coattail),centro,-0.0325
Senado (sem coattail),centro,0.0434
Senado (sem coattail),centro,0.1018
Senado (sem coattail),centro,0.5914
Senado (sem coattail),centro,0.1424
Senado (sem coattail),centro,0.0082
Senado (sem coattail),centro,-0.3207
Senado (sem coattail),centro,-0.1116
Senado (sem coattail),centro,0.1018
Senado (sem coattail),centro,0.0767
Senado (sem coattail),centro,-0.671
Senado (sem coattail),centro,0.0215
Senado (sem coattail),centro,-0.4952
Senado (sem coattail),centro,0.2659
Senado (sem coattail),centro,0.0515
Senado (sem coattail),esquerda,-0.0077
Senado (sem coattail),esquerda,-1e-04
Senado (sem coattail),esquerda,-0.0365
Senado (sem coattail),esquerda,0.098
Senado (sem coattail),esquerda,-0.0041
Senado (sem coattail),esquerda,0.0143
Senado (sem coattail),esquerda,0.0883
Senado (sem coattail),esquerda,0.0087
Senado (sem coattail),esquerda,-0.122
Senado (sem coattail),esquerda,-0.0903
Senado (sem coattail),esquerda,-0.123
Senado (sem coattail),esquerda,0.1071
Senado (sem coattail),esquerda,-0.1509
Senado (sem coattail),esquerda,-0.1103
Senado (sem coattail),esquerda,-0.116
Senado (sem coattail),esquerda,-0.0817
Senado (sem coattail),esquerda,-0.1913
Senado (sem coattail),esquerda,0.098
Senado (sem coattail),esquerda,0.0087
Senado (sem coattail),esquerda,-0.1139
Senado (sem coattail),esquerda,0.0204
Senado (sem coattail),esquerda,0.0143
Senado (sem coattail),esquerda,0.2841
Senado (sem coattail),centro,-0.3234
Senado (sem coattail),centro,-0.2904
Senado (sem coattail),centro,-0.1473
Senado (sem coattail),centro,0.3253
Senado (sem coattail),esquerda,0.5173
Senado (sem coattail),esquerda,-0.2819
Senado (sem coattail),esquerda,-0.1384
Senado (sem coattail),esquerda,0.3115
Senado (sem coattail),esquerda,0.3066
Senado (sem coattail),esquerda,-0.2111
Senado (sem coattail),esquerda,-0.1911
Senado (sem coattail),centro,0.139
Senado (sem coattail),centro,0.0594
Senado (sem coattail),centro,-0.1051
Senado (sem coattail),centro,-0.2814
Senado (sem coattail),centro,0.3317
Senado (sem coattail),centro,-0.4059
Senado (sem coattail),centro,0.0637
Senado (sem coattail),centro,-0.3491
Senado (sem coattail),centro,-0.3136
Senado (sem coattail),centro,-0.2053
Senado (sem coattail),centro,0.3575
Senado (sem coattail),centro,0.4264
Senado (sem coattail),centro,0.106
Senado (sem coattail),centro,0.3176
Senado (sem coattail),centro,-0.0964
Senado (sem coattail),centro,0.1299
Senado (sem coattail),centro,-0.2776
Senado (sem coattail),centro,0.0886
Senado (sem coattail),centro,-0.0631
Senado (sem coattail),centro,-0.0906
Senado (sem coattail),centro,0.0509
Senado (sem coattail),centro,0.1967
Senado (sem coattail),centro,-0.1658
Senado (sem coattail),centro,-0.1462
Senado (sem coattail),centro,0.1175
Senado (sem coattail),centro,0.2218
Senado (sem coattail),centro,0.4405
Senado (sem coattail),centro,-0.1425
Senado (sem coattail),centro,0.0139
Senado (sem coattail),centro,-0.2794
Senado (sem coattail),centro,-0.0221
Senado (sem coattail),centro,-0.0576
Senado (sem coattail),centro,-0.0473
Senado (sem coattail),centro,-0.055
Senado (sem coattail),centro,0.5342
Senado (sem coattail),centro,0.1803
Senado (sem coattail),centro,0.0389
Senado (sem coattail),centro,-0.0753
Senado (sem coattail),centro,0.3178
Senado (sem coattail),centro,0.0139
Senado (sem coattail),centro,-0.2794
Senado (sem coattail),centro,-0.0221
Senado (sem coattail),centro,-0.1962
Senado (sem coattail),centro,-0.0753
Senado (sem coattail),centro,-0.2623
Senado (sem coattail),centro,0.4482
Senado (sem coattail),centro,0.2254
Senado (sem coattail),centro,-0.1843
Senado (sem coattail),centro,0.225
Senado (sem coattail),direita,-0.0159
Senado (sem coattail),direita,0.0169
Senado (sem coattail),direita,0.2691
Senado (sem coattail),centro,0.1754
Senado (sem coattail),centro-esquerda,-0.105
Senado (sem coattail),centro-esquerda,-0.078
Senado (sem coattail),centro-esquerda,0.086
Senado (sem coattail),centro-esquerda,-0.1085
Senado (sem coattail),centro-esquerda,0.0308
Senado (sem coattail),centro-esquerda,0.2292
Senado (sem coattail),centro-esquerda,-0.4632
Senado (sem coattail),centro-esquerda,-0.2215
Senado (sem coattail),centro-esquerda,0.5729
Senado (sem coattail),direita,-0.0618
Senado (sem coattail),direita,0.3023
Senado (sem coattail),direita,0.0242
Senado (sem coattail),direita,0.118
Senado (sem coattail),direita,0.3096
Senado (sem coattail),direita,0.123
Senado (sem coattail),direita,-0.372
Senado (sem coattail),direita,0.0387
Senado (sem coattail),direita,-0.2473
Senado (sem coattail),direita,-0.2647
Senado (sem coattail),direita,0.1897
Senado (sem coattail),direita,0.1057
Senado (sem coattail),direita,0.2016
Senado (sem coattail),direita,0.0874
Senado (sem coattail),direita,-0.1484
Senado (sem coattail),direita,-0.1844
Senado (sem coattail),direita,-0.0303
Senado (sem coattail),direita,0.3066
Senado (sem coattail),direita,0.2528
Senado (sem coattail),direita,0.0664
Senado (sem coattail),direita,0.2138
Senado (sem coattail),direita,0.1233
Senado (sem coattail),direita,0.1828
Senado (sem coattail),direita,0.0338
Senado (sem coattail),direita,-0.205
Senado (sem coattail),direita,0.1173
Senado (sem coattail),direita,-0.0784
Senado (sem coattail),direita,0.1818
Senado (sem coattail),direita,-0.2432
Senado (sem coattail),centro,0.0487
Senado (sem coattail),centro,0.6177
Senado (sem coattail),centro,-0.303
Senado (sem coattail),centro,0.221
Senado (sem coattail),centro,-0.0493
Senado (sem coattail),centro,0.2042
Senado (sem coattail),centro,-0.1724
Senado (sem coattail),centro,-0.2279
Senado (sem coattail),centro,-0.0388
Senado (sem coattail),centro,0.0525
Senado (sem coattail),centro,0.0807
Senado (sem coattail),centro,0.0259
Senado (sem coattail),centro,-0.0713
Senado (sem coattail),centro,-0.0431
Senado (sem coattail),centro,-0.0284
Senado (sem coattail),centro,-0.1094
Senado (sem coattail),centro,-0.0193
Senado (sem coattail),centro,0.4741
Senado (sem coattail),centro,-0.3324
Senado (sem coattail),centro,-0.0388
Senado (sem coattail),centro,-0.2148
Senado (sem coattail),centro,0.0525
Senado (sem coattail),centro,-0.1815
Senado (sem coattail),centro,-0.0229
Senado (sem coattail),centro,0.0152
Senado (sem coattail),centro,-0.0763
Senado (sem coattail),centro,0.2687
Senado (sem coattail),centro,0.0871
Senado (sem coattail),centro,0.4158
Senado (sem coattail),centro,0.0743
Senado (sem coattail),centro-esquerda,-0.1736
Senado (sem coattail),centro-esquerda,-0.2994
Senado (sem coattail),centro-esquerda,0.1016
Senado (sem coattail),centro-esquerda,-0.5206
Senado (sem coattail),centro-esquerda,-0.3456
Senado (sem coattail),centro-esquerda,-0.0824
Senado (sem coattail),centro-esquerda,0.3656
Senado (sem coattail),centro-esquerda,0.4204
Senado (sem coattail),centro,-0.1477
Senado (sem coattail),centro,0.1148
Senado (sem coattail),centro,0.2812
Senado (sem coattail),centro,-0.0701
Senado (sem coattail),centro,0.0531
Senado (sem coattail),centro,-0.0047
Senado (sem coattail),centro,-0.052
Senado (sem coattail),centro,-0.1412
Senado (sem coattail),centro,-0.1064
Senado (sem coattail),centro,-0.2982
Senado (sem coattail),centro,0.0352
Senado (sem coattail),centro,-0.1619
Senado (sem coattail),centro,0.0046
Senado (sem coattail),centro,-0.666
Senado (sem coattail),centro,0.1456
Senado (sem coattail),centro,-0.9094
Senado (sem coattail),centro,-0.0701
Senado (sem coattail),centro,0.0416
Senado (sem coattail),centro,0.0601
Senado (sem coattail),centro,-0.0228
Senado (sem coattail),centro,0.0531
Senado (sem coattail),centro,0.1086
Senado (sem coattail),centro,0.5997
Senado (sem coattail),centro,0.1494
Senado (sem coattail),centro,0.0149
Senado (sem coattail),centro,-0.3039
Senado (sem coattail),centro,-0.1226
Senado (sem coattail),centro,0.1086
Senado (sem coattail),centro,0.0789
Senado (sem coattail),centro,-0.6647
Senado (sem coattail),centro,0.0125
Senado (sem coattail),centro,-0.4821
Senado (sem coattail),centro,0.2409
Senado (sem coattail),centro,0.0425
Senado (sem coattail),esquerda,-0.0424
Senado (sem coattail),esquerda,-0.0214
Senado (sem coattail),esquerda,-0.0495
Senado (sem coattail),esquerda,0.1045
Senado (sem coattail),esquerda,-0.0252
Senado (sem coattail),esquerda,0.0054
Senado (sem coattail),esquerda,0.0954
Senado (sem coattail),esquerda,0.0019
Senado (sem coattail),esquerda,-0.1446
Senado (sem coattail),esquerda,-0.1035
Senado (sem coattail),esquerda,-0.1495
Senado (sem coattail),esquerda,0.1128
Senado (sem coattail),esquerda,-0.136
Senado (sem coattail),esquerda,-0.1006
Senado (sem coattail),esquerda,-0.1425
Senado (sem coattail),esquerda,-0.0705
Senado (sem coattail),esquerda,-0.2045
Senado (sem coattail),esquerda,0.1045
Senado (sem coattail),esquerda,0.0019
Senado (sem coattail),esquerda,-0.1072
Senado (sem coattail),esquerda,0.023
Senado (sem coattail),esquerda,0.0054
Senado (sem coattail),esquerda,0.2975
Senado (sem coattail),centro,-0.2932
Senado (sem coattail),centro,-0.2851
Senado (sem coattail),centro,-0.1663
Senado (sem coattail),centro,0.3258
Senado (sem coattail),esquerda,0.536
Senado (sem coattail),esquerda,-0.3063
Senado (sem coattail),esquerda,-0.1602
Senado (sem coattail),esquerda,0.311
Senado (sem coattail),esquerda,0.2917
Senado (sem coattail),esquerda,-0.2055
Senado (sem coattail),esquerda,-0.195
Senado (sem coattail),centro,0.1365
Senado (sem coattail),centro,0.0363
Senado (sem coattail),centro,-0.0871
Senado (sem coattail),centro,-0.2705
Senado (sem coattail),centro,0.3306
Senado (sem coattail),centro,-0.3969
Senado (sem coattail),centro,0.0515
Senado (sem coattail),centro,-0.3586
Senado (sem coattail),centro,-0.3316
Senado (sem coattail),centro,-0.2176
Senado (sem coattail),centro,0.3422
Senado (sem coattail),centro,0.4539
Senado (sem coattail),centro,0.1139
Senado (sem coattail),centro,0.3289
Senado (sem coattail),centro,-0.0921
Senado (sem coattail),centro,0.1062
Senado (sem coattail),centro,-0.2888
Senado (sem coattail),centro,0.0772
Senado (sem coattail),centro,-0.0742
Senado (sem coattail),centro,-0.0765
Senado (sem coattail),centro,0.0398
Senado (sem coattail),centro,0.1932
Senado (sem coattail),centro,-0.1294
Senado (sem coattail),centro,-0.1344
Senado (sem coattail),centro,0.1047
Senado (sem coattail),centro,0.208
Senado (sem coattail),centro,0.4353
Senado (sem coattail),centro,-0.1706
Senado (sem coattail),centro,0.0224
Senado (sem coattail),centro,-0.2737
Senado (sem coattail),centro,-0.0351
Senado (sem coattail),centro,-0.0596
Senado (sem coattail),centro,-0.0537
Senado (sem coattail),centro,-0.0557
Senado (sem coattail),centro,0.5219
Senado (sem coattail),centro,0.1787
Senado (sem coattail),centro,0.03
Senado (sem coattail),centro,-0.0731
Senado (sem coattail),centro,0.2993
Senado (sem coattail),centro,0.0224
Senado (sem coattail),centro,-0.2737
Senado (sem coattail),centro,-0.0351
Senado (sem coattail),centro,-0.185
Senado (sem coattail),centro,-0.0731
Senado (sem coattail),centro,-0.2601
Senado (sem coattail),centro,0.4474
Senado (sem coattail),centro,0.241
Senado (sem coattail),centro,-0.1907
Senado (sem coattail),centro,0.2329
Senado (sem coattail),direita,-0.0098
Senado (sem coattail),direita,0.0133
Senado (sem coattail),direita,0.2729
Senado (sem coattail),centro,0.1673
Senado (sem coattail),centro-esquerda,-0.081
Senado (sem coattail),centro-esquerda,-0.0791
Senado (sem coattail),centro-esquerda,0.1102
Senado (sem coattail),centro-esquerda,-0.0917
Senado (sem coattail),centro-esquerda,0.0511
Senado (sem coattail),centro-esquerda,0.2123
Senado (sem coattail),centro-esquerda,-0.4589
Senado (sem coattail),centro-esquerda,-0.2207
Senado (sem coattail),centro-esquerda,0.5612
Senado (sem coattail),direita,-0.0834
Senado (sem coattail),direita,0.3088
Senado (sem coattail),direita,0.0398
Senado (sem coattail),direita,0.1328
Senado (sem coattail),direita,0.3238
Senado (sem coattail),direita,0.1459
Senado (sem coattail),direita,-0.3668
Senado (sem coattail),direita,0.0509
Senado (sem coattail),direita,-0.2675
Senado (sem coattail),direita,-0.2825
Senado (sem coattail),direita,0.1904
Senado (sem coattail),direita,0.1179
Senado (sem coattail),direita,0.1786
Senado (sem coattail),direita,0.0645
Senado (sem coattail),direita,-0.1382
Senado (sem coattail),direita,-0.2074
Senado (sem coattail),direita,-0.0181
Senado (sem coattail),direita,0.3208
Senado (sem coattail),direita,0.2538
Senado (sem coattail),direita,0.0644
Senado (sem coattail),direita,0.2092
Senado (sem coattail),direita,0.1339
Senado (sem coattail),direita,0.1838
Senado (sem coattail),direita,0.0638
Senado (sem coattail),direita,-0.2145
Senado (sem coattail),direita,0.0956
Senado (sem coattail),direita,-0.0642
Senado (sem coattail),direita,0.2078
Senado (sem coattail),direita,-0.2504
Senado (sem coattail),centro,0.0547
Senado (sem coattail),centro,0.6017
Senado (sem coattail),centro,-0.3088
Senado (sem coattail),centro,0.2184
Senado (sem coattail),centro,-0.0411
Senado (sem coattail),centro,0.2275
Senado (sem coattail),centro,-0.19
Senado (sem coattail),centro,-0.2411
Senado (sem coattail),centro,-0.0241
Senado (sem coattail),centro,0.037
Senado (sem coattail),centro,0.0839
Senado (sem coattail),centro,0.0216
Senado (sem coattail),centro,-0.0657
Senado (sem coattail),centro,-0.0273
Senado (sem coattail),centro,-0.0364
Senado (sem coattail),centro,-0.1311
Senado (sem coattail),centro,-0.0021
Senado (sem coattail),centro,0.4818
Senado (sem coattail),centro,-0.327
Senado (sem coattail),centro,-0.0241
Senado (sem coattail),centro,-0.1959
Senado (sem coattail),centro,0.037
Senado (sem coattail),centro,-0.1825
Senado (sem coattail),centro,-0.0406
Senado (sem coattail),centro,0.0458
Senado (sem coattail),centro,-0.0741
Senado (sem coattail),centro,0.2582
Senado (sem coattail),centro,0.0715
Senado (sem coattail),centro,0.4372
Senado (sem coattail),centro,0.1029
Senado (sem coattail),centro-esquerda,-0.1715
Senado (sem coattail),centro-esquerda,-0.3203
Senado (sem coattail),centro-esquerda,0.0839
Senado (sem coattail),centro-esquerda,-0.5046
Senado (sem coattail),centro-esquerda,-0.3475
Senado (sem coattail),centro-esquerda,-0.0976
Senado (sem coattail),centro-esquerda,0.3479
Senado (sem coattail),centro-esquerda,0.4125
Senado (sem coattail),centro,-0.1564
Senado (sem coattail),centro,0.1163
Senado (sem coattail),centro,0.277
Senado (sem coattail),centro,-0.051
Senado (sem coattail),centro,0.0355
Senado (sem coattail),centro,-0.0158
Senado (sem coattail),centro,-0.0468
Senado (sem coattail),centro,-0.1332
Senado (sem coattail),centro,-0.0975
Senado (sem coattail),centro,-0.3173
Senado (sem coattail),centro,0.0351
Senado (sem coattail),centro,-0.1748
Senado (sem coattail),centro,0.0135
Senado (sem coattail),centro,-0.6753
Senado (sem coattail),centro,0.1559
Senado (sem coattail),centro,-0.8986
Senado (sem coattail),centro,-0.051
Senado (sem coattail),centro,0.035
Senado (sem coattail),centro,0.0472
Senado (sem coattail),centro,-0.027
Senado (sem coattail),centro,0.0355
Senado (sem coattail),centro,0.0963
Senado (sem coattail),centro,0.6092
Senado (sem coattail),centro,0.1318
Senado (sem coattail),centro,0.0252
Senado (sem coattail),centro,-0.3073
Senado (sem coattail),centro,-0.1234
Senado (sem coattail),centro,0.0963
Senado (sem coattail),centro,0.0707
Senado (sem coattail),centro,-0.6759
Senado (sem coattail),centro,0.0375
Senado (sem coattail),centro,-0.4877
Senado (sem coattail),centro,0.2353
Senado (sem coattail),centro,0.0675
Senado (sem coattail),esquerda,-0.0117
Senado (sem coattail),esquerda,-0.0054
Senado (sem coattail),esquerda,-0.0557
Senado (sem coattail),esquerda,0.0791
Senado (sem coattail),esquerda,8e-04
Senado (sem coattail),esquerda,0.0089
Senado (sem coattail),esquerda,0.0855
Senado (sem coattail),esquerda,0.0159
Senado (sem coattail),esquerda,-0.1321
Senado (sem coattail),esquerda,-0.0873
Senado (sem coattail),esquerda,-0.1316
Senado (sem coattail),esquerda,0.1227
Senado (sem coattail),esquerda,-0.1228
Senado (sem coattail),esquerda,-0.1016
Senado (sem coattail),esquerda,-0.1349
Senado (sem coattail),esquerda,-0.0945
Senado (sem coattail),esquerda,-0.1883
Senado (sem coattail),esquerda,0.0791
Senado (sem coattail),esquerda,0.0159
Senado (sem coattail),esquerda,-0.1173
Senado (sem coattail),esquerda,0.0174
Senado (sem coattail),esquerda,0.0089
Senado (sem coattail),esquerda,0.2824
Senado (sem coattail),centro,-0.3078
Senado (sem coattail),centro,-0.2828
Senado (sem coattail),centro,-0.1463
Senado (sem coattail),centro,0.3247
Senado (sem coattail),esquerda,0.5476
Senado (sem coattail),esquerda,-0.2765
Senado (sem coattail),esquerda,-0.1149
Senado (sem coattail),esquerda,0.2935
Senado (sem coattail),esquerda,0.2973
Senado (sem coattail),esquerda,-0.2017
Senado (sem coattail),esquerda,-0.1857
Senado (sem coattail),centro,0.1427
Senado (sem coattail),centro,0.0209
Senado (sem coattail),centro,-0.0894
Senado (sem coattail),centro,-0.2643
Senado (sem coattail),centro,0.3265
Senado (sem coattail),centro,-0.3952
Senado (sem coattail),centro,0.0585
Senado (sem coattail),centro,-0.3641
Senado (sem coattail),centro,-0.3167
Senado (sem coattail),centro,-0.2154
Senado (sem coattail),centro,0.3548
Senado (sem coattail),centro,0.4522
Senado (sem coattail),centro,0.1112
Senado (sem coattail),centro,0.3179
Senado (sem coattail),centro,-0.1073
Senado (sem coattail),centro,0.1332
Senado (sem coattail),centro,-0.2618
Senado (sem coattail),centro,0.0889
Senado (sem coattail),centro,-0.0855
Senado (sem coattail),centro,-0.0891
Senado (sem coattail),centro,0.0634
Senado (sem coattail),centro,0.1967
Senado (sem coattail),centro,-0.1619
Senado (sem coattail),centro,-0.1498
Senado (sem coattail),centro,0.1125
Senado (sem coattail),centro,0.2132
Senado (sem coattail),centro,0.4398
Senado (sem coattail),centro,-0.1475
Senado (sem coattail),centro,0.0127
Senado (sem coattail),centro,-0.2697
Senado (sem coattail),centro,-0.02
Senado (sem coattail),centro,-0.0513
Senado (sem coattail),centro,-0.0333
Senado (sem coattail),centro,-0.0531
Senado (sem coattail),centro,0.5347
Senado (sem coattail),centro,0.1609
Senado (sem coattail),centro,0.0377
Senado (sem coattail),centro,-0.0696
Senado (sem coattail),centro,0.3164
Senado (sem coattail),centro,0.0127
Senado (sem coattail),centro,-0.2697
Senado (sem coattail),centro,-0.02
Senado (sem coattail),centro,-0.1943
Senado (sem coattail),centro,-0.0696
Senado (sem coattail),centro,-0.2661
Senado (sem coattail),centro,0.4377
Senado (sem coattail),centro,0.2284
Senado (sem coattail),centro,-0.1703
Senado (sem coattail),centro,0.2447
Senado (sem coattail),direita,0.0017
Senado (sem coattail),direita,0.0411
Senado (sem coattail),direita,0.2521
Senado (sem coattail),centro,0.164
Senado (sem coattail),centro-esquerda,-0.0867
Senado (sem coattail),centro-esquerda,-0.0638
Senado (sem coattail),centro-esquerda,0.1247
Senado (sem coattail),centro-esquerda,-0.0861
Senado (sem coattail),centro-esquerda,0.0282
Senado (sem coattail),centro-esquerda,0.2343
Senado (sem coattail),centro-esquerda,-0.4653
Senado (sem coattail),centro-esquerda,-0.2291
Senado (sem coattail),centro-esquerda,0.5703
Senado (sem coattail),direita,-0.0551
Senado (sem coattail),direita,0.3129
Senado (sem coattail),direita,0.0349
Senado (sem coattail),direita,0.1435
Senado (sem coattail),direita,0.3133
Senado (sem coattail),direita,0.1455
Senado (sem coattail),direita,-0.3783
Senado (sem coattail),direita,0.0429
Senado (sem coattail),direita,-0.2643
Senado (sem coattail),direita,-0.302
Senado (sem coattail),direita,0.1899
Senado (sem coattail),direita,0.1139
Senado (sem coattail),direita,0.2175
Senado (sem coattail),direita,0.0873
Senado (sem coattail),direita,-0.1447
Senado (sem coattail),direita,-0.1951
Senado (sem coattail),direita,-0.0421
Senado (sem coattail),direita,0.3225
Senado (sem coattail),direita,0.2565
Senado (sem coattail),direita,0.0519
Senado (sem coattail),direita,0.2165
Senado (sem coattail),direita,0.1099
Senado (sem coattail),direita,0.135
Senado (sem coattail),direita,0.011
Senado (sem coattail),direita,-0.2061
Senado (sem coattail),direita,0.1239
Senado (sem coattail),direita,-0.0655
Senado (sem coattail),direita,0.1989
Senado (sem coattail),direita,-0.266
Senado (sem coattail),centro,0.0602
Senado (sem coattail),centro,0.6055
Senado (sem coattail),centro,-0.306
Senado (sem coattail),centro,0.2185
Senado (sem coattail),centro,-0.0468
Senado (sem coattail),centro,0.2212
Senado (sem coattail),centro,-0.1954
Senado (sem coattail),centro,-0.2425
Senado (sem coattail),centro,-0.0177
Senado (sem coattail),centro,0.0466
Senado (sem coattail),centro,0.0889
Senado (sem coattail),centro,-0.0123
Senado (sem coattail),centro,-0.0638
Senado (sem coattail),centro,-0.0579
Senado (sem coattail),centro,-0.0448
Senado (sem coattail),centro,-0.1258
Senado (sem coattail),centro,-0.0503
Senado (sem coattail),centro,0.4562
Senado (sem coattail),centro,-0.3364
Senado (sem coattail),centro,-0.0177
Senado (sem coattail),centro,-0.2005
Senado (sem coattail),centro,0.0466
Senado (sem coattail),centro,-0.1964
Senado (sem coattail),centro,-0.0312
Senado (sem coattail),centro,0.0303
Senado (sem coattail),centro,-0.0854
Senado (sem coattail),centro,0.2674
Senado (sem coattail),centro,0.0764
Senado (sem coattail),centro,0.4391
Senado (sem coattail),centro,0.1261
Senado (sem coattail),centro-esquerda,-0.1761
Senado (sem coattail),centro-esquerda,-0.3129
Senado (sem coattail),centro-esquerda,0.1014
Senado (sem coattail),centro-esquerda,-0.5177
Senado (sem coattail),centro-esquerda,-0.3499
Senado (sem coattail),centro-esquerda,-0.1239
Senado (sem coattail),centro-esquerda,0.3733
Senado (sem coattail),centro-esquerda,0.4043
Senado (sem coattail),centro,-0.1555
Senado (sem coattail),centro,0.109
Senado (sem coattail),centro,0.2801
Senado (sem coattail),centro,-0.06
Senado (sem coattail),centro,0.0431
Senado (sem coattail),centro,-0.0186
Senado (sem coattail),centro,-0.0605
Senado (sem coattail),centro,-0.1426
Senado (sem coattail),centro,-0.103
Senado (sem coattail),centro,-0.2959
Senado (sem coattail),centro,0.0294
Senado (sem coattail),centro,-0.1692
Senado (sem coattail),centro,0.0201
Senado (sem coattail),centro,-0.6576
Senado (sem coattail),centro,0.1431
Senado (sem coattail),centro,-0.8939
Senado (sem coattail),centro,-0.06
Senado (sem coattail),centro,0.0418
Senado (sem coattail),centro,0.0335
Senado (sem coattail),centro,-0.0256
Senado (sem coattail),centro,0.0431
Senado (sem coattail),centro,0.0872
Senado (sem coattail),centro,0.5974
Senado (sem coattail),centro,0.1367
Senado (sem coattail),centro,-8e-04
Senado (sem coattail),centro,-0.3016
Senado (sem coattail),centro,-0.1136
Senado (sem coattail),centro,0.0872
Senado (sem coattail),centro,0.0776
Senado (sem coattail),centro,-0.6888
Senado (sem coattail),centro,0.022
Senado (sem coattail),centro,-0.5188
Senado (sem coattail),centro,0.2485
Senado (sem coattail),centro,0.0651
Senado (sem coattail),esquerda,-0.023
Senado (sem coattail),esquerda,0.0076
Senado (sem coattail),esquerda,-0.0511
Senado (sem coattail),esquerda,0.0707
Senado (sem coattail),esquerda,-0.0109
Senado (sem coattail),esquerda,0.0131
Senado (sem coattail),esquerda,0.0877
Senado (sem coattail),esquerda,0.028
Senado (sem coattail),esquerda,-0.1626
Senado (sem coattail),esquerda,-0.0923
Senado (sem coattail),esquerda,-0.1503
Senado (sem coattail),esquerda,0.135
Senado (sem coattail),esquerda,-0.1497
Senado (sem coattail),esquerda,-0.1203
Senado (sem coattail),esquerda,-0.1407
Senado (sem coattail),esquerda,-0.0934
Senado (sem coattail),esquerda,-0.2186
Senado (sem coattail),esquerda,0.0707
Senado (sem coattail),esquerda,0.028
Senado (sem coattail),esquerda,-0.1223
Senado (sem coattail),esquerda,-0.0066
Senado (sem coattail),esquerda,0.0131
Senado (sem coattail),esquerda,0.2746
Senado (sem coattail),centro,-0.3065
Senado (sem coattail),centro,-0.2719
Senado (sem coattail),centro,-0.1583
Senado (sem coattail),centro,0.3181
Senado (sem coattail),esquerda,0.5404
Senado (sem coattail),esquerda,-0.2985
Senado (sem coattail),esquerda,-0.1463
Senado (sem coattail),esquerda,0.2789
Senado (sem coattail),esquerda,0.3292
Senado (sem coattail),esquerda,-0.1898
Senado (sem coattail),esquerda,-0.1977
Senado (sem coattail),centro,0.1484
Senado (sem coattail),centro,0.054
Senado (sem coattail),centro,-0.0846
Senado (sem coattail),centro,-0.2684
Senado (sem coattail),centro,0.3169
Senado (sem coattail),centro,-0.3968
Senado (sem coattail),centro,0.0649
Senado (sem coattail),centro,-0.3473
Senado (sem coattail),centro,-0.3298
Senado (sem coattail),centro,-0.2201
Senado (sem coattail),centro,0.3539
Senado (sem coattail),centro,0.4419
Senado (sem coattail),centro,0.1016
Senado (sem coattail),centro,0.3204
Senado (sem coattail),centro,-0.1044
Senado (sem coattail),centro,0.1236
Senado (sem coattail),centro,-0.2662
Senado (sem coattail),centro,0.0917
Senado (sem coattail),centro,-0.0694
Senado (sem coattail),centro,-0.0904
Senado (sem coattail),centro,0.0376
Senado (sem coattail),centro,0.191
Senado (sem coattail),centro,-0.1556
Senado (sem coattail),centro,-0.1599
Senado (sem coattail),centro,0.1125
Senado (sem coattail),centro,0.2185
Senado (sem coattail),centro,0.4347
Senado (sem coattail),centro,-0.1568
Senado (sem coattail),centro,0.0104
Senado (sem coattail),centro,-0.2585
Senado (sem coattail),centro,-0.0257
Senado (sem coattail),centro,-0.0634
Senado (sem coattail),centro,-0.0312
Senado (sem coattail),centro,-0.0369
Senado (sem coattail),centro,0.5382
Senado (sem coattail),centro,0.1735
Senado (sem coattail),centro,0.0422
Senado (sem coattail),centro,-0.0636
Senado (sem coattail),centro,0.3174
Senado (sem coattail),centro,0.0104
Senado (sem coattail),centro,-0.2585
Senado (sem coattail),centro,-0.0257
Senado (sem coattail),centro,-0.1898
Senado (sem coattail),centro,-0.0636
Senado (sem coattail),centro,-0.2506
Senado (sem coattail),centro,0.4353
Senado (sem coattail),centro,0.2235
Senado (sem coattail),centro,-0.1726
Senado (sem coattail),centro,0.2492
Senado (sem coattail),direita,-0.0221
Senado (sem coattail),direita,0.0143
Senado (sem coattail),direita,0.2597
Senado (sem coattail),centro,0.1656
Senado (sem coattail),centro-esquerda,-0.0743
Senado (sem coattail),centro-esquerda,-0.063
Senado (sem coattail),centro-esquerda,0.1236
Senado (sem coattail),centro-esquerda,-0.0895
Senado (sem coattail),centro-esquerda,0.0237
Senado (sem coattail),centro-esquerda,0.2103
Senado (sem coattail),centro-esquerda,-0.4749
Senado (sem coattail),centro-esquerda,-0.1959
Senado (sem coattail),centro-esquerda,0.5571
Senado (sem coattail),direita,-0.0637
Senado (sem coattail),direita,0.3122
Senado (sem coattail),direita,0.0423
Senado (sem coattail),direita,0.1362
Senado (sem coattail),direita,0.3128
Senado (sem coattail),direita,0.1293
Senado (sem coattail),direita,-0.3869
Senado (sem coattail),direita,0.0343
Senado (sem coattail),direita,-0.2452
Senado (sem coattail),direita,-0.2602
Senado (sem coattail),direita,0.1777
Senado (sem coattail),direita,0.0801
Senado (sem coattail),direita,0.2102
Senado (sem coattail),direita,0.0816
Senado (sem coattail),direita,-0.1494
Senado (sem coattail),direita,-0.1758
Senado (sem coattail),direita,-0.0347
Senado (sem coattail),direita,0.3098
Senado (sem coattail),direita,0.2603
Senado (sem coattail),direita,0.0793
Senado (sem coattail),direita,0.2303
Senado (sem coattail),direita,0.1292
Senado (sem coattail),direita,0.1716
Senado (sem coattail),direita,0.0528
Senado (sem coattail),direita,-0.1997
Senado (sem coattail),direita,0.1353
Senado (sem coattail),direita,-0.0617
Senado (sem coattail),direita,0.1966
Senado (sem coattail),direita,-0.2294
Senado (sem coattail),centro,0.0564
Senado (sem coattail),centro,0.5952
Senado (sem coattail),centro,-0.3131
Senado (sem coattail),centro,0.2082
Senado (sem coattail),centro,-0.0519
Senado (sem coattail),centro,0.2143
Senado (sem coattail),centro,-0.1887
Senado (sem coattail),centro,-0.2467
Senado (sem coattail),centro,-0.0287
Senado (sem coattail),centro,0.0472
Senado (sem coattail),centro,0.0877
Senado (sem coattail),centro,0.017
Senado (sem coattail),centro,-0.0618
Senado (sem coattail),centro,-0.0598
Senado (sem coattail),centro,-0.0293
Senado (sem coattail),centro,-0.1175
Senado (sem coattail),centro,-0.0093
Senado (sem coattail),centro,0.4654
Senado (sem coattail),centro,-0.3376
Senado (sem coattail),centro,-0.0287
Senado (sem coattail),centro,-0.2064
Senado (sem coattail),centro,0.0472
Senado (sem coattail),centro,-0.1756
Senado (sem coattail),centro,-0.0316
Senado (sem coattail),centro,0.0219
Senado (sem coattail),centro,-0.0671
Senado (sem coattail),centro,0.2575
Senado (sem coattail),centro,0.0713
Senado (sem coattail),centro,0.4332
Senado (sem coattail),centro,0.08
Senado (sem coattail),centro-esquerda,-0.1609
Senado (sem coattail),centro-esquerda,-0.3201
Senado (sem coattail),centro-esquerda,0.0686
Senado (sem coattail),centro-esquerda,-0.5184
Senado (sem coattail),centro-esquerda,-0.3222
Senado (sem coattail),centro-esquerda,-0.0867
Senado (sem coattail),centro-esquerda,0.3518
Senado (sem coattail),centro-esquerda,0.4038
Senado (sem coattail),centro,-0.1614
Senado (sem coattail),centro,0.1149
Senado (sem coattail),centro,0.2736
Senado (sem coattail),centro,-0.0469
Senado (sem coattail),centro,0.0431
Senado (sem coattail),centro,-0.0161
Senado (sem coattail),centro,-0.0519
Senado (sem coattail),centro,-0.1526
Senado (sem coattail),centro,-0.0974
Senado (sem coattail),centro,-0.3096
Senado (sem coattail),centro,0.0344
Senado (sem coattail),centro,-0.1799
Senado (sem coattail),centro,0.0211
Senado (sem coattail),centro,-0.6556
Senado (sem coattail),centro,0.1503
Senado (sem coattail),centro,-0.9056
Senado (sem coattail),centro,-0.0469
Senado (sem coattail),centro,0.0359
Senado (sem coattail),centro,0.0421
Senado (sem coattail),centro,-0.0304
Senado (sem coattail),centro,0.0431
Senado (sem coattail),centro,0.0997
Senado (sem coattail),centro,0.6036
Senado (sem coattail),centro,0.1337
Senado (sem coattail),centro,0.0117
Senado (sem coattail),centro,-0.3152
Senado (sem coattail),centro,-0.1222
Senado (sem coattail),centro,0.0997
Senado (sem coattail),centro,0.0685
Senado (sem coattail),centro,-0.6757
Senado (sem coattail),centro,0.0192
Senado (sem coattail),centro,-0.4934
Senado (sem coattail),centro,0.2519
Senado (sem coattail),centro,0.0472
Senado (sem coattail),esquerda,-0.0033
Senado (sem coattail),esquerda,-0.0222
Senado (sem coattail),esquerda,-0.0789
Senado (sem coattail),esquerda,0.099
Senado (sem coattail),esquerda,-0.0439
Senado (sem coattail),esquerda,0.0058
Senado (sem coattail),esquerda,0.0858
Senado (sem coattail),esquerda,-0.0129
Senado (sem coattail),esquerda,-0.1263
Senado (sem coattail),esquerda,-0.1159
Senado (sem coattail),esquerda,-0.1159
Senado (sem coattail),esquerda,0.1129
Senado (sem coattail),esquerda,-0.1382
Senado (sem coattail),esquerda,-0.092
Senado (sem coattail),esquerda,-0.1089
Senado (sem coattail),esquerda,-0.0942
Senado (sem coattail),esquerda,-0.1981
Senado (sem coattail),esquerda,0.099
Senado (sem coattail),esquerda,-0.0129
Senado (sem coattail),esquerda,-0.1459
Senado (sem coattail),esquerda,0.0208
Senado (sem coattail),esquerda,0.0058
Senado (sem coattail),esquerda,0.2931
Senado (sem coattail),centro,-0.2955
Senado (sem coattail),centro,-0.2706
Senado (sem coattail),centro,-0.1608
Senado (sem coattail),centro,0.3235
Senado (sem coattail),esquerda,0.5368
Senado (sem coattail),esquerda,-0.2992
Senado (sem coattail),esquerda,-0.1396
Senado (sem coattail),esquerda,0.3135
Senado (sem coattail),esquerda,0.3085
Senado (sem coattail),esquerda,-0.1898
Senado (sem coattail),esquerda,-0.1685
Senado (sem coattail),centro,0.134
Senado (sem coattail),centro,0.0317
Senado (sem coattail),centro,-0.0935
Senado (sem coattail),centro,-0.273
Senado (sem coattail),centro,0.3293
Senado (sem coattail),centro,-0.391
Senado (sem coattail),centro,0.0618
Senado (sem coattail),centro,-0.3507
Senado (sem coattail),centro,-0.3282
Senado (sem coattail),centro,-0.2217
Senado (sem coattail),centro,0.3438
Senado (sem coattail),centro,0.445
Senado (sem coattail),centro,0.1072
Senado (sem coattail),centro,0.313
Senado (sem coattail),centro,-0.108
Senado (sem coattail),centro,0.1223
Senado (sem coattail),centro,-0.2683
Senado (sem coattail),centro,0.1006
Senado (sem coattail),centro,-0.0649
Senado (sem coattail),centro,-0.0996
Senado (sem coattail),centro,0.0354
Senado (sem coattail),centro,0.1918
Senado (sem coattail),centro,-0.1544
Senado (sem coattail),centro,-0.1542
Senado (sem coattail),centro,0.0998
Senado (sem coattail),centro,0.2205
Senado (sem coattail),centro,0.4419
Senado (sem coattail),centro,-0.1411
Senado (sem coattail),centro,0.0124
Senado (sem coattail),centro,-0.2793
Senado (sem coattail),centro,-0.0257
Senado (sem coattail),centro,-0.0537
Senado (sem coattail),centro,-0.0336
Senado (sem coattail),centro,-0.0437
Senado (sem coattail),centro,0.5334
Senado (sem coattail),centro,0.1527
Senado (sem coattail),centro,0.0353
Senado (sem coattail),centro,-0.0697
Senado (sem coattail),centro,0.3191
Senado (sem coattail),centro,0.0124
Senado (sem coattail),centro,-0.2793
Senado (sem coattail),centro,-0.0257
Senado (sem coattail),centro,-0.1948
Senado (sem coattail),centro,-0.0697
Senado (sem coattail),centro,-0.2489
Senado (sem coattail),centro,0.4353
Senado (sem coattail),centro,0.2314
Senado (sem coattail),centro,-0.1708
Senado (sem coattail),centro,0.2391
Senado (sem coattail),direita,-0.0325
Senado (sem coattail),direita,0.0053
Senado (sem coattail),direita,0.2666
Senado (sem coattail),centro,0.1731
Senado (sem coattail),centro-esquerda,-0.0539
Senado (sem coattail),centro-esquerda,-0.056
Senado (sem coattail),centro-esquerda,0.1254
Senado (sem coattail),centro-esquerda,-0.1108
Senado (sem coattail),centro-esquerda,0.0172
Senado (sem coattail),centro-esquerda,0.1884
Senado (sem coattail),centro-esquerda,-0.4816
Senado (sem coattail),centro-esquerda,-0.2286
Senado (sem coattail),centro-esquerda,0.5776
Senado (sem coattail),direita,-0.069
Senado (sem coattail),direita,0.3142
Senado (sem coattail),direita,0.0289
Senado (sem coattail),direita,0.1354
Senado (sem coattail),direita,0.3089
Senado (sem coattail),direita,0.1432
Senado (sem coattail),direita,-0.3736
Senado (sem coattail),direita,0.0324
Senado (sem coattail),direita,-0.257
Senado (sem coattail),direita,-0.2686
Senado (sem coattail),direita,0.202
Senado (sem coattail),direita,0.1039
Senado (sem coattail),direita,0.2049
Senado (sem coattail),direita,0.0829
Senado (sem coattail),direita,-0.1536
Senado (sem coattail),direita,-0.1862
Senado (sem coattail),direita,-0.0208
Senado (sem coattail),direita,0.298
Senado (sem coattail),direita,0.2418
Senado (sem coattail),direita,0.0659
Senado (sem coattail),direita,0.1957
Senado (sem coattail),direita,0.134
Senado (sem coattail),direita,0.1684
Senado (sem coattail),direita,0.0574
Senado (sem coattail),direita,-0.2006
Senado (sem coattail),direita,0.1264
Senado (sem coattail),direita,-0.0751
Senado (sem coattail),direita,0.1924
Senado (sem coattail),direita,-0.2453
Senado (sem coattail),centro,0.0407
Senado (sem coattail),centro,0.6085
Senado (sem coattail),centro,-0.3243
Senado (sem coattail),centro,0.2165
Senado (sem coattail),centro,-0.0443
Senado (sem coattail),centro,0.2207
Senado (sem coattail),centro,-0.1757
Senado (sem coattail),centro,-0.2337
Senado (sem coattail),centro,-0.0305
Senado (sem coattail),centro,0.0405
Senado (sem coattail),centro,0.0736
Senado (sem coattail),centro,0.0085
Senado (sem coattail),centro,-0.0556
Senado (sem coattail),centro,-0.037
Senado (sem coattail),centro,-0.0495
Senado (sem coattail),centro,-0.1046
Senado (sem coattail),centro,-0.0144
Senado (sem coattail),centro,0.4735
Senado (sem coattail),centro,-0.3233
Senado (sem coattail),centro,-0.0305
Senado (sem coattail),centro,-0.2077
Senado (sem coattail),centro,0.0405
Senado (sem coattail),centro,-0.1775
Senado (sem coattail),centro,-0.0447
Senado (sem coattail),centro,0.028
Senado (sem coattail),centro,-0.0732
Senado (sem coattail),centro,0.2975
Senado (sem coattail),centro,0.1182
Senado (sem coattail),centro,0.4682
Senado (sem coattail),centro,0.1176
Senado (sem coattail),centro-esquerda,-0.1595
Senado (sem coattail),centro-esquerda,-0.3093
Senado (sem coattail),centro-esquerda,0.0741
Senado (sem coattail),centro-esquerda,-0.5262
Senado (sem coattail),centro-esquerda,-0.3571
Senado (sem coattail),centro-esquerda,-0.1051
Senado (sem coattail),centro-esquerda,0.3429
Senado (sem coattail),centro-esquerda,0.4134
Senado (sem coattail),centro,-0.1636
Senado (sem coattail),centro,0.1352
Senado (sem coattail),centro,0.2807
Senado (sem coattail),centro,-0.0529
Senado (sem coattail),centro,0.0427
Senado (sem coattail),centro,-0.0133
Senado (sem coattail),centro,-0.0459
Senado (sem coattail),centro,-0.1471
Senado (sem coattail),centro,-0.0951
Senado (sem coattail),centro,-0.2955
Senado (sem coattail),centro,0.0331
Senado (sem coattail),centro,-0.1723
Senado (sem coattail),centro,0.0238
Senado (sem coattail),centro,-0.6553
Senado (sem coattail),centro,0.1445
Senado (sem coattail),centro,-0.9108
Senado (sem coattail),centro,-0.0529
Senado (sem coattail),centro,0.0371
Senado (sem coattail),centro,0.0515
Senado (sem coattail),centro,-0.0202
Senado (sem coattail),centro,0.0427
Senado (sem coattail),centro,0.1018
Senado (sem coattail),centro,0.5966
Senado (sem coattail),centro,0.1408
Senado (sem coattail),centro,0.0052
Senado (sem coattail),centro,-0.3024
Senado (sem coattail),centro,-0.115
Senado (sem coattail),centro,0.1018
Senado (sem coattail),centro,0.0792
Senado (sem coattail),centro,-0.6681
Senado (sem coattail),centro,0.033
Senado (sem coattail),centro,-0.48
Senado (sem coattail),centro,0.2612
Senado (sem coattail),centro,0.0645
Senado (sem coattail),esquerda,0.0097
Senado (sem coattail),esquerda,-0.0217
Senado (sem coattail),esquerda,-0.0638
Senado (sem coattail),esquerda,0.0996
Senado (sem coattail),esquerda,-0.0246
Senado (sem coattail),esquerda,0.0267
Senado (sem coattail),esquerda,0.1147
Senado (sem coattail),esquerda,0.0276
Senado (sem coattail),esquerda,-0.1331
Senado (sem coattail),esquerda,-0.0653
Senado (sem coattail),esquerda,-0.1243
Senado (sem coattail),esquerda,0.1134
Senado (sem coattail),esquerda,-0.1332
Senado (sem coattail),esquerda,-0.1012
Senado (sem coattail),esquerda,-0.1422
Senado (sem coattail),esquerda,-0.1003
Senado (sem coattail),esquerda,-0.2042
Senado (sem coattail),esquerda,0.0996
Senado (sem coattail),esquerda,0.0276
Senado (sem coattail),esquerda,-0.1317
Senado (sem coattail),esquerda,0.0457
Senado (sem coattail),esquerda,0.0267
Senado (sem coattail),esquerda,0.2828
Senado (sem coattail),centro,-0.3131
Senado (sem coattail),centro,-0.2894
Senado (sem coattail),centro,-0.1511
Senado (sem coattail),centro,0.319
Senado (sem coattail),esquerda,0.5616
Senado (sem coattail),esquerda,-0.2891
Senado (sem coattail),esquerda,-0.0934
Senado (sem coattail),esquerda,0.3356
Senado (sem coattail),esquerda,0.3367
Senado (sem coattail),esquerda,-0.2069
Senado (sem coattail),esquerda,-0.1993
Senado (sem coattail),centro,0.1375
Senado (sem coattail),centro,0.028
Senado (sem coattail),centro,-0.101
Senado (sem coattail),centro,-0.284
Senado (sem coattail),centro,0.3355
Senado (sem coattail),centro,-0.3906
Senado (sem coattail),centro,0.0598
Senado (sem coattail),centro,-0.3625
Senado (sem coattail),centro,-0.3035
Senado (sem coattail),centro,-0.2015
Senado (sem coattail),centro,0.3545
Senado (sem coattail),centro,0.4508
Senado (sem coattail),centro,0.1013
Senado (sem coattail),centro,0.3209
Senado (sem coattail),centro,-0.1083
Senado (sem coattail),centro,0.1272
Senado (sem coattail),centro,-0.2678
Senado (sem coattail),centro,0.0963
Senado (sem coattail),centro,-0.0607
Senado (sem coattail),centro,-0.0861
Senado (sem coattail),centro,0.0516
